{"source": "wmc:28.0 dit:1.0 noc:0.0 cbo:32.0 rfc:82.0 lcom:374.0 ca:26.0 ce:7.0 npm:24.0 lcom3:1.012345679 loc:926.0 dam:0.166666667 moa:0.0 mfa:0.0 cam:0.226337449 ic:0.0 cbm:0.0 amc:31.64285714 max_cc:23.0 avg_cc:2.6786", "target": "1"}
{"source": "wmc:6.0 dit:1.0 noc:2.0 cbo:3.0 rfc:7.0 lcom:3.0 ca:2.0 ce:1.0 npm:4.0 lcom3:0.6 loc:36.0 dam:1.0 moa:0.0 mfa:0.0 cam:0.444444444 ic:0.0 cbm:0.0 amc:4.666666667 max_cc:1.0 avg_cc:0.6667", "target": "0"}
{"source": "wmc:4.0 dit:2.0 noc:0.0 cbo:5.0 rfc:6.0 lcom:4.0 ca:1.0 ce:4.0 npm:2.0 lcom3:0.666666667 loc:21.0 dam:1.0 moa:1.0 mfa:0.5 cam:0.5 ic:0.0 cbm:0.0 amc:4.0 max_cc:1.0 avg_cc:0.5", "target": "0"}
{"source": "wmc:4.0 dit:1.0 noc:0.0 cbo:9.0 rfc:4.0 lcom:6.0 ca:9.0 ce:0.0 npm:4.0 lcom3:2.0 loc:4.0 dam:0.0 moa:0.0 mfa:0.0 cam:0.666666667 ic:0.0 cbm:0.0 amc:0.0 max_cc:1.0 avg_cc:1.0", "target": "0"}
{"source": "wmc:1.0 dit:1.0 noc:0.0 cbo:8.0 rfc:1.0 lcom:0.0 ca:6.0 ce:2.0 npm:1.0 lcom3:2.0 loc:1.0 dam:0.0 moa:0.0 mfa:0.0 cam:1.0 ic:0.0 cbm:0.0 amc:0.0 max_cc:1.0 avg_cc:1.0", "target": "0"}
{"source": "wmc:23.0 dit:2.0 noc:0.0 cbo:150.0 rfc:67.0 lcom:235.0 ca:147.0 ce:5.0 npm:20.0 lcom3:0.852272727 loc:653.0 dam:0.75 moa:1.0 mfa:0.28 cam:0.28030303 ic:1.0 cbm:1.0 amc:26.86956522 max_cc:9.0 avg_cc:1.8696", "target": "1"}
{"source": "wmc:5.0 dit:1.0 noc:0.0 cbo:8.0 rfc:26.0 lcom:0.0 ca:1.0 ce:7.0 npm:4.0 lcom3:0.625 loc:127.0 dam:1.0 moa:2.0 mfa:0.0 cam:0.314285714 ic:0.0 cbm:0.0 amc:23.6 max_cc:4.0 avg_cc:1.6", "target": "0"}
{"source": "wmc:25.0 dit:4.0 noc:0.0 cbo:18.0 rfc:73.0 lcom:200.0 ca:1.0 ce:0.0 npm:18.0 lcom3:0.854166667 loc:666.0 dam:1.0 moa:0.0 mfa:0.736263736 cam:0.38 ic:0.0 cbm:0.0 amc:25.32 max_cc:13.0 avg_cc:1.92", "target": "1"}
{"source": "wmc:7.0 dit:1.0 noc:0.0 cbo:2.0 rfc:13.0 lcom:0.0 ca:1.0 ce:1.0 npm:7.0 lcom3:0.694444444 loc:86.0 dam:1.0 moa:0.0 mfa:0.0 cam:0.571428571 ic:0.0 cbm:0.0 amc:10.42857143 max_cc:1.0 avg_cc:0.8571", "target": "0"}
{"source": "wmc:21.0 dit:1.0 noc:0.0 cbo:7.0 rfc:22.0 lcom:154.0 ca:5.0 ce:2.0 npm:21.0 lcom3:0.905 loc:141.0 dam:1.0 moa:2.0 mfa:0.0 cam:0.18452381 ic:0.0 cbm:0.0 amc:5.238095238 max_cc:1.0 avg_cc:0.9524", "target": "0"}
{"source": "wmc:2.0 dit:2.0 noc:0.0 cbo:2.0 rfc:4.0 lcom:1.0 ca:1.0 ce:1.0 npm:2.0 lcom3:2.0 loc:11.0 dam:0.0 moa:0.0 mfa:0.666666667 cam:0.666666667 ic:1.0 cbm:1.0 amc:4.5 max_cc:1.0 avg_cc:0.5", "target": "0"}
{"source": "wmc:8.0 dit:1.0 noc:0.0 cbo:10.0 rfc:21.0 lcom:28.0 ca:5.0 ce:5.0 npm:7.0 lcom3:2.0 loc:130.0 dam:0.0 moa:0.0 mfa:0.0 cam:0.3125 ic:0.0 cbm:0.0 amc:15.25 max_cc:5.0 avg_cc:2.625", "target": "0"}
{"source": "wmc:32.0 dit:4.0 noc:0.0 cbo:16.0 rfc:81.0 lcom:406.0 ca:2.0 ce:0.0 npm:27.0 lcom3:0.925558313 loc:504.0 dam:1.0 moa:0.0 mfa:0.683673469 cam:0.3 ic:1.0 cbm:3.0 amc:14.34375 max_cc:1.0 avg_cc:0.9688", "target": "0"}
{"source": "wmc:13.0 dit:1.0 noc:2.0 cbo:4.0 rfc:44.0 lcom:70.0 ca:2.0 ce:2.0 npm:9.0 lcom3:0.833333333 loc:208.0 dam:1.0 moa:0.0 mfa:0.0 cam:0.5625 ic:0.0 cbm:0.0 amc:14.84615385 max_cc:1.0 avg_cc:0.8462", "target": "0"}
{"source": "wmc:19.0 dit:1.0 noc:0.0 cbo:8.0 rfc:42.0 lcom:99.0 ca:2.0 ce:7.0 npm:3.0 lcom3:0.788888889 loc:329.0 dam:1.0 moa:1.0 mfa:0.0 cam:0.263157895 ic:0.0 cbm:0.0 amc:16.05263158 max_cc:5.0 avg_cc:1.5789", "target": "1"}
{"source": "wmc:2.0 dit:1.0 noc:0.0 cbo:6.0 rfc:21.0 lcom:1.0 ca:3.0 ce:3.0 npm:1.0 lcom3:2.0 loc:144.0 dam:0.0 moa:0.0 mfa:0.0 cam:0.5 ic:0.0 cbm:0.0 amc:71.0 max_cc:10.0 avg_cc:5.0", "target": "0"}
{"source": "wmc:1.0 dit:1.0 noc:0.0 cbo:4.0 rfc:1.0 lcom:0.0 ca:2.0 ce:2.0 npm:1.0 lcom3:2.0 loc:1.0 dam:0.0 moa:0.0 mfa:0.0 cam:1.0 ic:0.0 cbm:0.0 amc:0.0 max_cc:1.0 avg_cc:1.0", "target": "0"}
{"source": "wmc:25.0 dit:1.0 noc:0.0 cbo:10.0 rfc:58.0 lcom:234.0 ca:6.0 ce:4.0 npm:23.0 lcom3:0.591666667 loc:257.0 dam:1.0 moa:1.0 mfa:0.0 cam:0.32 ic:0.0 cbm:0.0 amc:9.08 max_cc:2.0 avg_cc:1.16", "target": "0"}
{"source": "wmc:8.0 dit:1.0 noc:0.0 cbo:12.0 rfc:29.0 lcom:0.0 ca:7.0 ce:5.0 npm:8.0 lcom3:0.0 loc:126.0 dam:1.0 moa:1.0 mfa:0.0 cam:0.416666667 ic:0.0 cbm:0.0 amc:14.625 max_cc:1.0 avg_cc:0.875", "target": "0"}
{"source": "wmc:5.0 dit:1.0 noc:1.0 cbo:26.0 rfc:11.0 lcom:0.0 ca:24.0 ce:2.0 npm:5.0 lcom3:0.375 loc:41.0 dam:1.0 moa:1.0 mfa:0.0 cam:0.466666667 ic:0.0 cbm:0.0 amc:6.8 max_cc:1.0 avg_cc:0.8", "target": "0"}
{"source": "wmc:3.0 dit:1.0 noc:2.0 cbo:7.0 rfc:8.0 lcom:3.0 ca:7.0 ce:0.0 npm:3.0 lcom3:2.0 loc:34.0 dam:0.0 moa:0.0 mfa:0.0 cam:0.777777778 ic:0.0 cbm:0.0 amc:10.33333333 max_cc:1.0 avg_cc:0.6667", "target": "0"}
{"source": "wmc:4.0 dit:3.0 noc:0.0 cbo:6.0 rfc:10.0 lcom:4.0 ca:1.0 ce:5.0 npm:1.0 lcom3:0.666666667 loc:27.0 dam:1.0 moa:1.0 mfa:0.714285714 cam:0.5 ic:1.0 cbm:1.0 amc:5.5 max_cc:1.0 avg_cc:0.5", "target": "0"}
{"source": "wmc:5.0 dit:1.0 noc:1.0 cbo:6.0 rfc:6.0 lcom:0.0 ca:5.0 ce:1.0 npm:5.0 lcom3:0.5 loc:32.0 dam:1.0 moa:1.0 mfa:0.0 cam:0.466666667 ic:0.0 cbm:0.0 amc:5.0 max_cc:1.0 avg_cc:0.8", "target": "0"}
{"source": "wmc:2.0 dit:1.0 noc:0.0 cbo:4.0 rfc:3.0 lcom:1.0 ca:4.0 ce:1.0 npm:1.0 lcom3:1.0 loc:8.0 dam:0.0 moa:1.0 mfa:0.0 cam:1.0 ic:0.0 cbm:0.0 amc:2.5 max_cc:1.0 avg_cc:0.5", "target": "0"}
{"source": "wmc:1.0 dit:1.0 noc:0.0 cbo:4.0 rfc:1.0 lcom:0.0 ca:3.0 ce:1.0 npm:1.0 lcom3:2.0 loc:1.0 dam:0.0 moa:0.0 mfa:0.0 cam:1.0 ic:0.0 cbm:0.0 amc:0.0 max_cc:1.0 avg_cc:1.0", "target": "0"}
{"source": "wmc:10.0 dit:1.0 noc:0.0 cbo:27.0 rfc:19.0 lcom:15.0 ca:25.0 ce:2.0 npm:10.0 lcom3:0.755555556 loc:138.0 dam:1.0 moa:1.0 mfa:0.0 cam:0.233333333 ic:1.0 cbm:1.0 amc:12.3 max_cc:6.0 avg_cc:1.9", "target": "0"}
{"source": "wmc:12.0 dit:5.0 noc:0.0 cbo:3.0 rfc:25.0 lcom:66.0 ca:0.0 ce:0.0 npm:12.0 lcom3:2.0 loc:67.0 dam:0.0 moa:0.0 mfa:0.938888889 cam:0.472222222 ic:1.0 cbm:1.0 amc:4.583333333 max_cc:1.0 avg_cc:0.9167", "target": "0"}
{"source": "wmc:5.0 dit:1.0 noc:0.0 cbo:14.0 rfc:21.0 lcom:0.0 ca:11.0 ce:3.0 npm:5.0 lcom3:0.0 loc:75.0 dam:1.0 moa:0.0 mfa:0.0 cam:0.4 ic:0.0 cbm:0.0 amc:13.8 max_cc:2.0 avg_cc:1.0", "target": "0"}
{"source": "wmc:54.0 dit:2.0 noc:0.0 cbo:17.0 rfc:137.0 lcom:1241.0 ca:7.0 ce:0.0 npm:16.0 lcom3:0.943951165 loc:1589.0 dam:1.0 moa:1.0 mfa:0.277777778 cam:0.205450734 ic:0.0 cbm:0.0 amc:27.7962963 max_cc:5.0 avg_cc:1.2037", "target": "0"}
{"source": "wmc:5.0 dit:3.0 noc:0.0 cbo:4.0 rfc:9.0 lcom:2.0 ca:1.0 ce:3.0 npm:5.0 lcom3:0.85 loc:61.0 dam:0.8 moa:0.0 mfa:0.777777778 cam:0.333333333 ic:0.0 cbm:0.0 amc:10.2 max_cc:1.0 avg_cc:0.8", "target": "0"}
{"source": "wmc:37.0 dit:6.0 noc:0.0 cbo:26.0 rfc:120.0 lcom:570.0 ca:2.0 ce:26.0 npm:24.0 lcom3:0.848765432 loc:1123.0 dam:0.666666667 moa:0.0 mfa:0.825242718 cam:0.12012012 ic:4.0 cbm:18.0 amc:29.10810811 max_cc:9.0 avg_cc:2.5676", "target": "1"}
{"source": "wmc:10.0 dit:1.0 noc:3.0 cbo:9.0 rfc:15.0 lcom:29.0 ca:3.0 ce:6.0 npm:8.0 lcom3:0.777777778 loc:67.0 dam:1.0 moa:1.0 mfa:0.0 cam:0.65 ic:0.0 cbm:0.0 amc:5.3 max_cc:2.0 avg_cc:1.0", "target": "0"}
{"source": "wmc:8.0 dit:2.0 noc:0.0 cbo:6.0 rfc:32.0 lcom:20.0 ca:0.0 ce:6.0 npm:4.0 lcom3:0.5 loc:221.0 dam:1.0 moa:0.0 mfa:0.461538462 cam:0.4 ic:0.0 cbm:0.0 amc:26.375 max_cc:5.0 avg_cc:2.0", "target": "0"}
{"source": "wmc:2.0 dit:2.0 noc:2.0 cbo:4.0 rfc:5.0 lcom:0.0 ca:2.0 ce:2.0 npm:1.0 lcom3:0.0 loc:19.0 dam:1.0 moa:1.0 mfa:0.923076923 cam:0.625 ic:0.0 cbm:0.0 amc:8.0 max_cc:1.0 avg_cc:0.5", "target": "0"}
{"source": "wmc:20.0 dit:1.0 noc:0.0 cbo:8.0 rfc:29.0 lcom:108.0 ca:5.0 ce:3.0 npm:20.0 lcom3:0.809210526 loc:188.0 dam:1.0 moa:1.0 mfa:0.0 cam:0.235714286 ic:0.0 cbm:0.0 amc:8.0 max_cc:1.0 avg_cc:0.9", "target": "0"}
{"source": "wmc:3.0 dit:1.0 noc:2.0 cbo:3.0 rfc:4.0 lcom:1.0 ca:2.0 ce:1.0 npm:2.0 lcom3:0.0 loc:16.0 dam:1.0 moa:0.0 mfa:0.0 cam:0.666666667 ic:0.0 cbm:0.0 amc:4.0 max_cc:1.0 avg_cc:0.6667", "target": "0"}
{"source": "wmc:3.0 dit:1.0 noc:0.0 cbo:9.0 rfc:23.0 lcom:0.0 ca:1.0 ce:8.0 npm:2.0 lcom3:0.0 loc:125.0 dam:1.0 moa:2.0 mfa:0.0 cam:0.444444444 ic:0.0 cbm:0.0 amc:39.66666667 max_cc:1.0 avg_cc:0.6667", "target": "0"}
{"source": "wmc:8.0 dit:1.0 noc:0.0 cbo:32.0 rfc:104.0 lcom:8.0 ca:4.0 ce:29.0 npm:3.0 lcom3:0.80952381 loc:955.0 dam:1.0 moa:2.0 mfa:0.0 cam:0.3125 ic:0.0 cbm:0.0 amc:118.0 max_cc:4.0 avg_cc:1.5", "target": "1"}
{"source": "wmc:8.0 dit:2.0 noc:0.0 cbo:16.0 rfc:52.0 lcom:16.0 ca:2.0 ce:0.0 npm:5.0 lcom3:0.666666667 loc:336.0 dam:1.0 moa:1.0 mfa:0.740740741 cam:0.46875 ic:1.0 cbm:1.0 amc:40.625 max_cc:2.0 avg_cc:1.0", "target": "0"}
{"source": "wmc:7.0 dit:3.0 noc:0.0 cbo:5.0 rfc:20.0 lcom:9.0 ca:3.0 ce:4.0 npm:5.0 lcom3:0.733333333 loc:110.0 dam:1.0 moa:0.0 mfa:0.583333333 cam:0.333333333 ic:0.0 cbm:0.0 amc:14.0 max_cc:3.0 avg_cc:1.0", "target": "0"}
{"source": "wmc:3.0 dit:5.0 noc:2.0 cbo:16.0 rfc:38.0 lcom:3.0 ca:2.0 ce:0.0 npm:1.0 lcom3:2.0 loc:159.0 dam:0.0 moa:0.0 mfa:0.981132075 cam:1.0 ic:0.0 cbm:0.0 amc:52.0 max_cc:1.0 avg_cc:0.6667", "target": "0"}
{"source": "wmc:5.0 dit:6.0 noc:0.0 cbo:6.0 rfc:24.0 lcom:2.0 ca:0.0 ce:0.0 npm:5.0 lcom3:0.625 loc:88.0 dam:1.0 moa:0.0 mfa:0.963636364 cam:0.7 ic:2.0 cbm:2.0 amc:16.2 max_cc:1.0 avg_cc:0.8", "target": "0"}
{"source": "wmc:9.0 dit:3.0 noc:0.0 cbo:20.0 rfc:71.0 lcom:36.0 ca:1.0 ce:20.0 npm:5.0 lcom3:2.0 loc:476.0 dam:0.0 moa:0.0 mfa:0.631578947 cam:0.296296296 ic:0.0 cbm:0.0 amc:51.88888889 max_cc:9.0 avg_cc:3.1111", "target": "0"}
{"source": "wmc:16.0 dit:1.0 noc:0.0 cbo:27.0 rfc:123.0 lcom:120.0 ca:5.0 ce:23.0 npm:2.0 lcom3:2.0 loc:1851.0 dam:0.0 moa:0.0 mfa:0.0 cam:0.204545455 ic:0.0 cbm:0.0 amc:114.6875 max_cc:20.0 avg_cc:5.9375", "target": "0"}
{"source": "wmc:4.0 dit:1.0 noc:0.0 cbo:5.0 rfc:22.0 lcom:6.0 ca:3.0 ce:2.0 npm:3.0 lcom3:2.0 loc:100.0 dam:0.0 moa:0.0 mfa:0.0 cam:0.416666667 ic:0.0 cbm:0.0 amc:24.0 max_cc:3.0 avg_cc:2.0", "target": "0"}
{"source": "wmc:23.0 dit:5.0 noc:1.0 cbo:10.0 rfc:74.0 lcom:189.0 ca:1.0 ce:9.0 npm:14.0 lcom3:0.806818182 loc:608.0 dam:1.0 moa:0.0 mfa:0.889473684 cam:0.233766234 ic:3.0 cbm:4.0 amc:25.08695652 max_cc:8.0 avg_cc:1.5652", "target": "0"}
{"source": "wmc:7.0 dit:1.0 noc:0.0 cbo:7.0 rfc:34.0 lcom:15.0 ca:1.0 ce:6.0 npm:2.0 lcom3:0.75 loc:288.0 dam:0.5 moa:1.0 mfa:0.0 cam:0.333333333 ic:0.0 cbm:0.0 amc:39.85714286 max_cc:5.0 avg_cc:1.5714", "target": "0"}
{"source": "wmc:10.0 dit:4.0 noc:0.0 cbo:10.0 rfc:38.0 lcom:3.0 ca:1.0 ce:0.0 npm:9.0 lcom3:0.666666667 loc:207.0 dam:1.0 moa:0.0 mfa:0.881578947 cam:0.65 ic:1.0 cbm:1.0 amc:19.3 max_cc:2.0 avg_cc:1.0", "target": "0"}
{"source": "wmc:3.0 dit:2.0 noc:0.0 cbo:4.0 rfc:19.0 lcom:0.0 ca:1.0 ce:3.0 npm:3.0 lcom3:0.0 loc:57.0 dam:1.0 moa:0.0 mfa:0.75 cam:0.5 ic:0.0 cbm:0.0 amc:17.66666667 max_cc:2.0 avg_cc:1.0", "target": "0"}
{"source": "wmc:1.0 dit:1.0 noc:0.0 cbo:5.0 rfc:1.0 lcom:0.0 ca:3.0 ce:2.0 npm:1.0 lcom3:2.0 loc:1.0 dam:0.0 moa:0.0 mfa:0.0 cam:1.0 ic:0.0 cbm:0.0 amc:0.0 max_cc:1.0 avg_cc:1.0", "target": "0"}
{"source": "wmc:11.0 dit:1.0 noc:0.0 cbo:4.0 rfc:25.0 lcom:23.0 ca:3.0 ce:1.0 npm:7.0 lcom3:0.766666667 loc:215.0 dam:1.0 moa:0.0 mfa:0.0 cam:0.242424242 ic:0.0 cbm:0.0 amc:18.0 max_cc:3.0 avg_cc:1.0909", "target": "0"}
{"source": "wmc:4.0 dit:1.0 noc:0.0 cbo:2.0 rfc:6.0 lcom:6.0 ca:1.0 ce:1.0 npm:3.0 lcom3:1.0 loc:23.0 dam:0.0 moa:1.0 mfa:0.0 cam:0.666666667 ic:0.0 cbm:0.0 amc:4.5 max_cc:2.0 avg_cc:0.75", "target": "0"}
{"source": "wmc:11.0 dit:1.0 noc:0.0 cbo:2.0 rfc:15.0 lcom:17.0 ca:2.0 ce:0.0 npm:11.0 lcom3:0.725 loc:95.0 dam:1.0 moa:0.0 mfa:0.0 cam:0.727272727 ic:0.0 cbm:0.0 amc:7.272727273 max_cc:2.0 avg_cc:0.9091", "target": "0"}
{"source": "wmc:18.0 dit:1.0 noc:0.0 cbo:23.0 rfc:83.0 lcom:151.0 ca:18.0 ce:5.0 npm:15.0 lcom3:0.970588235 loc:638.0 dam:1.0 moa:0.0 mfa:0.0 cam:0.194117647 ic:0.0 cbm:0.0 amc:34.33333333 max_cc:5.0 avg_cc:1.5556", "target": "0"}
{"source": "wmc:11.0 dit:5.0 noc:2.0 cbo:7.0 rfc:27.0 lcom:49.0 ca:2.0 ce:0.0 npm:10.0 lcom3:0.8 loc:85.0 dam:1.0 moa:0.0 mfa:0.944134078 cam:0.345454545 ic:2.0 cbm:2.0 amc:6.636363636 max_cc:2.0 avg_cc:1.0", "target": "0"}
{"source": "wmc:4.0 dit:2.0 noc:0.0 cbo:4.0 rfc:13.0 lcom:0.0 ca:1.0 ce:0.0 npm:3.0 lcom3:0.333333333 loc:41.0 dam:1.0 moa:1.0 mfa:0.8125 cam:0.583333333 ic:1.0 cbm:2.0 amc:9.0 max_cc:1.0 avg_cc:0.75", "target": "0"}
{"source": "wmc:12.0 dit:2.0 noc:0.0 cbo:7.0 rfc:29.0 lcom:30.0 ca:2.0 ce:5.0 npm:11.0 lcom3:0.757575758 loc:171.0 dam:1.0 moa:1.0 mfa:0.388888889 cam:0.25 ic:1.0 cbm:1.0 amc:12.75 max_cc:2.0 avg_cc:1.1667", "target": "0"}
{"source": "wmc:5.0 dit:5.0 noc:0.0 cbo:6.0 rfc:15.0 lcom:10.0 ca:3.0 ce:3.0 npm:5.0 lcom3:2.0 loc:48.0 dam:0.0 moa:0.0 mfa:1.0 cam:0.5 ic:0.0 cbm:0.0 amc:8.6 max_cc:0.0 avg_cc:0.0", "target": "0"}
{"source": "wmc:35.0 dit:4.0 noc:0.0 cbo:16.0 rfc:103.0 lcom:429.0 ca:0.0 ce:0.0 npm:28.0 lcom3:0.894117647 loc:824.0 dam:0.933333333 moa:1.0 mfa:0.663366337 cam:0.314285714 ic:2.0 cbm:4.0 amc:22.11428571 max_cc:2.0 avg_cc:1.0", "target": "1"}
{"source": "wmc:11.0 dit:1.0 noc:0.0 cbo:6.0 rfc:19.0 lcom:1.0 ca:5.0 ce:2.0 npm:11.0 lcom3:0.45 loc:67.0 dam:1.0 moa:1.0 mfa:0.0 cam:0.318181818 ic:0.0 cbm:0.0 amc:4.909090909 max_cc:1.0 avg_cc:0.9091", "target": "0"}
{"source": "wmc:74.0 dit:1.0 noc:0.0 cbo:40.0 rfc:190.0 lcom:2181.0 ca:13.0 ce:30.0 npm:72.0 lcom3:0.882990868 loc:1443.0 dam:1.0 moa:8.0 mfa:0.0 cam:0.067567568 ic:0.0 cbm:0.0 amc:18.17567568 max_cc:6.0 avg_cc:1.4189", "target": "1"}
{"source": "wmc:9.0 dit:2.0 noc:0.0 cbo:19.0 rfc:39.0 lcom:34.0 ca:8.0 ce:13.0 npm:5.0 lcom3:0.9375 loc:178.0 dam:0.5 moa:1.0 mfa:0.3 cam:0.328125 ic:1.0 cbm:1.0 amc:18.55555556 max_cc:1.0 avg_cc:0.7778", "target": "1"}
{"source": "wmc:13.0 dit:1.0 noc:7.0 cbo:28.0 rfc:37.0 lcom:44.0 ca:23.0 ce:6.0 npm:6.0 lcom3:0.555555556 loc:172.0 dam:1.0 moa:1.0 mfa:0.0 cam:0.201923077 ic:1.0 cbm:1.0 amc:12.0 max_cc:5.0 avg_cc:1.2308", "target": "0"}
{"source": "wmc:5.0 dit:1.0 noc:1.0 cbo:3.0 rfc:13.0 lcom:4.0 ca:1.0 ce:2.0 npm:5.0 lcom3:0.5 loc:48.0 dam:1.0 moa:0.0 mfa:0.0 cam:0.4 ic:0.0 cbm:0.0 amc:8.4 max_cc:3.0 avg_cc:1.2", "target": "0"}
{"source": "wmc:4.0 dit:1.0 noc:0.0 cbo:11.0 rfc:17.0 lcom:4.0 ca:8.0 ce:3.0 npm:2.0 lcom3:0.666666667 loc:77.0 dam:0.0 moa:1.0 mfa:0.0 cam:0.333333333 ic:0.0 cbm:0.0 amc:18.0 max_cc:4.0 avg_cc:1.75", "target": "0"}
{"source": "wmc:9.0 dit:1.0 noc:0.0 cbo:83.0 rfc:9.0 lcom:36.0 ca:80.0 ce:3.0 npm:9.0 lcom3:2.0 loc:9.0 dam:0.0 moa:0.0 mfa:0.0 cam:1.0 ic:0.0 cbm:0.0 amc:0.0 max_cc:1.0 avg_cc:1.0", "target": "0"}
{"source": "wmc:7.0 dit:6.0 noc:0.0 cbo:3.0 rfc:22.0 lcom:21.0 ca:0.0 ce:0.0 npm:7.0 lcom3:2.0 loc:68.0 dam:0.0 moa:0.0 mfa:0.967567568 cam:0.857142857 ic:1.0 cbm:1.0 amc:8.714285714 max_cc:3.0 avg_cc:1.1429", "target": "0"}
{"source": "wmc:15.0 dit:2.0 noc:0.0 cbo:9.0 rfc:40.0 lcom:77.0 ca:3.0 ce:7.0 npm:12.0 lcom3:0.666666667 loc:286.0 dam:1.0 moa:1.0 mfa:0.606060606 cam:0.5 ic:1.0 cbm:1.0 amc:17.86666667 max_cc:2.0 avg_cc:0.9333", "target": "0"}
{"source": "wmc:27.0 dit:1.0 noc:0.0 cbo:33.0 rfc:78.0 lcom:219.0 ca:23.0 ce:13.0 npm:24.0 lcom3:0.737179487 loc:394.0 dam:1.0 moa:5.0 mfa:0.0 cam:0.150997151 ic:0.0 cbm:0.0 amc:13.37037037 max_cc:4.0 avg_cc:1.2593", "target": "0"}
{"source": "wmc:31.0 dit:1.0 noc:0.0 cbo:97.0 rfc:31.0 lcom:465.0 ca:84.0 ce:16.0 npm:31.0 lcom3:1.033333333 loc:33.0 dam:0.0 moa:0.0 mfa:0.0 cam:0.132258065 ic:0.0 cbm:0.0 amc:0.0 max_cc:1.0 avg_cc:1.0", "target": "0"}
{"source": "wmc:9.0 dit:2.0 noc:0.0 cbo:17.0 rfc:28.0 lcom:22.0 ca:9.0 ce:8.0 npm:7.0 lcom3:0.5 loc:127.0 dam:1.0 moa:1.0 mfa:0.3 cam:0.25 ic:1.0 cbm:1.0 amc:12.88888889 max_cc:2.0 avg_cc:1.0", "target": "0"}
{"source": "wmc:37.0 dit:4.0 noc:0.0 cbo:19.0 rfc:107.0 lcom:526.0 ca:0.0 ce:0.0 npm:30.0 lcom3:0.909259259 loc:659.0 dam:0.933333333 moa:0.0 mfa:0.650485437 cam:0.32972973 ic:2.0 cbm:3.0 amc:16.40540541 max_cc:3.0 avg_cc:1.027", "target": "0"}
{"source": "wmc:2.0 dit:1.0 noc:0.0 cbo:3.0 rfc:16.0 lcom:1.0 ca:2.0 ce:1.0 npm:1.0 lcom3:2.0 loc:98.0 dam:0.0 moa:0.0 mfa:0.0 cam:0.5 ic:0.0 cbm:0.0 amc:48.0 max_cc:7.0 avg_cc:3.5", "target": "0"}
{"source": "wmc:15.0 dit:4.0 noc:0.0 cbo:13.0 rfc:64.0 lcom:57.0 ca:0.0 ce:0.0 npm:14.0 lcom3:0.821428571 loc:411.0 dam:1.0 moa:0.0 mfa:0.827160494 cam:0.306666667 ic:1.0 cbm:2.0 amc:26.0 max_cc:5.0 avg_cc:1.2", "target": "1"}
{"source": "wmc:2.0 dit:1.0 noc:0.0 cbo:30.0 rfc:65.0 lcom:0.0 ca:1.0 ce:29.0 npm:2.0 lcom3:0.0 loc:412.0 dam:1.0 moa:3.0 mfa:0.0 cam:0.571428571 ic:0.0 cbm:0.0 amc:203.5 max_cc:1.0 avg_cc:0.5", "target": "0"}
{"source": "wmc:8.0 dit:1.0 noc:5.0 cbo:6.0 rfc:22.0 lcom:6.0 ca:5.0 ce:1.0 npm:6.0 lcom3:0.761904762 loc:145.0 dam:1.0 moa:0.0 mfa:0.0 cam:0.541666667 ic:0.0 cbm:0.0 amc:16.375 max_cc:2.0 avg_cc:1.125", "target": "0"}
{"source": "wmc:5.0 dit:2.0 noc:2.0 cbo:6.0 rfc:14.0 lcom:2.0 ca:2.0 ce:4.0 npm:4.0 lcom3:0.75 loc:60.0 dam:1.0 moa:2.0 mfa:0.75 cam:0.333333333 ic:0.0 cbm:0.0 amc:10.2 max_cc:1.0 avg_cc:0.8", "target": "0"}
{"source": "wmc:7.0 dit:1.0 noc:0.0 cbo:10.0 rfc:63.0 lcom:21.0 ca:2.0 ce:8.0 npm:5.0 lcom3:2.0 loc:1034.0 dam:0.0 moa:0.0 mfa:0.0 cam:0.285714286 ic:0.0 cbm:0.0 amc:146.7142857 max_cc:10.0 avg_cc:4.8571", "target": "0"}
{"source": "wmc:14.0 dit:1.0 noc:1.0 cbo:2.0 rfc:19.0 lcom:79.0 ca:1.0 ce:1.0 npm:7.0 lcom3:0.807692308 loc:97.0 dam:1.0 moa:0.0 mfa:0.0 cam:0.285714286 ic:0.0 cbm:0.0 amc:5.5 max_cc:2.0 avg_cc:1.0", "target": "0"}
{"source": "wmc:20.0 dit:1.0 noc:2.0 cbo:4.0 rfc:30.0 lcom:142.0 ca:2.0 ce:2.0 npm:18.0 lcom3:0.763157895 loc:183.0 dam:1.0 moa:0.0 mfa:0.0 cam:0.5 ic:0.0 cbm:0.0 amc:7.95 max_cc:2.0 avg_cc:1.05", "target": "0"}
{"source": "wmc:5.0 dit:1.0 noc:0.0 cbo:13.0 rfc:30.0 lcom:4.0 ca:3.0 ce:10.0 npm:3.0 lcom3:0.25 loc:149.0 dam:1.0 moa:1.0 mfa:0.0 cam:0.5 ic:0.0 cbm:0.0 amc:28.6 max_cc:5.0 avg_cc:1.8", "target": "0"}
{"source": "wmc:13.0 dit:2.0 noc:0.0 cbo:14.0 rfc:35.0 lcom:52.0 ca:10.0 ce:4.0 npm:13.0 lcom3:0.333333333 loc:204.0 dam:1.0 moa:2.0 mfa:0.388888889 cam:0.282051282 ic:1.0 cbm:1.0 amc:14.53846154 max_cc:5.0 avg_cc:1.2308", "target": "0"}
{"source": "wmc:12.0 dit:1.0 noc:0.0 cbo:7.0 rfc:63.0 lcom:64.0 ca:2.0 ce:0.0 npm:5.0 lcom3:1.049586777 loc:939.0 dam:1.0 moa:0.0 mfa:0.0 cam:0.345238095 ic:0.0 cbm:0.0 amc:76.33333333 max_cc:1.0 avg_cc:0.9167", "target": "0"}
{"source": "wmc:2.0 dit:4.0 noc:0.0 cbo:2.0 rfc:18.0 lcom:0.0 ca:1.0 ce:1.0 npm:2.0 lcom3:0.0 loc:99.0 dam:1.0 moa:0.0 mfa:0.983870968 cam:0.666666667 ic:1.0 cbm:1.0 amc:47.5 max_cc:3.0 avg_cc:1.5", "target": "0"}
{"source": "wmc:5.0 dit:1.0 noc:0.0 cbo:7.0 rfc:26.0 lcom:4.0 ca:1.0 ce:6.0 npm:3.0 lcom3:0.0 loc:158.0 dam:1.0 moa:0.0 mfa:0.0 cam:0.525 ic:0.0 cbm:0.0 amc:30.2 max_cc:4.0 avg_cc:1.8", "target": "0"}
{"source": "wmc:6.0 dit:1.0 noc:0.0 cbo:27.0 rfc:6.0 lcom:15.0 ca:26.0 ce:2.0 npm:6.0 lcom3:2.0 loc:6.0 dam:0.0 moa:0.0 mfa:0.0 cam:0.541666667 ic:0.0 cbm:0.0 amc:0.0 max_cc:1.0 avg_cc:1.0", "target": "0"}
{"source": "wmc:4.0 dit:1.0 noc:0.0 cbo:4.0 rfc:5.0 lcom:6.0 ca:3.0 ce:1.0 npm:2.0 lcom3:1.0 loc:17.0 dam:0.0 moa:1.0 mfa:0.0 cam:0.666666667 ic:0.0 cbm:0.0 amc:3.0 max_cc:1.0 avg_cc:0.5", "target": "0"}
{"source": "wmc:11.0 dit:2.0 noc:0.0 cbo:7.0 rfc:12.0 lcom:25.0 ca:5.0 ce:2.0 npm:11.0 lcom3:0.8 loc:74.0 dam:1.0 moa:1.0 mfa:0.285714286 cam:0.290909091 ic:0.0 cbm:0.0 amc:5.272727273 max_cc:1.0 avg_cc:0.9091", "target": "0"}
{"source": "wmc:12.0 dit:1.0 noc:0.0 cbo:19.0 rfc:12.0 lcom:66.0 ca:13.0 ce:6.0 npm:12.0 lcom3:2.0 loc:12.0 dam:0.0 moa:0.0 mfa:0.0 cam:0.316666667 ic:0.0 cbm:0.0 amc:0.0 max_cc:1.0 avg_cc:1.0", "target": "0"}
{"source": "wmc:1.0 dit:1.0 noc:0.0 cbo:7.0 rfc:1.0 lcom:0.0 ca:6.0 ce:1.0 npm:1.0 lcom3:2.0 loc:1.0 dam:0.0 moa:0.0 mfa:0.0 cam:1.0 ic:0.0 cbm:0.0 amc:0.0 max_cc:1.0 avg_cc:1.0", "target": "0"}
{"source": "wmc:6.0 dit:1.0 noc:0.0 cbo:21.0 rfc:6.0 lcom:15.0 ca:17.0 ce:5.0 npm:6.0 lcom3:2.0 loc:6.0 dam:0.0 moa:0.0 mfa:0.0 cam:0.37037037 ic:0.0 cbm:0.0 amc:0.0 max_cc:1.0 avg_cc:1.0", "target": "0"}
{"source": "wmc:2.0 dit:1.0 noc:0.0 cbo:15.0 rfc:34.0 lcom:0.0 ca:1.0 ce:14.0 npm:2.0 lcom3:0.0 loc:326.0 dam:1.0 moa:2.0 mfa:0.0 cam:0.6 ic:0.0 cbm:0.0 amc:161.0 max_cc:13.0 avg_cc:6.5", "target": "0"}
{"source": "wmc:5.0 dit:2.0 noc:0.0 cbo:10.0 rfc:44.0 lcom:0.0 ca:3.0 ce:7.0 npm:5.0 lcom3:0.5 loc:305.0 dam:1.0 moa:2.0 mfa:0.833333333 cam:0.6 ic:1.0 cbm:1.0 amc:59.4 max_cc:1.0 avg_cc:0.8", "target": "1"}
{"source": "wmc:4.0 dit:4.0 noc:2.0 cbo:5.0 rfc:8.0 lcom:6.0 ca:5.0 ce:0.0 npm:4.0 lcom3:2.0 loc:20.0 dam:0.0 moa:0.0 mfa:1.0 cam:0.666666667 ic:0.0 cbm:0.0 amc:4.0 max_cc:0.0 avg_cc:0.0", "target": "0"}
{"source": "wmc:5.0 dit:1.0 noc:0.0 cbo:6.0 rfc:17.0 lcom:10.0 ca:4.0 ce:2.0 npm:4.0 lcom3:2.0 loc:112.0 dam:0.0 moa:0.0 mfa:0.0 cam:0.25 ic:0.0 cbm:0.0 amc:21.4 max_cc:3.0 avg_cc:1.6", "target": "0"}
{"source": "wmc:8.0 dit:1.0 noc:0.0 cbo:3.0 rfc:35.0 lcom:20.0 ca:2.0 ce:1.0 npm:4.0 lcom3:0.80952381 loc:303.0 dam:1.0 moa:0.0 mfa:0.0 cam:0.357142857 ic:0.0 cbm:0.0 amc:36.5 max_cc:4.0 avg_cc:1.25", "target": "1"}
{"source": "wmc:8.0 dit:1.0 noc:0.0 cbo:2.0 rfc:13.0 lcom:14.0 ca:2.0 ce:0.0 npm:6.0 lcom3:0.571428571 loc:69.0 dam:1.0 moa:0.0 mfa:0.0 cam:0.625 ic:0.0 cbm:0.0 amc:7.375 max_cc:3.0 avg_cc:1.25", "target": "0"}
{"source": "wmc:5.0 dit:1.0 noc:0.0 cbo:2.0 rfc:22.0 lcom:8.0 ca:1.0 ce:1.0 npm:5.0 lcom3:0.5 loc:97.0 dam:1.0 moa:0.0 mfa:0.0 cam:0.4 ic:0.0 cbm:0.0 amc:18.2 max_cc:1.0 avg_cc:0.6", "target": "0"}
{"source": "wmc:5.0 dit:1.0 noc:0.0 cbo:3.0 rfc:6.0 lcom:6.0 ca:0.0 ce:3.0 npm:5.0 lcom3:0.75 loc:24.0 dam:1.0 moa:2.0 mfa:0.0 cam:0.466666667 ic:0.0 cbm:0.0 amc:3.4 max_cc:1.0 avg_cc:0.8", "target": "0"}
{"source": "wmc:3.0 dit:1.0 noc:0.0 cbo:2.0 rfc:6.0 lcom:1.0 ca:2.0 ce:0.0 npm:1.0 lcom3:0.5 loc:21.0 dam:1.0 moa:0.0 mfa:0.0 cam:0.5 ic:0.0 cbm:0.0 amc:5.666666667 max_cc:2.0 avg_cc:0.6667", "target": "0"}
{"source": "wmc:4.0 dit:1.0 noc:0.0 cbo:12.0 rfc:5.0 lcom:0.0 ca:12.0 ce:1.0 npm:4.0 lcom3:0.5 loc:24.0 dam:1.0 moa:1.0 mfa:0.0 cam:0.5 ic:0.0 cbm:0.0 amc:4.5 max_cc:1.0 avg_cc:0.75", "target": "0"}
{"source": "wmc:4.0 dit:2.0 noc:0.0 cbo:3.0 rfc:11.0 lcom:6.0 ca:1.0 ce:2.0 npm:4.0 lcom3:2.0 loc:48.0 dam:0.0 moa:0.0 mfa:0.727272727 cam:0.666666667 ic:1.0 cbm:1.0 amc:11.0 max_cc:2.0 avg_cc:1.0", "target": "0"}
{"source": "wmc:3.0 dit:6.0 noc:0.0 cbo:3.0 rfc:7.0 lcom:3.0 ca:0.0 ce:0.0 npm:3.0 lcom3:2.0 loc:17.0 dam:0.0 moa:0.0 mfa:0.988950276 cam:1.0 ic:1.0 cbm:1.0 amc:4.666666667 max_cc:1.0 avg_cc:0.6667", "target": "0"}
{"source": "wmc:8.0 dit:1.0 noc:0.0 cbo:8.0 rfc:8.0 lcom:28.0 ca:3.0 ce:5.0 npm:8.0 lcom3:2.0 loc:8.0 dam:0.0 moa:0.0 mfa:0.0 cam:0.458333333 ic:0.0 cbm:0.0 amc:0.0 max_cc:1.0 avg_cc:1.0", "target": "0"}
{"source": "wmc:6.0 dit:1.0 noc:0.0 cbo:1.0 rfc:7.0 lcom:3.0 ca:1.0 ce:0.0 npm:6.0 lcom3:0.6 loc:34.0 dam:1.0 moa:0.0 mfa:0.0 cam:0.555555556 ic:0.0 cbm:0.0 amc:4.333333333 max_cc:1.0 avg_cc:0.6667", "target": "0"}
{"source": "wmc:3.0 dit:1.0 noc:0.0 cbo:8.0 rfc:20.0 lcom:1.0 ca:2.0 ce:6.0 npm:3.0 lcom3:0.0 loc:155.0 dam:1.0 moa:0.0 mfa:0.0 cam:0.444444444 ic:0.0 cbm:0.0 amc:50.0 max_cc:4.0 avg_cc:2.0", "target": "0"}
{"source": "wmc:3.0 dit:3.0 noc:0.0 cbo:5.0 rfc:9.0 lcom:0.0 ca:1.0 ce:4.0 npm:3.0 lcom3:0.833333333 loc:40.0 dam:0.666666667 moa:2.0 mfa:0.875 cam:0.5 ic:0.0 cbm:0.0 amc:11.33333333 max_cc:1.0 avg_cc:0.6667", "target": "0"}
{"source": "wmc:1.0 dit:3.0 noc:0.0 cbo:4.0 rfc:2.0 lcom:0.0 ca:1.0 ce:3.0 npm:1.0 lcom3:2.0 loc:9.0 dam:0.0 moa:0.0 mfa:1.0 cam:1.0 ic:0.0 cbm:0.0 amc:7.0 max_cc:0.0 avg_cc:0.0", "target": "0"}
{"source": "wmc:47.0 dit:4.0 noc:0.0 cbo:15.0 rfc:108.0 lcom:865.0 ca:1.0 ce:0.0 npm:45.0 lcom3:0.920652174 loc:896.0 dam:1.0 moa:0.0 mfa:0.592920354 cam:0.221884498 ic:2.0 cbm:4.0 amc:17.63829787 max_cc:3.0 avg_cc:1.0426", "target": "0"}
{"source": "wmc:22.0 dit:2.0 noc:0.0 cbo:16.0 rfc:59.0 lcom:0.0 ca:1.0 ce:15.0 npm:22.0 lcom3:0.714285714 loc:354.0 dam:0.6 moa:2.0 mfa:0.752941176 cam:0.162878788 ic:1.0 cbm:3.0 amc:14.86363636 max_cc:3.0 avg_cc:1.4091", "target": "0"}
{"source": "wmc:10.0 dit:1.0 noc:0.0 cbo:17.0 rfc:62.0 lcom:11.0 ca:1.0 ce:0.0 npm:5.0 lcom3:0.766666667 loc:491.0 dam:1.0 moa:1.0 mfa:0.0 cam:0.233333333 ic:0.0 cbm:0.0 amc:47.1 max_cc:2.0 avg_cc:1.1", "target": "1"}
{"source": "wmc:2.0 dit:2.0 noc:0.0 cbo:3.0 rfc:3.0 lcom:0.0 ca:1.0 ce:2.0 npm:2.0 lcom3:1.0 loc:14.0 dam:0.5 moa:1.0 mfa:0.923076923 cam:0.75 ic:0.0 cbm:0.0 amc:5.0 max_cc:1.0 avg_cc:0.5", "target": "0"}
{"source": "wmc:5.0 dit:1.0 noc:4.0 cbo:7.0 rfc:8.0 lcom:8.0 ca:4.0 ce:3.0 npm:4.0 lcom3:0.5 loc:34.0 dam:1.0 moa:0.0 mfa:0.0 cam:0.8 ic:0.0 cbm:0.0 amc:5.6 max_cc:3.0 avg_cc:1.2", "target": "0"}
{"source": "wmc:2.0 dit:5.0 noc:3.0 cbo:6.0 rfc:5.0 lcom:1.0 ca:3.0 ce:3.0 npm:2.0 lcom3:2.0 loc:12.0 dam:0.0 moa:0.0 mfa:0.994117647 cam:1.0 ic:1.0 cbm:1.0 amc:5.0 max_cc:1.0 avg_cc:0.5", "target": "0"}
{"source": "wmc:11.0 dit:1.0 noc:0.0 cbo:4.0 rfc:21.0 lcom:13.0 ca:1.0 ce:0.0 npm:11.0 lcom3:0.6 loc:68.0 dam:0.5 moa:0.0 mfa:0.0 cam:0.340909091 ic:0.0 cbm:0.0 amc:5.0 max_cc:1.0 avg_cc:0.8182", "target": "0"}
{"source": "wmc:59.0 dit:1.0 noc:0.0 cbo:31.0 rfc:148.0 lcom:0.0 ca:0.0 ce:31.0 npm:57.0 lcom3:0.017241379 loc:895.0 dam:1.0 moa:1.0 mfa:0.0 cam:0.190862196 ic:0.0 cbm:0.0 amc:14.15254237 max_cc:4.0 avg_cc:1.0339", "target": "0"}
{"source": "wmc:25.0 dit:4.0 noc:0.0 cbo:10.0 rfc:49.0 lcom:224.0 ca:0.0 ce:0.0 npm:25.0 lcom3:0.90530303 loc:304.0 dam:1.0 moa:0.0 mfa:0.736263736 cam:0.37 ic:2.0 cbm:3.0 amc:10.72 max_cc:1.0 avg_cc:0.96", "target": "0"}
{"source": "wmc:6.0 dit:2.0 noc:0.0 cbo:6.0 rfc:36.0 lcom:0.0 ca:1.0 ce:0.0 npm:5.0 lcom3:0.3 loc:165.0 dam:1.0 moa:0.0 mfa:0.583333333 cam:0.5 ic:1.0 cbm:2.0 amc:26.16666667 max_cc:3.0 avg_cc:1.8333", "target": "0"}
{"source": "wmc:5.0 dit:1.0 noc:0.0 cbo:1.0 rfc:22.0 lcom:10.0 ca:1.0 ce:0.0 npm:3.0 lcom3:1.25 loc:103.0 dam:1.0 moa:0.0 mfa:0.0 cam:0.2 ic:0.0 cbm:0.0 amc:19.2 max_cc:2.0 avg_cc:1.0", "target": "0"}
{"source": "wmc:3.0 dit:1.0 noc:0.0 cbo:13.0 rfc:22.0 lcom:0.0 ca:4.0 ce:11.0 npm:2.0 lcom3:1.0 loc:201.0 dam:1.0 moa:3.0 mfa:0.0 cam:0.583333333 ic:0.0 cbm:0.0 amc:64.0 max_cc:6.0 avg_cc:3.3333", "target": "0"}
{"source": "wmc:57.0 dit:2.0 noc:1.0 cbo:56.0 rfc:242.0 lcom:1504.0 ca:8.0 ce:54.0 npm:27.0 lcom3:0.950255102 loc:2550.0 dam:0.785714286 moa:3.0 mfa:0.537815126 cam:0.113945578 ic:2.0 cbm:5.0 amc:43.49122807 max_cc:9.0 avg_cc:2.0351", "target": "1"}
{"source": "wmc:5.0 dit:1.0 noc:0.0 cbo:2.0 rfc:6.0 lcom:2.0 ca:1.0 ce:1.0 npm:5.0 lcom3:0.75 loc:36.0 dam:1.0 moa:0.0 mfa:0.0 cam:0.6 ic:0.0 cbm:0.0 amc:5.4 max_cc:1.0 avg_cc:0.8", "target": "1"}
{"source": "wmc:13.0 dit:1.0 noc:0.0 cbo:14.0 rfc:49.0 lcom:24.0 ca:11.0 ce:4.0 npm:12.0 lcom3:0.65 loc:298.0 dam:1.0 moa:0.0 mfa:0.0 cam:0.346153846 ic:0.0 cbm:0.0 amc:21.53846154 max_cc:4.0 avg_cc:1.8462", "target": "0"}
{"source": "wmc:2.0 dit:3.0 noc:0.0 cbo:3.0 rfc:5.0 lcom:0.0 ca:1.0 ce:2.0 npm:1.0 lcom3:0.0 loc:15.0 dam:1.0 moa:0.0 mfa:1.0 cam:1.0 ic:0.0 cbm:0.0 amc:6.0 max_cc:0.0 avg_cc:0.0", "target": "0"}
{"source": "wmc:29.0 dit:2.0 noc:0.0 cbo:21.0 rfc:104.0 lcom:236.0 ca:1.0 ce:20.0 npm:22.0 lcom3:0.767857143 loc:733.0 dam:1.0 moa:0.0 mfa:0.695652174 cam:0.143236074 ic:1.0 cbm:4.0 amc:24.13793103 max_cc:5.0 avg_cc:1.7586", "target": "1"}
{"source": "wmc:1.0 dit:1.0 noc:0.0 cbo:2.0 rfc:1.0 lcom:0.0 ca:2.0 ce:0.0 npm:1.0 lcom3:2.0 loc:1.0 dam:0.0 moa:0.0 mfa:0.0 cam:1.0 ic:0.0 cbm:0.0 amc:0.0 max_cc:1.0 avg_cc:1.0", "target": "0"}
{"source": "wmc:5.0 dit:5.0 noc:0.0 cbo:4.0 rfc:18.0 lcom:8.0 ca:1.0 ce:0.0 npm:4.0 lcom3:0.875 loc:76.0 dam:1.0 moa:0.0 mfa:0.98255814 cam:0.625 ic:2.0 cbm:2.0 amc:13.8 max_cc:3.0 avg_cc:1.0", "target": "0"}
{"source": "wmc:10.0 dit:1.0 noc:6.0 cbo:12.0 rfc:14.0 lcom:37.0 ca:6.0 ce:6.0 npm:10.0 lcom3:0.777777778 loc:51.0 dam:1.0 moa:1.0 mfa:0.0 cam:0.3 ic:0.0 cbm:0.0 amc:3.9 max_cc:1.0 avg_cc:0.8", "target": "0"}
{"source": "wmc:21.0 dit:2.0 noc:2.0 cbo:9.0 rfc:58.0 lcom:156.0 ca:3.0 ce:0.0 npm:15.0 lcom3:0.855555556 loc:373.0 dam:1.0 moa:0.0 mfa:0.512820513 cam:0.32 ic:0.0 cbm:0.0 amc:16.33333333 max_cc:6.0 avg_cc:1.381", "target": "0"}
{"source": "wmc:3.0 dit:1.0 noc:0.0 cbo:8.0 rfc:4.0 lcom:0.0 ca:8.0 ce:0.0 npm:3.0 lcom3:0.5 loc:20.0 dam:1.0 moa:0.0 mfa:0.0 cam:0.666666667 ic:0.0 cbm:0.0 amc:5.0 max_cc:1.0 avg_cc:0.6667", "target": "0"}
{"source": "wmc:25.0 dit:1.0 noc:0.0 cbo:8.0 rfc:90.0 lcom:112.0 ca:4.0 ce:7.0 npm:21.0 lcom3:0.907738095 loc:1160.0 dam:0.357142857 moa:1.0 mfa:0.0 cam:0.239583333 ic:0.0 cbm:0.0 amc:44.84 max_cc:29.0 avg_cc:2.96", "target": "0"}
{"source": "wmc:2.0 dit:3.0 noc:0.0 cbo:6.0 rfc:7.0 lcom:1.0 ca:2.0 ce:4.0 npm:2.0 lcom3:2.0 loc:18.0 dam:0.0 moa:0.0 mfa:0.9375 cam:0.625 ic:0.0 cbm:0.0 amc:8.0 max_cc:1.0 avg_cc:0.5", "target": "0"}
{"source": "wmc:23.0 dit:2.0 noc:0.0 cbo:7.0 rfc:33.0 lcom:213.0 ca:4.0 ce:3.0 npm:15.0 lcom3:0.966403162 loc:284.0 dam:0.47826087 moa:2.0 mfa:0.375 cam:0.239130435 ic:0.0 cbm:0.0 amc:10.34782609 max_cc:5.0 avg_cc:1.4348", "target": "0"}
{"source": "wmc:21.0 dit:1.0 noc:5.0 cbo:12.0 rfc:46.0 lcom:132.0 ca:7.0 ce:5.0 npm:10.0 lcom3:0.5875 loc:281.0 dam:0.75 moa:1.0 mfa:0.0 cam:0.173160173 ic:0.0 cbm:0.0 amc:12.19047619 max_cc:4.0 avg_cc:1.381", "target": "0"}
{"source": "wmc:22.0 dit:4.0 noc:5.0 cbo:30.0 rfc:104.0 lcom:63.0 ca:5.0 ce:25.0 npm:11.0 lcom3:0.571428571 loc:707.0 dam:1.0 moa:1.0 mfa:0.875739645 cam:0.184659091 ic:4.0 cbm:12.0 amc:31.04545455 max_cc:9.0 avg_cc:1.7727", "target": "0"}
{"source": "wmc:21.0 dit:3.0 noc:0.0 cbo:12.0 rfc:77.0 lcom:160.0 ca:2.0 ce:0.0 npm:15.0 lcom3:0.9125 loc:797.0 dam:1.0 moa:0.0 mfa:0.661016949 cam:0.227513228 ic:2.0 cbm:3.0 amc:36.57142857 max_cc:3.0 avg_cc:1.0952", "target": "0"}
{"source": "wmc:9.0 dit:2.0 noc:0.0 cbo:7.0 rfc:30.0 lcom:0.0 ca:1.0 ce:7.0 npm:9.0 lcom3:0.0 loc:228.0 dam:1.0 moa:0.0 mfa:0.5 cam:0.333333333 ic:1.0 cbm:1.0 amc:24.22222222 max_cc:3.0 avg_cc:2.1111", "target": "0"}
{"source": "wmc:12.0 dit:2.0 noc:0.0 cbo:6.0 rfc:31.0 lcom:20.0 ca:3.0 ce:5.0 npm:9.0 lcom3:1.012539185 loc:360.0 dam:1.0 moa:1.0 mfa:0.5 cam:0.393939394 ic:1.0 cbm:1.0 amc:26.58333333 max_cc:6.0 avg_cc:2.0833", "target": "0"}
{"source": "wmc:3.0 dit:1.0 noc:0.0 cbo:16.0 rfc:3.0 lcom:3.0 ca:15.0 ce:1.0 npm:3.0 lcom3:2.0 loc:3.0 dam:0.0 moa:0.0 mfa:0.0 cam:1.0 ic:0.0 cbm:0.0 amc:0.0 max_cc:1.0 avg_cc:1.0", "target": "0"}
{"source": "wmc:38.0 dit:4.0 noc:4.0 cbo:21.0 rfc:104.0 lcom:613.0 ca:4.0 ce:0.0 npm:29.0 lcom3:0.897683398 loc:839.0 dam:1.0 moa:1.0 mfa:0.644230769 cam:0.22556391 ic:1.0 cbm:1.0 amc:20.71052632 max_cc:18.0 avg_cc:1.8158", "target": "1"}
{"source": "wmc:1.0 dit:1.0 noc:0.0 cbo:34.0 rfc:1.0 lcom:0.0 ca:34.0 ce:0.0 npm:1.0 lcom3:2.0 loc:1.0 dam:0.0 moa:0.0 mfa:0.0 cam:1.0 ic:0.0 cbm:0.0 amc:0.0 max_cc:1.0 avg_cc:1.0", "target": "0"}
{"source": "wmc:2.0 dit:3.0 noc:0.0 cbo:4.0 rfc:5.0 lcom:0.0 ca:1.0 ce:3.0 npm:2.0 lcom3:1.0 loc:21.0 dam:0.5 moa:1.0 mfa:0.933333333 cam:0.666666667 ic:0.0 cbm:0.0 amc:8.5 max_cc:1.0 avg_cc:0.5", "target": "0"}
{"source": "wmc:11.0 dit:1.0 noc:0.0 cbo:23.0 rfc:16.0 lcom:31.0 ca:21.0 ce:4.0 npm:8.0 lcom3:0.8 loc:77.0 dam:0.833333333 moa:3.0 mfa:0.0 cam:0.26 ic:0.0 cbm:0.0 amc:5.454545455 max_cc:1.0 avg_cc:0.8182", "target": "0"}
{"source": "wmc:3.0 dit:2.0 noc:0.0 cbo:3.0 rfc:5.0 lcom:3.0 ca:0.0 ce:0.0 npm:1.0 lcom3:1.0 loc:18.0 dam:0.0 moa:1.0 mfa:0.8 cam:0.75 ic:1.0 cbm:1.0 amc:4.666666667 max_cc:1.0 avg_cc:0.3333", "target": "0"}
{"source": "wmc:2.0 dit:1.0 noc:0.0 cbo:4.0 rfc:2.0 lcom:1.0 ca:2.0 ce:2.0 npm:2.0 lcom3:2.0 loc:2.0 dam:0.0 moa:0.0 mfa:0.0 cam:0.75 ic:0.0 cbm:0.0 amc:0.0 max_cc:1.0 avg_cc:1.0", "target": "0"}
{"source": "wmc:25.0 dit:1.0 noc:0.0 cbo:6.0 rfc:26.0 lcom:276.0 ca:5.0 ce:1.0 npm:25.0 lcom3:0.958333333 loc:136.0 dam:1.0 moa:1.0 mfa:0.0 cam:0.246666667 ic:0.0 cbm:0.0 amc:3.96 max_cc:1.0 avg_cc:0.96", "target": "0"}
{"source": "wmc:6.0 dit:1.0 noc:0.0 cbo:23.0 rfc:6.0 lcom:15.0 ca:22.0 ce:1.0 npm:6.0 lcom3:2.0 loc:6.0 dam:0.0 moa:0.0 mfa:0.0 cam:0.555555556 ic:0.0 cbm:0.0 amc:0.0 max_cc:1.0 avg_cc:1.0", "target": "0"}
{"source": "wmc:8.0 dit:2.0 noc:0.0 cbo:5.0 rfc:25.0 lcom:6.0 ca:0.0 ce:5.0 npm:6.0 lcom3:0.628571429 loc:145.0 dam:1.0 moa:0.0 mfa:0.6 cam:0.371428571 ic:0.0 cbm:0.0 amc:16.5 max_cc:6.0 avg_cc:1.375", "target": "0"}
{"source": "wmc:11.0 dit:1.0 noc:0.0 cbo:43.0 rfc:11.0 lcom:55.0 ca:35.0 ce:8.0 npm:11.0 lcom3:2.0 loc:11.0 dam:0.0 moa:0.0 mfa:0.0 cam:0.409090909 ic:0.0 cbm:0.0 amc:0.0 max_cc:1.0 avg_cc:1.0", "target": "1"}
{"source": "wmc:1.0 dit:3.0 noc:0.0 cbo:3.0 rfc:2.0 lcom:0.0 ca:3.0 ce:0.0 npm:1.0 lcom3:2.0 loc:5.0 dam:0.0 moa:0.0 mfa:1.0 cam:1.0 ic:0.0 cbm:0.0 amc:4.0 max_cc:0.0 avg_cc:0.0", "target": "0"}
{"source": "wmc:3.0 dit:1.0 noc:0.0 cbo:2.0 rfc:4.0 lcom:1.0 ca:2.0 ce:0.0 npm:3.0 lcom3:0.5 loc:14.0 dam:1.0 moa:0.0 mfa:0.0 cam:0.666666667 ic:0.0 cbm:0.0 amc:3.333333333 max_cc:1.0 avg_cc:0.6667", "target": "0"}
{"source": "wmc:10.0 dit:1.0 noc:0.0 cbo:2.0 rfc:12.0 lcom:25.0 ca:1.0 ce:0.0 npm:10.0 lcom3:0.805555556 loc:53.0 dam:1.0 moa:0.0 mfa:0.0 cam:0.7 ic:0.0 cbm:0.0 amc:3.9 max_cc:1.0 avg_cc:0.9", "target": "0"}
{"source": "wmc:12.0 dit:1.0 noc:0.0 cbo:35.0 rfc:18.0 lcom:30.0 ca:32.0 ce:4.0 npm:12.0 lcom3:0.727272727 loc:99.0 dam:1.0 moa:4.0 mfa:0.0 cam:0.277777778 ic:1.0 cbm:1.0 amc:6.833333333 max_cc:2.0 avg_cc:0.9167", "target": "0"}
{"source": "wmc:9.0 dit:1.0 noc:0.0 cbo:4.0 rfc:11.0 lcom:28.0 ca:3.0 ce:1.0 npm:9.0 lcom3:0.875 loc:60.0 dam:1.0 moa:2.0 mfa:0.0 cam:0.481481481 ic:0.0 cbm:0.0 amc:5.222222222 max_cc:2.0 avg_cc:1.1111", "target": "0"}
{"source": "wmc:2.0 dit:1.0 noc:0.0 cbo:3.0 rfc:2.0 lcom:1.0 ca:3.0 ce:0.0 npm:2.0 lcom3:2.0 loc:2.0 dam:0.0 moa:0.0 mfa:0.0 cam:0.75 ic:0.0 cbm:0.0 amc:0.0 max_cc:1.0 avg_cc:1.0", "target": "0"}
{"source": "wmc:11.0 dit:1.0 noc:0.0 cbo:14.0 rfc:24.0 lcom:17.0 ca:10.0 ce:4.0 npm:10.0 lcom3:0.54 loc:107.0 dam:1.0 moa:0.0 mfa:0.0 cam:0.393939394 ic:0.0 cbm:0.0 amc:8.272727273 max_cc:2.0 avg_cc:1.1818", "target": "1"}
{"source": "wmc:13.0 dit:3.0 noc:0.0 cbo:16.0 rfc:26.0 lcom:46.0 ca:14.0 ce:3.0 npm:12.0 lcom3:0.736111111 loc:243.0 dam:1.0 moa:1.0 mfa:0.421052632 cam:0.196581197 ic:1.0 cbm:1.0 amc:17.23076923 max_cc:6.0 avg_cc:1.6154", "target": "0"}
{"source": "wmc:30.0 dit:1.0 noc:0.0 cbo:27.0 rfc:78.0 lcom:267.0 ca:16.0 ce:12.0 npm:30.0 lcom3:0.873563218 loc:543.0 dam:1.0 moa:1.0 mfa:0.0 cam:0.123076923 ic:0.0 cbm:0.0 amc:16.8 max_cc:5.0 avg_cc:1.4667", "target": "0"}
{"source": "wmc:2.0 dit:2.0 noc:0.0 cbo:4.0 rfc:4.0 lcom:1.0 ca:1.0 ce:3.0 npm:1.0 lcom3:2.0 loc:8.0 dam:0.0 moa:0.0 mfa:0.666666667 cam:0.75 ic:1.0 cbm:1.0 amc:3.0 max_cc:1.0 avg_cc:0.5", "target": "0"}
{"source": "wmc:14.0 dit:1.0 noc:0.0 cbo:10.0 rfc:39.0 lcom:0.0 ca:2.0 ce:8.0 npm:13.0 lcom3:0.661538462 loc:225.0 dam:1.0 moa:2.0 mfa:0.0 cam:0.224489796 ic:0.0 cbm:0.0 amc:14.71428571 max_cc:4.0 avg_cc:1.7143", "target": "0"}
{"source": "wmc:13.0 dit:1.0 noc:0.0 cbo:28.0 rfc:104.0 lcom:76.0 ca:2.0 ce:26.0 npm:8.0 lcom3:0.916666667 loc:691.0 dam:1.0 moa:1.0 mfa:0.0 cam:0.227272727 ic:0.0 cbm:0.0 amc:52.07692308 max_cc:8.0 avg_cc:1.6154", "target": "0"}
{"source": "wmc:12.0 dit:1.0 noc:0.0 cbo:9.0 rfc:31.0 lcom:54.0 ca:1.0 ce:8.0 npm:10.0 lcom3:0.840909091 loc:170.0 dam:1.0 moa:0.0 mfa:0.0 cam:0.5 ic:0.0 cbm:0.0 amc:12.83333333 max_cc:3.0 avg_cc:1.4167", "target": "0"}
{"source": "wmc:1.0 dit:1.0 noc:0.0 cbo:7.0 rfc:1.0 lcom:0.0 ca:6.0 ce:1.0 npm:1.0 lcom3:2.0 loc:1.0 dam:0.0 moa:0.0 mfa:0.0 cam:1.0 ic:0.0 cbm:0.0 amc:0.0 max_cc:1.0 avg_cc:1.0", "target": "0"}
{"source": "wmc:23.0 dit:1.0 noc:0.0 cbo:57.0 rfc:23.0 lcom:253.0 ca:46.0 ce:16.0 npm:23.0 lcom3:2.0 loc:23.0 dam:0.0 moa:0.0 mfa:0.0 cam:0.127717391 ic:0.0 cbm:0.0 amc:0.0 max_cc:1.0 avg_cc:1.0", "target": "0"}
{"source": "wmc:15.0 dit:2.0 noc:0.0 cbo:12.0 rfc:16.0 lcom:67.0 ca:9.0 ce:3.0 npm:15.0 lcom3:0.867346939 loc:104.0 dam:1.0 moa:1.0 mfa:0.125 cam:0.293333333 ic:0.0 cbm:0.0 amc:5.466666667 max_cc:1.0 avg_cc:0.9333", "target": "0"}
{"source": "wmc:9.0 dit:1.0 noc:2.0 cbo:5.0 rfc:36.0 lcom:36.0 ca:2.0 ce:3.0 npm:9.0 lcom3:2.0 loc:146.0 dam:0.0 moa:0.0 mfa:0.0 cam:0.444444444 ic:1.0 cbm:1.0 amc:15.22222222 max_cc:9.0 avg_cc:1.8889", "target": "0"}
{"source": "wmc:21.0 dit:2.0 noc:0.0 cbo:21.0 rfc:38.0 lcom:170.0 ca:17.0 ce:4.0 npm:21.0 lcom3:0.6625 loc:224.0 dam:1.0 moa:1.0 mfa:0.333333333 cam:0.253968254 ic:1.0 cbm:9.0 amc:9.476190476 max_cc:1.0 avg_cc:0.7619", "target": "0"}
{"source": "wmc:3.0 dit:1.0 noc:0.0 cbo:6.0 rfc:18.0 lcom:3.0 ca:2.0 ce:4.0 npm:2.0 lcom3:2.0 loc:67.0 dam:0.0 moa:0.0 mfa:0.0 cam:0.444444444 ic:1.0 cbm:1.0 amc:21.33333333 max_cc:7.0 avg_cc:3.0", "target": "0"}
{"source": "wmc:157.0 dit:1.0 noc:0.0 cbo:111.0 rfc:312.0 lcom:11794.0 ca:51.0 ce:75.0 npm:142.0 lcom3:0.967013889 loc:2701.0 dam:0.9375 moa:12.0 mfa:0.0 cam:0.062278839 ic:0.0 cbm:0.0 amc:15.89808917 max_cc:6.0 avg_cc:1.5159", "target": "0"}
{"source": "wmc:14.0 dit:1.0 noc:0.0 cbo:57.0 rfc:32.0 lcom:45.0 ca:57.0 ce:0.0 npm:13.0 lcom3:0.725274725 loc:277.0 dam:0.714285714 moa:0.0 mfa:0.0 cam:0.307692308 ic:1.0 cbm:1.0 amc:18.28571429 max_cc:7.0 avg_cc:1.7143", "target": "0"}
{"source": "wmc:5.0 dit:1.0 noc:0.0 cbo:11.0 rfc:14.0 lcom:4.0 ca:8.0 ce:3.0 npm:3.0 lcom3:0.5 loc:72.0 dam:1.0 moa:1.0 mfa:0.0 cam:0.25 ic:0.0 cbm:0.0 amc:13.2 max_cc:1.0 avg_cc:0.6", "target": "0"}
{"source": "wmc:6.0 dit:1.0 noc:0.0 cbo:11.0 rfc:6.0 lcom:15.0 ca:10.0 ce:2.0 npm:6.0 lcom3:2.0 loc:6.0 dam:0.0 moa:0.0 mfa:0.0 cam:1.0 ic:0.0 cbm:0.0 amc:0.0 max_cc:1.0 avg_cc:1.0", "target": "0"}
{"source": "wmc:3.0 dit:1.0 noc:0.0 cbo:2.0 rfc:5.0 lcom:0.0 ca:1.0 ce:1.0 npm:3.0 lcom3:0.0 loc:22.0 dam:1.0 moa:1.0 mfa:0.0 cam:0.555555556 ic:0.0 cbm:0.0 amc:6.0 max_cc:2.0 avg_cc:1.0", "target": "0"}
{"source": "wmc:25.0 dit:1.0 noc:0.0 cbo:62.0 rfc:25.0 lcom:300.0 ca:55.0 ce:8.0 npm:25.0 lcom3:2.0 loc:25.0 dam:0.0 moa:0.0 mfa:0.0 cam:0.296 ic:0.0 cbm:0.0 amc:0.0 max_cc:1.0 avg_cc:1.0", "target": "0"}
{"source": "wmc:8.0 dit:1.0 noc:0.0 cbo:11.0 rfc:17.0 lcom:0.0 ca:9.0 ce:3.0 npm:8.0 lcom3:0.428571429 loc:54.0 dam:1.0 moa:1.0 mfa:0.0 cam:0.416666667 ic:0.0 cbm:0.0 amc:5.5 max_cc:1.0 avg_cc:0.875", "target": "0"}
{"source": "wmc:6.0 dit:1.0 noc:0.0 cbo:9.0 rfc:9.0 lcom:3.0 ca:6.0 ce:3.0 npm:5.0 lcom3:0.7 loc:52.0 dam:0.5 moa:3.0 mfa:0.0 cam:0.466666667 ic:0.0 cbm:0.0 amc:7.0 max_cc:1.0 avg_cc:0.6667", "target": "0"}
{"source": "wmc:11.0 dit:1.0 noc:0.0 cbo:6.0 rfc:12.0 lcom:25.0 ca:4.0 ce:2.0 npm:11.0 lcom3:0.8 loc:78.0 dam:1.0 moa:1.0 mfa:0.0 cam:0.363636364 ic:0.0 cbm:0.0 amc:5.636363636 max_cc:2.0 avg_cc:1.0", "target": "0"}
{"source": "wmc:32.0 dit:3.0 noc:17.0 cbo:33.0 rfc:84.0 lcom:470.0 ca:17.0 ce:0.0 npm:8.0 lcom3:0.922580645 loc:670.0 dam:0.6 moa:0.0 mfa:0.552238806 cam:0.25 ic:0.0 cbm:0.0 amc:19.78125 max_cc:5.0 avg_cc:1.7188", "target": "0"}
{"source": "wmc:17.0 dit:1.0 noc:0.0 cbo:6.0 rfc:29.0 lcom:90.0 ca:2.0 ce:5.0 npm:17.0 lcom3:0.8125 loc:167.0 dam:1.0 moa:0.0 mfa:0.0 cam:0.382352941 ic:0.0 cbm:0.0 amc:8.470588235 max_cc:1.0 avg_cc:0.8824", "target": "0"}
{"source": "wmc:3.0 dit:1.0 noc:2.0 cbo:7.0 rfc:12.0 lcom:3.0 ca:2.0 ce:5.0 npm:1.0 lcom3:2.0 loc:53.0 dam:0.0 moa:0.0 mfa:0.0 cam:0.5 ic:0.0 cbm:0.0 amc:16.66666667 max_cc:2.0 avg_cc:1.0", "target": "0"}
{"source": "wmc:7.0 dit:1.0 noc:0.0 cbo:54.0 rfc:7.0 lcom:21.0 ca:54.0 ce:0.0 npm:7.0 lcom3:2.0 loc:7.0 dam:0.0 moa:0.0 mfa:0.0 cam:0.571428571 ic:0.0 cbm:0.0 amc:0.0 max_cc:1.0 avg_cc:1.0", "target": "0"}
{"source": "wmc:9.0 dit:2.0 noc:1.0 cbo:13.0 rfc:38.0 lcom:12.0 ca:2.0 ce:12.0 npm:8.0 lcom3:0.5 loc:197.0 dam:1.0 moa:1.0 mfa:0.5 cam:0.377777778 ic:0.0 cbm:0.0 amc:20.66666667 max_cc:5.0 avg_cc:1.6667", "target": "0"}
{"source": "wmc:28.0 dit:6.0 noc:0.0 cbo:17.0 rfc:70.0 lcom:300.0 ca:1.0 ce:17.0 npm:21.0 lcom3:0.728395062 loc:488.0 dam:0.666666667 moa:0.0 mfa:0.862944162 cam:0.129120879 ic:4.0 cbm:9.0 amc:16.21428571 max_cc:8.0 avg_cc:1.8214", "target": "0"}
{"source": "wmc:1.0 dit:1.0 noc:0.0 cbo:7.0 rfc:1.0 lcom:0.0 ca:5.0 ce:2.0 npm:1.0 lcom3:2.0 loc:1.0 dam:0.0 moa:0.0 mfa:0.0 cam:1.0 ic:0.0 cbm:0.0 amc:0.0 max_cc:1.0 avg_cc:1.0", "target": "0"}
{"source": "wmc:6.0 dit:2.0 noc:0.0 cbo:3.0 rfc:9.0 lcom:9.0 ca:2.0 ce:1.0 npm:6.0 lcom3:0.4 loc:40.0 dam:1.0 moa:0.0 mfa:0.791666667 cam:0.666666667 ic:1.0 cbm:8.0 amc:5.5 max_cc:2.0 avg_cc:1.0", "target": "0"}
{"source": "wmc:2.0 dit:1.0 noc:0.0 cbo:4.0 rfc:2.0 lcom:1.0 ca:4.0 ce:0.0 npm:2.0 lcom3:2.0 loc:2.0 dam:0.0 moa:0.0 mfa:0.0 cam:0.666666667 ic:0.0 cbm:0.0 amc:0.0 max_cc:1.0 avg_cc:1.0", "target": "0"}
{"source": "wmc:4.0 dit:1.0 noc:0.0 cbo:16.0 rfc:79.0 lcom:0.0 ca:1.0 ce:15.0 npm:3.0 lcom3:0.0 loc:435.0 dam:1.0 moa:1.0 mfa:0.0 cam:0.5 ic:0.0 cbm:0.0 amc:107.5 max_cc:1.0 avg_cc:0.75", "target": "0"}
{"source": "wmc:4.0 dit:1.0 noc:0.0 cbo:15.0 rfc:10.0 lcom:0.0 ca:15.0 ce:0.0 npm:2.0 lcom3:0.5 loc:68.0 dam:0.25 moa:3.0 mfa:0.0 cam:0.666666667 ic:0.0 cbm:0.0 amc:15.0 max_cc:4.0 avg_cc:1.25", "target": "0"}
{"source": "wmc:8.0 dit:1.0 noc:0.0 cbo:27.0 rfc:8.0 lcom:28.0 ca:14.0 ce:14.0 npm:8.0 lcom3:2.0 loc:8.0 dam:0.0 moa:0.0 mfa:0.0 cam:0.267857143 ic:0.0 cbm:0.0 amc:0.0 max_cc:1.0 avg_cc:1.0", "target": "1"}
{"source": "wmc:5.0 dit:1.0 noc:0.0 cbo:5.0 rfc:56.0 lcom:0.0 ca:1.0 ce:4.0 npm:5.0 lcom3:0.75 loc:334.0 dam:1.0 moa:0.0 mfa:0.0 cam:0.342857143 ic:0.0 cbm:0.0 amc:65.0 max_cc:11.0 avg_cc:3.0", "target": "0"}
{"source": "wmc:14.0 dit:5.0 noc:0.0 cbo:20.0 rfc:105.0 lcom:73.0 ca:0.0 ce:0.0 npm:7.0 lcom3:0.807692308 loc:623.0 dam:1.0 moa:0.0 mfa:0.888888889 cam:0.207792208 ic:3.0 cbm:6.0 amc:43.35714286 max_cc:7.0 avg_cc:1.5714", "target": "0"}
{"source": "wmc:6.0 dit:1.0 noc:0.0 cbo:3.0 rfc:14.0 lcom:7.0 ca:2.0 ce:2.0 npm:6.0 lcom3:0.5 loc:63.0 dam:1.0 moa:1.0 mfa:0.0 cam:0.4 ic:0.0 cbm:0.0 amc:9.166666667 max_cc:2.0 avg_cc:1.0", "target": "0"}
{"source": "wmc:10.0 dit:2.0 noc:0.0 cbo:9.0 rfc:38.0 lcom:15.0 ca:0.0 ce:0.0 npm:8.0 lcom3:0.694444444 loc:197.0 dam:1.0 moa:0.0 mfa:0.5 cam:0.4 ic:0.0 cbm:0.0 amc:18.3 max_cc:7.0 avg_cc:1.6", "target": "0"}
{"source": "wmc:1.0 dit:3.0 noc:0.0 cbo:3.0 rfc:2.0 lcom:0.0 ca:1.0 ce:2.0 npm:1.0 lcom3:2.0 loc:8.0 dam:0.0 moa:0.0 mfa:1.0 cam:1.0 ic:0.0 cbm:0.0 amc:6.0 max_cc:0.0 avg_cc:0.0", "target": "0"}
{"source": "wmc:4.0 dit:1.0 noc:0.0 cbo:2.0 rfc:6.0 lcom:0.0 ca:1.0 ce:1.0 npm:4.0 lcom3:0.333333333 loc:35.0 dam:1.0 moa:2.0 mfa:0.0 cam:0.5 ic:0.0 cbm:0.0 amc:7.25 max_cc:3.0 avg_cc:1.25", "target": "0"}
{"source": "wmc:20.0 dit:1.0 noc:0.0 cbo:106.0 rfc:45.0 lcom:182.0 ca:103.0 ce:5.0 npm:17.0 lcom3:1.015037594 loc:124.0 dam:0.285714286 moa:1.0 mfa:0.0 cam:0.144736842 ic:0.0 cbm:0.0 amc:4.85 max_cc:2.0 avg_cc:0.95", "target": "0"}
{"source": "wmc:19.0 dit:1.0 noc:0.0 cbo:8.0 rfc:19.0 lcom:171.0 ca:8.0 ce:0.0 npm:19.0 lcom3:2.0 loc:19.0 dam:0.0 moa:0.0 mfa:0.0 cam:0.421052632 ic:0.0 cbm:0.0 amc:0.0 max_cc:1.0 avg_cc:1.0", "target": "0"}
{"source": "wmc:2.0 dit:1.0 noc:0.0 cbo:9.0 rfc:2.0 lcom:1.0 ca:7.0 ce:3.0 npm:2.0 lcom3:2.0 loc:4.0 dam:0.0 moa:0.0 mfa:0.0 cam:0.625 ic:0.0 cbm:0.0 amc:0.0 max_cc:1.0 avg_cc:1.0", "target": "0"}
{"source": "wmc:8.0 dit:2.0 noc:0.0 cbo:9.0 rfc:61.0 lcom:28.0 ca:2.0 ce:7.0 npm:6.0 lcom3:1.142857143 loc:544.0 dam:1.0 moa:0.0 mfa:0.611111111 cam:0.375 ic:1.0 cbm:3.0 amc:66.875 max_cc:4.0 avg_cc:1.625", "target": "1"}
{"source": "wmc:13.0 dit:6.0 noc:0.0 cbo:25.0 rfc:69.0 lcom:78.0 ca:1.0 ce:24.0 npm:12.0 lcom3:2.0 loc:420.0 dam:0.0 moa:0.0 mfa:0.945273632 cam:0.174825175 ic:4.0 cbm:7.0 amc:31.30769231 max_cc:4.0 avg_cc:1.2308", "target": "0"}
{"source": "wmc:3.0 dit:2.0 noc:0.0 cbo:5.0 rfc:5.0 lcom:3.0 ca:2.0 ce:3.0 npm:1.0 lcom3:1.0 loc:18.0 dam:0.0 moa:1.0 mfa:0.8 cam:0.75 ic:1.0 cbm:1.0 amc:4.666666667 max_cc:1.0 avg_cc:0.3333", "target": "0"}
{"source": "wmc:2.0 dit:2.0 noc:0.0 cbo:1.0 rfc:4.0 lcom:1.0 ca:0.0 ce:1.0 npm:2.0 lcom3:2.0 loc:10.0 dam:0.0 moa:0.0 mfa:0.666666667 cam:0.666666667 ic:1.0 cbm:1.0 amc:4.0 max_cc:1.0 avg_cc:0.5", "target": "0"}
{"source": "wmc:4.0 dit:1.0 noc:0.0 cbo:7.0 rfc:17.0 lcom:0.0 ca:5.0 ce:2.0 npm:2.0 lcom3:0.666666667 loc:58.0 dam:0.5 moa:1.0 mfa:0.0 cam:0.833333333 ic:0.0 cbm:0.0 amc:13.0 max_cc:2.0 avg_cc:0.75", "target": "0"}
{"source": "wmc:9.0 dit:1.0 noc:0.0 cbo:3.0 rfc:11.0 lcom:26.0 ca:2.0 ce:1.0 npm:9.0 lcom3:0.85 loc:60.0 dam:1.0 moa:0.0 mfa:0.0 cam:0.361111111 ic:0.0 cbm:0.0 amc:5.111111111 max_cc:1.0 avg_cc:0.8889", "target": "0"}
{"source": "wmc:3.0 dit:1.0 noc:0.0 cbo:11.0 rfc:3.0 lcom:3.0 ca:8.0 ce:3.0 npm:3.0 lcom3:2.0 loc:3.0 dam:0.0 moa:0.0 mfa:0.0 cam:1.0 ic:0.0 cbm:0.0 amc:0.0 max_cc:1.0 avg_cc:1.0", "target": "0"}
{"source": "wmc:5.0 dit:1.0 noc:0.0 cbo:8.0 rfc:5.0 lcom:10.0 ca:8.0 ce:0.0 npm:5.0 lcom3:2.0 loc:5.0 dam:0.0 moa:0.0 mfa:0.0 cam:0.7 ic:0.0 cbm:0.0 amc:0.0 max_cc:1.0 avg_cc:1.0", "target": "0"}
{"source": "wmc:3.0 dit:2.0 noc:1.0 cbo:4.0 rfc:5.0 lcom:3.0 ca:3.0 ce:1.0 npm:3.0 lcom3:2.0 loc:18.0 dam:0.0 moa:0.0 mfa:0.875 cam:0.555555556 ic:1.0 cbm:1.0 amc:5.0 max_cc:1.0 avg_cc:0.3333", "target": "0"}
{"source": "wmc:3.0 dit:1.0 noc:0.0 cbo:3.0 rfc:3.0 lcom:3.0 ca:2.0 ce:1.0 npm:3.0 lcom3:2.0 loc:3.0 dam:0.0 moa:0.0 mfa:0.0 cam:0.666666667 ic:0.0 cbm:0.0 amc:0.0 max_cc:1.0 avg_cc:1.0", "target": "0"}
{"source": "wmc:28.0 dit:1.0 noc:0.0 cbo:11.0 rfc:72.0 lcom:118.0 ca:5.0 ce:10.0 npm:18.0 lcom3:0.994026284 loc:719.0 dam:0.967741935 moa:0.0 mfa:0.0 cam:0.220238095 ic:0.0 cbm:0.0 amc:23.57142857 max_cc:6.0 avg_cc:2.7143", "target": "1"}
{"source": "wmc:14.0 dit:1.0 noc:0.0 cbo:10.0 rfc:34.0 lcom:65.0 ca:1.0 ce:0.0 npm:13.0 lcom3:0.355769231 loc:207.0 dam:1.0 moa:0.0 mfa:0.0 cam:0.404761905 ic:0.0 cbm:0.0 amc:13.21428571 max_cc:3.0 avg_cc:1.1429", "target": "0"}
{"source": "wmc:5.0 dit:1.0 noc:0.0 cbo:9.0 rfc:20.0 lcom:2.0 ca:3.0 ce:6.0 npm:5.0 lcom3:0.625 loc:89.0 dam:1.0 moa:1.0 mfa:0.0 cam:0.533333333 ic:0.0 cbm:0.0 amc:16.4 max_cc:2.0 avg_cc:1.2", "target": "0"}
{"source": "wmc:4.0 dit:1.0 noc:0.0 cbo:6.0 rfc:4.0 lcom:6.0 ca:6.0 ce:0.0 npm:4.0 lcom3:2.0 loc:4.0 dam:0.0 moa:0.0 mfa:0.0 cam:1.0 ic:0.0 cbm:0.0 amc:0.0 max_cc:1.0 avg_cc:1.0", "target": "1"}
{"source": "wmc:1.0 dit:3.0 noc:0.0 cbo:4.0 rfc:2.0 lcom:0.0 ca:1.0 ce:3.0 npm:1.0 lcom3:2.0 loc:11.0 dam:0.5 moa:0.0 mfa:1.0 cam:1.0 ic:0.0 cbm:0.0 amc:8.0 max_cc:0.0 avg_cc:0.0", "target": "0"}
{"source": "wmc:9.0 dit:1.0 noc:1.0 cbo:5.0 rfc:29.0 lcom:0.0 ca:3.0 ce:3.0 npm:6.0 lcom3:0.5625 loc:157.0 dam:1.0 moa:0.0 mfa:0.0 cam:0.416666667 ic:0.0 cbm:0.0 amc:16.22222222 max_cc:3.0 avg_cc:1.4444", "target": "0"}
{"source": "wmc:1.0 dit:1.0 noc:0.0 cbo:8.0 rfc:1.0 lcom:0.0 ca:6.0 ce:2.0 npm:1.0 lcom3:2.0 loc:1.0 dam:0.0 moa:0.0 mfa:0.0 cam:1.0 ic:0.0 cbm:0.0 amc:0.0 max_cc:1.0 avg_cc:1.0", "target": "0"}
{"source": "wmc:12.0 dit:1.0 noc:0.0 cbo:10.0 rfc:64.0 lcom:0.0 ca:1.0 ce:10.0 npm:7.0 lcom3:0.545454545 loc:444.0 dam:1.0 moa:1.0 mfa:0.0 cam:0.243055556 ic:0.0 cbm:0.0 amc:35.75 max_cc:6.0 avg_cc:2.6667", "target": "1"}
{"source": "wmc:4.0 dit:1.0 noc:0.0 cbo:6.0 rfc:38.0 lcom:6.0 ca:2.0 ce:4.0 npm:2.0 lcom3:1.0 loc:242.0 dam:0.0 moa:0.0 mfa:0.0 cam:0.375 ic:0.0 cbm:0.0 amc:59.25 max_cc:9.0 avg_cc:4.5", "target": "0"}
{"source": "wmc:2.0 dit:1.0 noc:0.0 cbo:34.0 rfc:2.0 lcom:1.0 ca:33.0 ce:1.0 npm:2.0 lcom3:2.0 loc:7.0 dam:0.0 moa:0.0 mfa:0.0 cam:0.75 ic:0.0 cbm:0.0 amc:0.0 max_cc:1.0 avg_cc:1.0", "target": "0"}
{"source": "wmc:17.0 dit:1.0 noc:0.0 cbo:6.0 rfc:39.0 lcom:110.0 ca:2.0 ce:4.0 npm:17.0 lcom3:0.09375 loc:165.0 dam:1.0 moa:1.0 mfa:0.0 cam:0.344537815 ic:0.0 cbm:0.0 amc:8.588235294 max_cc:2.0 avg_cc:1.0588", "target": "0"}
{"source": "wmc:3.0 dit:1.0 noc:0.0 cbo:5.0 rfc:3.0 lcom:3.0 ca:3.0 ce:2.0 npm:3.0 lcom3:2.0 loc:3.0 dam:0.0 moa:0.0 mfa:0.0 cam:1.0 ic:0.0 cbm:0.0 amc:0.0 max_cc:1.0 avg_cc:1.0", "target": "0"}
{"source": "wmc:16.0 dit:4.0 noc:0.0 cbo:8.0 rfc:27.0 lcom:68.0 ca:0.0 ce:0.0 npm:16.0 lcom3:0.847619048 loc:175.0 dam:1.0 moa:0.0 mfa:0.817073171 cam:0.71875 ic:0.0 cbm:0.0 amc:9.5 max_cc:1.0 avg_cc:0.9375", "target": "1"}
{"source": "wmc:19.0 dit:1.0 noc:0.0 cbo:6.0 rfc:64.0 lcom:75.0 ca:1.0 ce:6.0 npm:18.0 lcom3:0.805555556 loc:636.0 dam:1.0 moa:1.0 mfa:0.0 cam:0.385964912 ic:0.0 cbm:0.0 amc:32.15789474 max_cc:6.0 avg_cc:2.3684", "target": "0"}
{"source": "wmc:6.0 dit:1.0 noc:0.0 cbo:6.0 rfc:13.0 lcom:0.0 ca:3.0 ce:3.0 npm:6.0 lcom3:0.4 loc:55.0 dam:1.0 moa:1.0 mfa:0.0 cam:0.458333333 ic:0.0 cbm:0.0 amc:7.833333333 max_cc:2.0 avg_cc:1.0", "target": "0"}
{"source": "wmc:6.0 dit:4.0 noc:0.0 cbo:8.0 rfc:23.0 lcom:0.0 ca:0.0 ce:0.0 npm:6.0 lcom3:0.4 loc:143.0 dam:1.0 moa:0.0 mfa:0.930555556 cam:0.666666667 ic:1.0 cbm:1.0 amc:22.5 max_cc:1.0 avg_cc:0.8333", "target": "0"}
{"source": "wmc:4.0 dit:3.0 noc:0.0 cbo:7.0 rfc:10.0 lcom:4.0 ca:2.0 ce:5.0 npm:1.0 lcom3:0.666666667 loc:27.0 dam:1.0 moa:1.0 mfa:0.714285714 cam:0.5 ic:1.0 cbm:1.0 amc:5.5 max_cc:1.0 avg_cc:0.5", "target": "0"}
{"source": "wmc:2.0 dit:3.0 noc:0.0 cbo:4.0 rfc:4.0 lcom:0.0 ca:1.0 ce:3.0 npm:2.0 lcom3:1.6 loc:30.0 dam:0.4 moa:0.0 mfa:0.941176471 cam:0.6 ic:0.0 cbm:0.0 amc:11.5 max_cc:1.0 avg_cc:0.5", "target": "0"}
{"source": "wmc:30.0 dit:1.0 noc:0.0 cbo:37.0 rfc:68.0 lcom:345.0 ca:30.0 ce:9.0 npm:27.0 lcom3:0.773399015 loc:513.0 dam:1.0 moa:3.0 mfa:0.0 cam:0.18226601 ic:0.0 cbm:0.0 amc:15.86666667 max_cc:5.0 avg_cc:1.6", "target": "0"}
{"source": "wmc:10.0 dit:1.0 noc:0.0 cbo:20.0 rfc:61.0 lcom:45.0 ca:6.0 ce:16.0 npm:9.0 lcom3:2.0 loc:192.0 dam:0.0 moa:0.0 mfa:0.0 cam:0.166666667 ic:0.0 cbm:0.0 amc:18.2 max_cc:3.0 avg_cc:1.7", "target": "0"}
{"source": "wmc:8.0 dit:6.0 noc:0.0 cbo:6.0 rfc:41.0 lcom:22.0 ca:0.0 ce:0.0 npm:5.0 lcom3:0.714285714 loc:204.0 dam:1.0 moa:0.0 mfa:0.938053097 cam:0.40625 ic:2.0 cbm:2.0 amc:24.375 max_cc:5.0 avg_cc:1.75", "target": "0"}
{"source": "wmc:2.0 dit:2.0 noc:0.0 cbo:6.0 rfc:13.0 lcom:1.0 ca:1.0 ce:6.0 npm:2.0 lcom3:2.0 loc:46.0 dam:0.0 moa:0.0 mfa:0.857142857 cam:0.666666667 ic:0.0 cbm:0.0 amc:22.0 max_cc:5.0 avg_cc:2.5", "target": "0"}
{"source": "wmc:4.0 dit:1.0 noc:0.0 cbo:2.0 rfc:6.0 lcom:6.0 ca:1.0 ce:1.0 npm:3.0 lcom3:1.0 loc:23.0 dam:0.0 moa:1.0 mfa:0.0 cam:0.666666667 ic:0.0 cbm:0.0 amc:4.5 max_cc:2.0 avg_cc:0.75", "target": "0"}
{"source": "wmc:2.0 dit:1.0 noc:0.0 cbo:24.0 rfc:2.0 lcom:1.0 ca:24.0 ce:0.0 npm:2.0 lcom3:2.0 loc:2.0 dam:0.0 moa:0.0 mfa:0.0 cam:0.75 ic:0.0 cbm:0.0 amc:0.0 max_cc:1.0 avg_cc:1.0", "target": "0"}
{"source": "wmc:10.0 dit:5.0 noc:0.0 cbo:9.0 rfc:44.0 lcom:13.0 ca:0.0 ce:0.0 npm:9.0 lcom3:0.722222222 loc:176.0 dam:1.0 moa:0.0 mfa:0.920353982 cam:0.466666667 ic:2.0 cbm:4.0 amc:16.2 max_cc:1.0 avg_cc:0.9", "target": "0"}
{"source": "wmc:1.0 dit:5.0 noc:0.0 cbo:3.0 rfc:2.0 lcom:0.0 ca:2.0 ce:1.0 npm:1.0 lcom3:2.0 loc:5.0 dam:0.0 moa:0.0 mfa:1.0 cam:1.0 ic:0.0 cbm:0.0 amc:4.0 max_cc:0.0 avg_cc:0.0", "target": "0"}
{"source": "wmc:7.0 dit:1.0 noc:0.0 cbo:3.0 rfc:12.0 lcom:0.0 ca:3.0 ce:1.0 npm:7.0 lcom3:0.666666667 loc:77.0 dam:1.0 moa:4.0 mfa:0.0 cam:0.428571429 ic:0.0 cbm:0.0 amc:9.285714286 max_cc:1.0 avg_cc:0.8571", "target": "0"}
{"source": "wmc:6.0 dit:1.0 noc:0.0 cbo:6.0 rfc:40.0 lcom:13.0 ca:2.0 ce:4.0 npm:5.0 lcom3:0.2 loc:227.0 dam:1.0 moa:0.0 mfa:0.0 cam:0.666666667 ic:0.0 cbm:0.0 amc:36.66666667 max_cc:1.0 avg_cc:0.6667", "target": "0"}
{"source": "wmc:1.0 dit:1.0 noc:0.0 cbo:5.0 rfc:1.0 lcom:0.0 ca:5.0 ce:1.0 npm:1.0 lcom3:2.0 loc:1.0 dam:0.0 moa:0.0 mfa:0.0 cam:1.0 ic:0.0 cbm:0.0 amc:0.0 max_cc:1.0 avg_cc:1.0", "target": "0"}
{"source": "wmc:4.0 dit:1.0 noc:0.0 cbo:6.0 rfc:14.0 lcom:0.0 ca:3.0 ce:3.0 npm:4.0 lcom3:0.333333333 loc:74.0 dam:1.0 moa:0.0 mfa:0.0 cam:0.5 ic:0.0 cbm:0.0 amc:17.0 max_cc:7.0 avg_cc:2.25", "target": "0"}
{"source": "wmc:3.0 dit:3.0 noc:0.0 cbo:7.0 rfc:18.0 lcom:0.0 ca:1.0 ce:6.0 npm:3.0 lcom3:0.833333333 loc:87.0 dam:0.666666667 moa:2.0 mfa:0.875 cam:0.466666667 ic:0.0 cbm:0.0 amc:27.0 max_cc:1.0 avg_cc:0.6667", "target": "0"}
{"source": "wmc:30.0 dit:3.0 noc:1.0 cbo:26.0 rfc:132.0 lcom:369.0 ca:1.0 ce:25.0 npm:13.0 lcom3:0.724137931 loc:1096.0 dam:1.0 moa:0.0 mfa:0.804054054 cam:0.171111111 ic:1.0 cbm:2.0 amc:35.43333333 max_cc:18.0 avg_cc:2.6333", "target": "0"}
{"source": "wmc:3.0 dit:3.0 noc:0.0 cbo:7.0 rfc:12.0 lcom:0.0 ca:1.0 ce:6.0 npm:3.0 lcom3:0.833333333 loc:64.0 dam:0.666666667 moa:1.0 mfa:0.875 cam:0.444444444 ic:0.0 cbm:0.0 amc:19.33333333 max_cc:1.0 avg_cc:0.6667", "target": "0"}
{"source": "wmc:6.0 dit:1.0 noc:0.0 cbo:11.0 rfc:13.0 lcom:0.0 ca:10.0 ce:2.0 npm:6.0 lcom3:0.4 loc:44.0 dam:1.0 moa:1.0 mfa:0.0 cam:0.444444444 ic:0.0 cbm:0.0 amc:6.0 max_cc:1.0 avg_cc:0.8333", "target": "0"}
{"source": "wmc:1.0 dit:1.0 noc:0.0 cbo:6.0 rfc:1.0 lcom:0.0 ca:4.0 ce:2.0 npm:1.0 lcom3:2.0 loc:1.0 dam:0.0 moa:0.0 mfa:0.0 cam:1.0 ic:0.0 cbm:0.0 amc:0.0 max_cc:1.0 avg_cc:1.0", "target": "0"}
{"source": "wmc:13.0 dit:3.0 noc:0.0 cbo:8.0 rfc:32.0 lcom:4.0 ca:0.0 ce:0.0 npm:13.0 lcom3:0.666666667 loc:134.0 dam:1.0 moa:0.0 mfa:0.755102041 cam:0.192307692 ic:2.0 cbm:2.0 amc:9.076923077 max_cc:1.0 avg_cc:0.9231", "target": "0"}
{"source": "wmc:13.0 dit:1.0 noc:0.0 cbo:13.0 rfc:14.0 lcom:78.0 ca:11.0 ce:2.0 npm:12.0 lcom3:1.055555556 loc:24.0 dam:0.0 moa:1.0 mfa:0.0 cam:0.533333333 ic:0.0 cbm:0.0 amc:0.615384615 max_cc:1.0 avg_cc:0.9231", "target": "0"}
{"source": "wmc:3.0 dit:1.0 noc:0.0 cbo:10.0 rfc:3.0 lcom:3.0 ca:7.0 ce:3.0 npm:3.0 lcom3:2.0 loc:3.0 dam:0.0 moa:0.0 mfa:0.0 cam:1.0 ic:0.0 cbm:0.0 amc:0.0 max_cc:1.0 avg_cc:1.0", "target": "0"}
{"source": "wmc:1.0 dit:2.0 noc:0.0 cbo:14.0 rfc:2.0 lcom:0.0 ca:13.0 ce:1.0 npm:1.0 lcom3:2.0 loc:4.0 dam:0.0 moa:0.0 mfa:1.0 cam:1.0 ic:0.0 cbm:0.0 amc:3.0 max_cc:0.0 avg_cc:0.0", "target": "0"}
{"source": "wmc:2.0 dit:1.0 noc:0.0 cbo:6.0 rfc:2.0 lcom:1.0 ca:4.0 ce:2.0 npm:2.0 lcom3:2.0 loc:2.0 dam:0.0 moa:0.0 mfa:0.0 cam:1.0 ic:0.0 cbm:0.0 amc:0.0 max_cc:1.0 avg_cc:1.0", "target": "0"}
{"source": "wmc:48.0 dit:1.0 noc:0.0 cbo:16.0 rfc:109.0 lcom:118.0 ca:3.0 ce:15.0 npm:39.0 lcom3:0.795744681 loc:719.0 dam:1.0 moa:5.0 mfa:0.0 cam:0.147569444 ic:0.0 cbm:0.0 amc:13.77083333 max_cc:6.0 avg_cc:1.625", "target": "1"}
{"source": "wmc:2.0 dit:1.0 noc:0.0 cbo:16.0 rfc:2.0 lcom:1.0 ca:14.0 ce:2.0 npm:2.0 lcom3:2.0 loc:2.0 dam:0.0 moa:0.0 mfa:0.0 cam:0.75 ic:0.0 cbm:0.0 amc:0.0 max_cc:1.0 avg_cc:1.0", "target": "0"}
{"source": "wmc:7.0 dit:4.0 noc:0.0 cbo:7.0 rfc:27.0 lcom:0.0 ca:0.0 ce:0.0 npm:7.0 lcom3:0.611111111 loc:147.0 dam:1.0 moa:0.0 mfa:0.917808219 cam:0.357142857 ic:0.0 cbm:0.0 amc:19.57142857 max_cc:1.0 avg_cc:0.8571", "target": "0"}
{"source": "wmc:13.0 dit:1.0 noc:0.0 cbo:22.0 rfc:30.0 lcom:0.0 ca:15.0 ce:8.0 npm:11.0 lcom3:0.416666667 loc:267.0 dam:0.333333333 moa:0.0 mfa:0.0 cam:0.285714286 ic:0.0 cbm:0.0 amc:19.30769231 max_cc:7.0 avg_cc:2.3077", "target": "0"}
{"source": "wmc:4.0 dit:2.0 noc:2.0 cbo:7.0 rfc:17.0 lcom:4.0 ca:2.0 ce:5.0 npm:1.0 lcom3:0.666666667 loc:60.0 dam:1.0 moa:0.0 mfa:0.4 cam:0.666666667 ic:0.0 cbm:0.0 amc:13.75 max_cc:2.0 avg_cc:1.25", "target": "0"}
{"source": "wmc:10.0 dit:1.0 noc:0.0 cbo:11.0 rfc:39.0 lcom:39.0 ca:11.0 ce:0.0 npm:7.0 lcom3:0.666666667 loc:1308.0 dam:1.0 moa:0.0 mfa:0.0 cam:0.174603175 ic:0.0 cbm:0.0 amc:129.7 max_cc:7.0 avg_cc:2.8", "target": "0"}
{"source": "wmc:7.0 dit:1.0 noc:0.0 cbo:3.0 rfc:8.0 lcom:15.0 ca:3.0 ce:0.0 npm:6.0 lcom3:0.5 loc:51.0 dam:1.0 moa:0.0 mfa:0.0 cam:0.535714286 ic:0.0 cbm:0.0 amc:5.857142857 max_cc:1.0 avg_cc:0.5714", "target": "0"}
{"source": "wmc:12.0 dit:4.0 noc:0.0 cbo:8.0 rfc:24.0 lcom:30.0 ca:0.0 ce:0.0 npm:12.0 lcom3:0.8 loc:124.0 dam:1.0 moa:0.0 mfa:0.858974359 cam:0.708333333 ic:0.0 cbm:0.0 amc:8.916666667 max_cc:1.0 avg_cc:0.9167", "target": "1"}
{"source": "wmc:2.0 dit:1.0 noc:0.0 cbo:5.0 rfc:2.0 lcom:1.0 ca:3.0 ce:2.0 npm:2.0 lcom3:2.0 loc:2.0 dam:0.0 moa:0.0 mfa:0.0 cam:1.0 ic:0.0 cbm:0.0 amc:0.0 max_cc:1.0 avg_cc:1.0", "target": "0"}
{"source": "wmc:2.0 dit:1.0 noc:1.0 cbo:6.0 rfc:4.0 lcom:1.0 ca:3.0 ce:3.0 npm:2.0 lcom3:2.0 loc:8.0 dam:0.0 moa:0.0 mfa:0.0 cam:0.625 ic:0.0 cbm:0.0 amc:3.0 max_cc:1.0 avg_cc:0.5", "target": "0"}
{"source": "wmc:5.0 dit:2.0 noc:0.0 cbo:4.0 rfc:21.0 lcom:0.0 ca:0.0 ce:4.0 npm:4.0 lcom3:0.166666667 loc:144.0 dam:1.0 moa:0.0 mfa:0.666666667 cam:0.533333333 ic:1.0 cbm:1.0 amc:27.2 max_cc:5.0 avg_cc:2.4", "target": "0"}
{"source": "wmc:4.0 dit:1.0 noc:0.0 cbo:4.0 rfc:7.0 lcom:0.0 ca:1.0 ce:3.0 npm:4.0 lcom3:0.333333333 loc:31.0 dam:1.0 moa:2.0 mfa:0.0 cam:0.4375 ic:0.0 cbm:0.0 amc:6.25 max_cc:2.0 avg_cc:1.0", "target": "0"}
{"source": "wmc:4.0 dit:1.0 noc:0.0 cbo:22.0 rfc:12.0 lcom:6.0 ca:22.0 ce:0.0 npm:3.0 lcom3:2.0 loc:72.0 dam:0.0 moa:0.0 mfa:0.0 cam:0.375 ic:0.0 cbm:0.0 amc:17.0 max_cc:2.0 avg_cc:1.5", "target": "0"}
{"source": "wmc:1.0 dit:1.0 noc:0.0 cbo:7.0 rfc:1.0 lcom:0.0 ca:5.0 ce:2.0 npm:1.0 lcom3:2.0 loc:1.0 dam:0.0 moa:0.0 mfa:0.0 cam:1.0 ic:0.0 cbm:0.0 amc:0.0 max_cc:1.0 avg_cc:1.0", "target": "0"}
{"source": "wmc:2.0 dit:3.0 noc:0.0 cbo:5.0 rfc:7.0 lcom:1.0 ca:1.0 ce:4.0 npm:2.0 lcom3:2.0 loc:18.0 dam:0.0 moa:0.0 mfa:0.9375 cam:0.625 ic:0.0 cbm:0.0 amc:8.0 max_cc:1.0 avg_cc:0.5", "target": "0"}
{"source": "wmc:3.0 dit:2.0 noc:0.0 cbo:3.0 rfc:6.0 lcom:3.0 ca:1.0 ce:2.0 npm:3.0 lcom3:2.0 loc:15.0 dam:0.0 moa:0.0 mfa:0.8 cam:0.833333333 ic:2.0 cbm:2.0 amc:4.0 max_cc:1.0 avg_cc:0.6667", "target": "0"}
{"source": "wmc:29.0 dit:3.0 noc:0.0 cbo:21.0 rfc:97.0 lcom:316.0 ca:4.0 ce:0.0 npm:20.0 lcom3:0.853571429 loc:677.0 dam:0.9 moa:1.0 mfa:0.517241379 cam:0.206896552 ic:2.0 cbm:2.0 amc:22.0 max_cc:8.0 avg_cc:1.931", "target": "0"}
{"source": "wmc:5.0 dit:1.0 noc:0.0 cbo:7.0 rfc:23.0 lcom:0.0 ca:5.0 ce:2.0 npm:5.0 lcom3:0.583333333 loc:105.0 dam:1.0 moa:1.0 mfa:0.0 cam:0.533333333 ic:0.0 cbm:0.0 amc:19.4 max_cc:3.0 avg_cc:1.2", "target": "0"}
{"source": "wmc:33.0 dit:2.0 noc:0.0 cbo:33.0 rfc:45.0 lcom:390.0 ca:26.0 ce:7.0 npm:32.0 lcom3:0.9296875 loc:350.0 dam:0.8125 moa:1.0 mfa:0.0625 cam:0.163194444 ic:0.0 cbm:0.0 amc:9.121212121 max_cc:4.0 avg_cc:1.0303", "target": "0"}
{"source": "wmc:3.0 dit:2.0 noc:0.0 cbo:4.0 rfc:23.0 lcom:3.0 ca:1.0 ce:3.0 npm:0.0 lcom3:1.0 loc:95.0 dam:0.0 moa:1.0 mfa:0.933333333 cam:1.0 ic:2.0 cbm:2.0 amc:30.33333333 max_cc:3.0 avg_cc:1.0", "target": "0"}
{"source": "wmc:3.0 dit:2.0 noc:3.0 cbo:6.0 rfc:11.0 lcom:1.0 ca:3.0 ce:3.0 npm:2.0 lcom3:0.5 loc:33.0 dam:1.0 moa:1.0 mfa:0.857142857 cam:0.666666667 ic:0.0 cbm:0.0 amc:9.666666667 max_cc:1.0 avg_cc:0.6667", "target": "0"}
{"source": "wmc:1.0 dit:3.0 noc:0.0 cbo:5.0 rfc:2.0 lcom:0.0 ca:1.0 ce:4.0 npm:1.0 lcom3:2.0 loc:9.0 dam:0.0 moa:0.0 mfa:1.0 cam:1.0 ic:0.0 cbm:0.0 amc:7.0 max_cc:0.0 avg_cc:0.0", "target": "0"}
{"source": "wmc:6.0 dit:1.0 noc:0.0 cbo:5.0 rfc:22.0 lcom:0.0 ca:3.0 ce:3.0 npm:4.0 lcom3:0.6 loc:84.0 dam:1.0 moa:2.0 mfa:0.0 cam:0.444444444 ic:0.0 cbm:0.0 amc:12.5 max_cc:2.0 avg_cc:1.0", "target": "1"}
{"source": "wmc:8.0 dit:1.0 noc:0.0 cbo:16.0 rfc:8.0 lcom:28.0 ca:10.0 ce:6.0 npm:8.0 lcom3:2.0 loc:8.0 dam:0.0 moa:0.0 mfa:0.0 cam:0.34375 ic:0.0 cbm:0.0 amc:0.0 max_cc:1.0 avg_cc:1.0", "target": "0"}
{"source": "wmc:15.0 dit:1.0 noc:0.0 cbo:19.0 rfc:66.0 lcom:39.0 ca:2.0 ce:18.0 npm:6.0 lcom3:0.827380952 loc:451.0 dam:1.0 moa:3.0 mfa:0.0 cam:0.20952381 ic:0.0 cbm:0.0 amc:28.26666667 max_cc:6.0 avg_cc:1.9333", "target": "0"}
{"source": "wmc:5.0 dit:2.0 noc:3.0 cbo:5.0 rfc:9.0 lcom:0.0 ca:3.0 ce:2.0 npm:5.0 lcom3:0.25 loc:34.0 dam:1.0 moa:0.0 mfa:0.571428571 cam:0.533333333 ic:1.0 cbm:1.0 amc:5.6 max_cc:1.0 avg_cc:0.6", "target": "0"}
{"source": "wmc:17.0 dit:3.0 noc:0.0 cbo:15.0 rfc:78.0 lcom:84.0 ca:0.0 ce:0.0 npm:15.0 lcom3:0.8515625 loc:413.0 dam:1.0 moa:0.0 mfa:0.698113208 cam:0.254901961 ic:1.0 cbm:1.0 amc:22.82352941 max_cc:6.0 avg_cc:1.2353", "target": "0"}
{"source": "wmc:4.0 dit:1.0 noc:0.0 cbo:2.0 rfc:6.0 lcom:0.0 ca:1.0 ce:1.0 npm:4.0 lcom3:0.333333333 loc:35.0 dam:1.0 moa:2.0 mfa:0.0 cam:0.5 ic:0.0 cbm:0.0 amc:7.25 max_cc:3.0 avg_cc:1.25", "target": "0"}
{"source": "wmc:6.0 dit:4.0 noc:0.0 cbo:6.0 rfc:19.0 lcom:3.0 ca:0.0 ce:0.0 npm:6.0 lcom3:0.8 loc:94.0 dam:0.5 moa:0.0 mfa:0.930555556 cam:0.444444444 ic:1.0 cbm:1.0 amc:14.0 max_cc:1.0 avg_cc:0.8333", "target": "0"}
{"source": "wmc:2.0 dit:3.0 noc:0.0 cbo:4.0 rfc:14.0 lcom:0.0 ca:1.0 ce:3.0 npm:2.0 lcom3:1.0 loc:54.0 dam:0.5 moa:1.0 mfa:0.928571429 cam:0.625 ic:0.0 cbm:0.0 amc:25.0 max_cc:1.0 avg_cc:0.5", "target": "0"}
{"source": "wmc:2.0 dit:2.0 noc:0.0 cbo:5.0 rfc:4.0 lcom:1.0 ca:2.0 ce:3.0 npm:1.0 lcom3:2.0 loc:8.0 dam:0.0 moa:0.0 mfa:0.666666667 cam:0.75 ic:1.0 cbm:1.0 amc:3.0 max_cc:1.0 avg_cc:0.5", "target": "0"}
{"source": "wmc:7.0 dit:4.0 noc:0.0 cbo:2.0 rfc:20.0 lcom:21.0 ca:1.0 ce:1.0 npm:7.0 lcom3:2.0 loc:67.0 dam:0.0 moa:0.0 mfa:0.910447761 cam:0.571428571 ic:2.0 cbm:2.0 amc:8.571428571 max_cc:2.0 avg_cc:1.0", "target": "0"}
{"source": "wmc:2.0 dit:1.0 noc:0.0 cbo:3.0 rfc:6.0 lcom:0.0 ca:1.0 ce:2.0 npm:2.0 lcom3:0.0 loc:26.0 dam:1.0 moa:0.0 mfa:0.0 cam:0.666666667 ic:0.0 cbm:0.0 amc:11.5 max_cc:2.0 avg_cc:1.0", "target": "0"}
{"source": "wmc:1.0 dit:1.0 noc:0.0 cbo:6.0 rfc:1.0 lcom:0.0 ca:4.0 ce:2.0 npm:1.0 lcom3:2.0 loc:1.0 dam:0.0 moa:0.0 mfa:0.0 cam:1.0 ic:0.0 cbm:0.0 amc:0.0 max_cc:1.0 avg_cc:1.0", "target": "0"}
{"source": "wmc:8.0 dit:5.0 noc:0.0 cbo:11.0 rfc:32.0 lcom:18.0 ca:0.0 ce:0.0 npm:7.0 lcom3:0.666666667 loc:149.0 dam:1.0 moa:0.0 mfa:0.936936937 cam:0.5 ic:1.0 cbm:2.0 amc:17.25 max_cc:2.0 avg_cc:1.0", "target": "0"}
{"source": "wmc:2.0 dit:4.0 noc:0.0 cbo:5.0 rfc:4.0 lcom:0.0 ca:3.0 ce:2.0 npm:2.0 lcom3:0.0 loc:14.0 dam:1.0 moa:1.0 mfa:0.944444444 cam:0.75 ic:0.0 cbm:0.0 amc:5.5 max_cc:1.0 avg_cc:0.5", "target": "0"}
{"source": "wmc:5.0 dit:2.0 noc:0.0 cbo:17.0 rfc:6.0 lcom:6.0 ca:15.0 ce:2.0 npm:5.0 lcom3:0.75 loc:25.0 dam:1.0 moa:0.0 mfa:0.818181818 cam:0.4 ic:0.0 cbm:0.0 amc:3.6 max_cc:1.0 avg_cc:0.8", "target": "0"}
{"source": "wmc:3.0 dit:2.0 noc:0.0 cbo:6.0 rfc:5.0 lcom:3.0 ca:3.0 ce:3.0 npm:1.0 lcom3:1.0 loc:18.0 dam:0.0 moa:1.0 mfa:0.8 cam:0.75 ic:1.0 cbm:1.0 amc:4.666666667 max_cc:1.0 avg_cc:0.3333", "target": "0"}
{"source": "wmc:5.0 dit:1.0 noc:0.0 cbo:13.0 rfc:31.0 lcom:8.0 ca:2.0 ce:11.0 npm:4.0 lcom3:0.625 loc:140.0 dam:0.5 moa:1.0 mfa:0.0 cam:0.342857143 ic:0.0 cbm:0.0 amc:26.6 max_cc:1.0 avg_cc:0.8", "target": "0"}
{"source": "wmc:15.0 dit:3.0 noc:0.0 cbo:17.0 rfc:69.0 lcom:105.0 ca:3.0 ce:0.0 npm:7.0 lcom3:1.071428571 loc:583.0 dam:1.0 moa:0.0 mfa:0.735849057 cam:0.275 ic:1.0 cbm:2.0 amc:37.8 max_cc:1.0 avg_cc:0.9333", "target": "0"}
{"source": "wmc:9.0 dit:1.0 noc:0.0 cbo:22.0 rfc:117.0 lcom:36.0 ca:1.0 ce:21.0 npm:3.0 lcom3:1.125 loc:1209.0 dam:0.0 moa:0.0 mfa:0.0 cam:0.476190476 ic:0.0 cbm:0.0 amc:133.2222222 max_cc:16.0 avg_cc:4.6667", "target": "0"}
{"source": "wmc:77.0 dit:1.0 noc:0.0 cbo:50.0 rfc:243.0 lcom:2706.0 ca:4.0 ce:49.0 npm:49.0 lcom3:0.947916667 loc:2480.0 dam:1.0 moa:4.0 mfa:0.0 cam:0.087550607 ic:0.0 cbm:0.0 amc:30.8961039 max_cc:11.0 avg_cc:1.9481", "target": "1"}
{"source": "wmc:13.0 dit:1.0 noc:0.0 cbo:29.0 rfc:148.0 lcom:78.0 ca:0.0 ce:0.0 npm:1.0 lcom3:0.972222222 loc:1407.0 dam:0.333333333 moa:0.0 mfa:0.0 cam:0.192307692 ic:0.0 cbm:0.0 amc:107.0 max_cc:8.0 avg_cc:2.3077", "target": "1"}
{"source": "wmc:11.0 dit:1.0 noc:0.0 cbo:12.0 rfc:52.0 lcom:37.0 ca:4.0 ce:0.0 npm:5.0 lcom3:0.7 loc:360.0 dam:1.0 moa:1.0 mfa:0.0 cam:0.383333333 ic:0.0 cbm:0.0 amc:31.36363636 max_cc:8.0 avg_cc:1.8182", "target": "1"}
{"source": "wmc:1.0 dit:1.0 noc:0.0 cbo:9.0 rfc:1.0 lcom:0.0 ca:8.0 ce:1.0 npm:1.0 lcom3:2.0 loc:1.0 dam:0.0 moa:0.0 mfa:0.0 cam:1.0 ic:0.0 cbm:0.0 amc:0.0 max_cc:1.0 avg_cc:1.0", "target": "0"}
{"source": "wmc:99.0 dit:1.0 noc:0.0 cbo:65.0 rfc:293.0 lcom:3615.0 ca:31.0 ce:42.0 npm:73.0 lcom3:0.876984127 loc:2894.0 dam:1.0 moa:9.0 mfa:0.0 cam:0.090505768 ic:1.0 cbm:1.0 amc:28.05050505 max_cc:21.0 avg_cc:2.202", "target": "1"}
{"source": "wmc:2.0 dit:1.0 noc:0.0 cbo:19.0 rfc:2.0 lcom:1.0 ca:19.0 ce:0.0 npm:2.0 lcom3:2.0 loc:2.0 dam:0.0 moa:0.0 mfa:0.0 cam:1.0 ic:0.0 cbm:0.0 amc:0.0 max_cc:1.0 avg_cc:1.0", "target": "0"}
{"source": "wmc:6.0 dit:2.0 noc:2.0 cbo:2.0 rfc:19.0 lcom:0.0 ca:2.0 ce:0.0 npm:4.0 lcom3:0.3 loc:86.0 dam:1.0 moa:0.0 mfa:0.772727273 cam:0.366666667 ic:0.0 cbm:0.0 amc:13.0 max_cc:3.0 avg_cc:1.1667", "target": "0"}
{"source": "wmc:10.0 dit:2.0 noc:3.0 cbo:5.0 rfc:21.0 lcom:0.0 ca:4.0 ce:1.0 npm:9.0 lcom3:0.0 loc:84.0 dam:1.0 moa:1.0 mfa:0.968253968 cam:0.5 ic:0.0 cbm:0.0 amc:7.3 max_cc:1.0 avg_cc:0.2", "target": "0"}
{"source": "wmc:13.0 dit:2.0 noc:0.0 cbo:11.0 rfc:50.0 lcom:46.0 ca:0.0 ce:0.0 npm:10.0 lcom3:0.783333333 loc:267.0 dam:1.0 moa:0.0 mfa:0.428571429 cam:0.323076923 ic:0.0 cbm:0.0 amc:19.15384615 max_cc:8.0 avg_cc:1.5385", "target": "0"}
{"source": "wmc:3.0 dit:1.0 noc:0.0 cbo:20.0 rfc:3.0 lcom:3.0 ca:19.0 ce:2.0 npm:3.0 lcom3:2.0 loc:3.0 dam:0.0 moa:0.0 mfa:0.0 cam:0.583333333 ic:0.0 cbm:0.0 amc:0.0 max_cc:1.0 avg_cc:1.0", "target": "0"}
{"source": "wmc:2.0 dit:2.0 noc:0.0 cbo:8.0 rfc:3.0 lcom:0.0 ca:5.0 ce:3.0 npm:2.0 lcom3:0.0 loc:14.0 dam:1.0 moa:1.0 mfa:0.8 cam:0.625 ic:0.0 cbm:0.0 amc:5.5 max_cc:1.0 avg_cc:0.5", "target": "0"}
{"source": "wmc:19.0 dit:6.0 noc:0.0 cbo:10.0 rfc:62.0 lcom:119.0 ca:1.0 ce:0.0 npm:17.0 lcom3:0.931623932 loc:309.0 dam:1.0 moa:0.0 mfa:0.904255319 cam:0.289473684 ic:3.0 cbm:4.0 amc:14.57894737 max_cc:8.0 avg_cc:1.6316", "target": "0"}
{"source": "wmc:3.0 dit:2.0 noc:2.0 cbo:5.0 rfc:10.0 lcom:0.0 ca:2.0 ce:3.0 npm:2.0 lcom3:0.5 loc:39.0 dam:1.0 moa:2.0 mfa:0.857142857 cam:0.466666667 ic:0.0 cbm:0.0 amc:11.33333333 max_cc:1.0 avg_cc:0.6667", "target": "0"}
{"source": "wmc:29.0 dit:1.0 noc:0.0 cbo:39.0 rfc:116.0 lcom:90.0 ca:1.0 ce:38.0 npm:22.0 lcom3:0.915584416 loc:1109.0 dam:0.818181818 moa:5.0 mfa:0.0 cam:0.149350649 ic:0.0 cbm:0.0 amc:36.86206897 max_cc:14.0 avg_cc:2.069", "target": "1"}
{"source": "wmc:14.0 dit:1.0 noc:0.0 cbo:12.0 rfc:41.0 lcom:35.0 ca:5.0 ce:7.0 npm:11.0 lcom3:0.153846154 loc:230.0 dam:1.0 moa:0.0 mfa:0.0 cam:0.276785714 ic:0.0 cbm:0.0 amc:15.35714286 max_cc:3.0 avg_cc:1.1429", "target": "0"}
{"source": "wmc:3.0 dit:2.0 noc:2.0 cbo:6.0 rfc:14.0 lcom:0.0 ca:2.0 ce:4.0 npm:2.0 lcom3:0.5 loc:70.0 dam:1.0 moa:2.0 mfa:0.857142857 cam:0.466666667 ic:0.0 cbm:0.0 amc:21.66666667 max_cc:1.0 avg_cc:0.6667", "target": "0"}
{"source": "wmc:14.0 dit:2.0 noc:0.0 cbo:10.0 rfc:23.0 lcom:53.0 ca:5.0 ce:5.0 npm:14.0 lcom3:0.701923077 loc:164.0 dam:1.0 moa:1.0 mfa:0.421052632 cam:0.285714286 ic:1.0 cbm:9.0 amc:10.14285714 max_cc:1.0 avg_cc:0.7857", "target": "0"}
{"source": "wmc:4.0 dit:1.0 noc:3.0 cbo:7.0 rfc:5.0 lcom:0.0 ca:7.0 ce:0.0 npm:4.0 lcom3:1.0 loc:32.0 dam:0.25 moa:0.0 mfa:0.0 cam:0.5 ic:0.0 cbm:0.0 amc:6.0 max_cc:1.0 avg_cc:0.5", "target": "0"}
{"source": "wmc:4.0 dit:3.0 noc:0.0 cbo:2.0 rfc:8.0 lcom:6.0 ca:2.0 ce:0.0 npm:4.0 lcom3:1.333333333 loc:21.0 dam:1.0 moa:0.0 mfa:1.0 cam:0.666666667 ic:0.0 cbm:0.0 amc:4.0 max_cc:0.0 avg_cc:0.0", "target": "0"}
{"source": "wmc:3.0 dit:2.0 noc:0.0 cbo:3.0 rfc:5.0 lcom:3.0 ca:1.0 ce:2.0 npm:3.0 lcom3:2.0 loc:12.0 dam:0.0 moa:0.0 mfa:0.666666667 cam:0.777777778 ic:0.0 cbm:0.0 amc:3.0 max_cc:1.0 avg_cc:0.6667", "target": "0"}
{"source": "wmc:3.0 dit:1.0 noc:0.0 cbo:5.0 rfc:3.0 lcom:3.0 ca:4.0 ce:1.0 npm:3.0 lcom3:2.0 loc:3.0 dam:0.0 moa:0.0 mfa:0.0 cam:0.777777778 ic:0.0 cbm:0.0 amc:0.0 max_cc:1.0 avg_cc:1.0", "target": "0"}
{"source": "wmc:2.0 dit:2.0 noc:0.0 cbo:4.0 rfc:4.0 lcom:1.0 ca:2.0 ce:2.0 npm:2.0 lcom3:2.0 loc:10.0 dam:0.0 moa:0.0 mfa:0.857142857 cam:0.666666667 ic:0.0 cbm:0.0 amc:4.0 max_cc:1.0 avg_cc:0.5", "target": "0"}
{"source": "wmc:3.0 dit:1.0 noc:0.0 cbo:11.0 rfc:22.0 lcom:3.0 ca:0.0 ce:11.0 npm:3.0 lcom3:2.0 loc:101.0 dam:0.0 moa:0.0 mfa:0.0 cam:0.416666667 ic:0.0 cbm:0.0 amc:32.66666667 max_cc:2.0 avg_cc:1.3333", "target": "0"}
{"source": "wmc:3.0 dit:1.0 noc:0.0 cbo:11.0 rfc:38.0 lcom:1.0 ca:1.0 ce:10.0 npm:3.0 lcom3:0.0 loc:215.0 dam:1.0 moa:0.0 mfa:0.0 cam:0.416666667 ic:0.0 cbm:0.0 amc:70.33333333 max_cc:4.0 avg_cc:1.6667", "target": "0"}
{"source": "wmc:4.0 dit:1.0 noc:0.0 cbo:2.0 rfc:8.0 lcom:4.0 ca:0.0 ce:2.0 npm:4.0 lcom3:0.666666667 loc:24.0 dam:1.0 moa:1.0 mfa:0.0 cam:0.5 ic:0.0 cbm:0.0 amc:4.75 max_cc:1.0 avg_cc:0.75", "target": "0"}
{"source": "wmc:33.0 dit:1.0 noc:0.0 cbo:54.0 rfc:277.0 lcom:194.0 ca:9.0 ce:48.0 npm:20.0 lcom3:0.75625 loc:2591.0 dam:1.0 moa:4.0 mfa:0.0 cam:0.10955711 ic:0.0 cbm:0.0 amc:77.36363636 max_cc:19.0 avg_cc:4.0", "target": "1"}
{"source": "wmc:2.0 dit:3.0 noc:0.0 cbo:3.0 rfc:5.0 lcom:0.0 ca:1.0 ce:2.0 npm:1.0 lcom3:0.0 loc:15.0 dam:1.0 moa:0.0 mfa:1.0 cam:1.0 ic:0.0 cbm:0.0 amc:6.0 max_cc:0.0 avg_cc:0.0", "target": "0"}
{"source": "wmc:1.0 dit:1.0 noc:0.0 cbo:5.0 rfc:1.0 lcom:0.0 ca:4.0 ce:1.0 npm:1.0 lcom3:2.0 loc:1.0 dam:0.0 moa:0.0 mfa:0.0 cam:1.0 ic:0.0 cbm:0.0 amc:0.0 max_cc:1.0 avg_cc:1.0", "target": "0"}
{"source": "wmc:22.0 dit:2.0 noc:0.0 cbo:20.0 rfc:143.0 lcom:0.0 ca:2.0 ce:20.0 npm:5.0 lcom3:0.761904762 loc:1648.0 dam:1.0 moa:2.0 mfa:0.447368421 cam:0.331168831 ic:1.0 cbm:2.0 amc:73.36363636 max_cc:16.0 avg_cc:2.8636", "target": "1"}
{"source": "wmc:5.0 dit:3.0 noc:0.0 cbo:3.0 rfc:15.0 lcom:10.0 ca:1.0 ce:2.0 npm:4.0 lcom3:2.0 loc:50.0 dam:0.0 moa:0.0 mfa:0.785714286 cam:0.5 ic:0.0 cbm:0.0 amc:9.0 max_cc:1.0 avg_cc:0.6", "target": "0"}
{"source": "wmc:3.0 dit:1.0 noc:0.0 cbo:9.0 rfc:3.0 lcom:3.0 ca:4.0 ce:5.0 npm:3.0 lcom3:2.0 loc:3.0 dam:0.0 moa:0.0 mfa:0.0 cam:0.619047619 ic:0.0 cbm:0.0 amc:0.0 max_cc:1.0 avg_cc:1.0", "target": "0"}
{"source": "wmc:4.0 dit:1.0 noc:2.0 cbo:10.0 rfc:10.0 lcom:6.0 ca:2.0 ce:8.0 npm:4.0 lcom3:2.0 loc:27.0 dam:0.0 moa:0.0 mfa:0.0 cam:0.375 ic:0.0 cbm:0.0 amc:5.75 max_cc:1.0 avg_cc:0.75", "target": "0"}
{"source": "wmc:13.0 dit:1.0 noc:0.0 cbo:19.0 rfc:77.0 lcom:0.0 ca:4.0 ce:15.0 npm:12.0 lcom3:0.25 loc:1090.0 dam:1.0 moa:1.0 mfa:0.0 cam:0.253846154 ic:0.0 cbm:0.0 amc:82.76923077 max_cc:14.0 avg_cc:2.8462", "target": "0"}
{"source": "wmc:5.0 dit:1.0 noc:0.0 cbo:16.0 rfc:65.0 lcom:10.0 ca:1.0 ce:16.0 npm:4.0 lcom3:2.0 loc:598.0 dam:0.0 moa:0.0 mfa:0.0 cam:0.3 ic:0.0 cbm:0.0 amc:118.6 max_cc:2.0 avg_cc:1.0", "target": "0"}
{"source": "wmc:10.0 dit:2.0 noc:1.0 cbo:6.0 rfc:30.0 lcom:27.0 ca:3.0 ce:4.0 npm:0.0 lcom3:0.733333333 loc:290.0 dam:1.0 moa:1.0 mfa:0.363636364 cam:0.36 ic:0.0 cbm:0.0 amc:27.5 max_cc:4.0 avg_cc:1.4", "target": "0"}
{"source": "wmc:12.0 dit:1.0 noc:0.0 cbo:3.0 rfc:21.0 lcom:0.0 ca:1.0 ce:0.0 npm:11.0 lcom3:0.303030303 loc:222.0 dam:1.0 moa:1.0 mfa:0.0 cam:0.316666667 ic:0.0 cbm:0.0 amc:17.0 max_cc:2.0 avg_cc:1.0", "target": "0"}
{"source": "wmc:11.0 dit:1.0 noc:0.0 cbo:11.0 rfc:44.0 lcom:49.0 ca:8.0 ce:3.0 npm:8.0 lcom3:0.95 loc:279.0 dam:0.5 moa:0.0 mfa:0.0 cam:0.233333333 ic:0.0 cbm:0.0 amc:23.63636364 max_cc:8.0 avg_cc:1.5455", "target": "1"}
{"source": "wmc:13.0 dit:4.0 noc:0.0 cbo:4.0 rfc:35.0 lcom:68.0 ca:0.0 ce:0.0 npm:12.0 lcom3:0.833333333 loc:194.0 dam:1.0 moa:0.0 mfa:0.848101266 cam:0.487179487 ic:0.0 cbm:0.0 amc:13.53846154 max_cc:3.0 avg_cc:1.0769", "target": "0"}
{"source": "wmc:4.0 dit:1.0 noc:0.0 cbo:24.0 rfc:104.0 lcom:0.0 ca:2.0 ce:22.0 npm:3.0 lcom3:0.333333333 loc:763.0 dam:1.0 moa:2.0 mfa:0.0 cam:0.375 ic:0.0 cbm:0.0 amc:189.25 max_cc:1.0 avg_cc:0.75", "target": "0"}
{"source": "wmc:2.0 dit:1.0 noc:0.0 cbo:2.0 rfc:8.0 lcom:1.0 ca:2.0 ce:0.0 npm:1.0 lcom3:2.0 loc:49.0 dam:0.0 moa:0.0 mfa:0.0 cam:0.5 ic:0.0 cbm:0.0 amc:23.5 max_cc:4.0 avg_cc:2.0", "target": "0"}
{"source": "wmc:11.0 dit:1.0 noc:0.0 cbo:7.0 rfc:20.0 lcom:37.0 ca:7.0 ce:0.0 npm:10.0 lcom3:0.625 loc:132.0 dam:1.0 moa:0.0 mfa:0.0 cam:0.393939394 ic:1.0 cbm:1.0 amc:10.63636364 max_cc:3.0 avg_cc:1.4545", "target": "0"}
{"source": "wmc:10.0 dit:1.0 noc:0.0 cbo:2.0 rfc:16.0 lcom:23.0 ca:1.0 ce:0.0 npm:9.0 lcom3:0.5 loc:88.0 dam:1.0 moa:1.0 mfa:0.0 cam:0.433333333 ic:0.0 cbm:0.0 amc:7.2 max_cc:2.0 avg_cc:1.0", "target": "0"}
{"source": "wmc:37.0 dit:4.0 noc:0.0 cbo:16.0 rfc:108.0 lcom:516.0 ca:0.0 ce:0.0 npm:29.0 lcom3:0.916666667 loc:1130.0 dam:0.928571429 moa:0.0 mfa:0.650485437 cam:0.16953317 ic:2.0 cbm:3.0 amc:29.16216216 max_cc:5.0 avg_cc:1.6486", "target": "0"}
{"source": "wmc:9.0 dit:2.0 noc:2.0 cbo:7.0 rfc:28.0 lcom:10.0 ca:2.0 ce:5.0 npm:8.0 lcom3:0.583333333 loc:124.0 dam:1.0 moa:2.0 mfa:0.466666667 cam:0.259259259 ic:1.0 cbm:1.0 amc:12.44444444 max_cc:2.0 avg_cc:1.0", "target": "0"}
{"source": "wmc:21.0 dit:2.0 noc:0.0 cbo:30.0 rfc:108.0 lcom:190.0 ca:1.0 ce:0.0 npm:7.0 lcom3:0.794444444 loc:766.0 dam:0.888888889 moa:1.0 mfa:0.366666667 cam:0.292857143 ic:1.0 cbm:3.0 amc:35.04761905 max_cc:10.0 avg_cc:1.9524", "target": "0"}
{"source": "wmc:74.0 dit:1.0 noc:0.0 cbo:84.0 rfc:163.0 lcom:2213.0 ca:44.0 ce:46.0 npm:70.0 lcom3:0.901946647 loc:1119.0 dam:0.894736842 moa:12.0 mfa:0.0 cam:0.055222603 ic:0.0 cbm:0.0 amc:13.86486486 max_cc:11.0 avg_cc:1.2297", "target": "0"}
{"source": "wmc:7.0 dit:2.0 noc:0.0 cbo:12.0 rfc:24.0 lcom:0.0 ca:2.0 ce:0.0 npm:6.0 lcom3:0.541666667 loc:122.0 dam:1.0 moa:0.0 mfa:0.76 cam:0.333333333 ic:1.0 cbm:8.0 amc:15.85714286 max_cc:3.0 avg_cc:1.1429", "target": "0"}
{"source": "wmc:19.0 dit:1.0 noc:1.0 cbo:32.0 rfc:29.0 lcom:107.0 ca:29.0 ce:3.0 npm:19.0 lcom3:0.895833333 loc:186.0 dam:0.875 moa:3.0 mfa:0.0 cam:0.195488722 ic:0.0 cbm:0.0 amc:8.368421053 max_cc:5.0 avg_cc:1.2105", "target": "1"}
{"source": "wmc:2.0 dit:1.0 noc:0.0 cbo:12.0 rfc:2.0 lcom:1.0 ca:11.0 ce:1.0 npm:2.0 lcom3:2.0 loc:2.0 dam:0.0 moa:0.0 mfa:0.0 cam:0.75 ic:0.0 cbm:0.0 amc:0.0 max_cc:1.0 avg_cc:1.0", "target": "0"}
{"source": "wmc:29.0 dit:1.0 noc:0.0 cbo:24.0 rfc:91.0 lcom:312.0 ca:10.0 ce:16.0 npm:27.0 lcom3:0.821428571 loc:699.0 dam:1.0 moa:3.0 mfa:0.0 cam:0.116710875 ic:0.0 cbm:0.0 amc:22.75862069 max_cc:6.0 avg_cc:1.8276", "target": "0"}
{"source": "wmc:65.0 dit:1.0 noc:3.0 cbo:41.0 rfc:131.0 lcom:2010.0 ca:5.0 ce:37.0 npm:39.0 lcom3:0.911057692 loc:810.0 dam:1.0 moa:5.0 mfa:0.0 cam:0.077591973 ic:0.0 cbm:0.0 amc:11.26153846 max_cc:5.0 avg_cc:1.4", "target": "1"}
{"source": "wmc:6.0 dit:2.0 noc:0.0 cbo:5.0 rfc:15.0 lcom:15.0 ca:1.0 ce:4.0 npm:6.0 lcom3:2.0 loc:53.0 dam:0.0 moa:0.0 mfa:0.615384615 cam:0.541666667 ic:2.0 cbm:2.0 amc:7.833333333 max_cc:2.0 avg_cc:1.3333", "target": "0"}
{"source": "wmc:4.0 dit:1.0 noc:0.0 cbo:5.0 rfc:9.0 lcom:0.0 ca:4.0 ce:1.0 npm:4.0 lcom3:0.333333333 loc:34.0 dam:1.0 moa:1.0 mfa:0.0 cam:0.5 ic:0.0 cbm:0.0 amc:7.0 max_cc:1.0 avg_cc:0.75", "target": "0"}
{"source": "wmc:3.0 dit:2.0 noc:0.0 cbo:10.0 rfc:5.0 lcom:3.0 ca:7.0 ce:3.0 npm:1.0 lcom3:1.0 loc:18.0 dam:0.0 moa:1.0 mfa:0.8 cam:0.75 ic:1.0 cbm:1.0 amc:4.666666667 max_cc:1.0 avg_cc:0.3333", "target": "0"}
{"source": "wmc:21.0 dit:3.0 noc:0.0 cbo:4.0 rfc:54.0 lcom:0.0 ca:0.0 ce:0.0 npm:19.0 lcom3:0.858333333 loc:233.0 dam:0.5 moa:1.0 mfa:0.660714286 cam:0.375 ic:1.0 cbm:1.0 amc:9.80952381 max_cc:2.0 avg_cc:1.0", "target": "0"}
{"source": "wmc:1.0 dit:1.0 noc:0.0 cbo:10.0 rfc:1.0 lcom:0.0 ca:8.0 ce:2.0 npm:1.0 lcom3:2.0 loc:1.0 dam:0.0 moa:0.0 mfa:0.0 cam:1.0 ic:0.0 cbm:0.0 amc:0.0 max_cc:1.0 avg_cc:1.0", "target": "0"}
{"source": "wmc:55.0 dit:1.0 noc:0.0 cbo:31.0 rfc:123.0 lcom:1255.0 ca:17.0 ce:15.0 npm:41.0 lcom3:0.87037037 loc:1167.0 dam:1.0 moa:6.0 mfa:0.0 cam:0.108932462 ic:0.0 cbm:0.0 amc:19.94545455 max_cc:9.0 avg_cc:1.7091", "target": "1"}
{"source": "wmc:7.0 dit:1.0 noc:5.0 cbo:9.0 rfc:8.0 lcom:13.0 ca:5.0 ce:4.0 npm:7.0 lcom3:0.75 loc:30.0 dam:1.0 moa:1.0 mfa:0.0 cam:0.314285714 ic:0.0 cbm:0.0 amc:3.0 max_cc:1.0 avg_cc:0.8571", "target": "0"}
{"source": "wmc:3.0 dit:1.0 noc:0.0 cbo:15.0 rfc:3.0 lcom:3.0 ca:14.0 ce:1.0 npm:3.0 lcom3:2.0 loc:3.0 dam:0.0 moa:0.0 mfa:0.0 cam:0.666666667 ic:0.0 cbm:0.0 amc:0.0 max_cc:1.0 avg_cc:1.0", "target": "0"}
{"source": "wmc:8.0 dit:1.0 noc:0.0 cbo:18.0 rfc:17.0 lcom:20.0 ca:17.0 ce:1.0 npm:8.0 lcom3:0.464285714 loc:141.0 dam:1.0 moa:1.0 mfa:0.0 cam:0.34375 ic:1.0 cbm:1.0 amc:16.125 max_cc:6.0 avg_cc:1.625", "target": "0"}
{"source": "wmc:10.0 dit:1.0 noc:0.0 cbo:15.0 rfc:10.0 lcom:45.0 ca:12.0 ce:3.0 npm:10.0 lcom3:2.0 loc:10.0 dam:0.0 moa:0.0 mfa:0.0 cam:0.366666667 ic:0.0 cbm:0.0 amc:0.0 max_cc:1.0 avg_cc:1.0", "target": "0"}
{"source": "wmc:45.0 dit:4.0 noc:0.0 cbo:13.0 rfc:113.0 lcom:814.0 ca:1.0 ce:0.0 npm:45.0 lcom3:0.943722944 loc:636.0 dam:1.0 moa:0.0 mfa:0.603603604 cam:0.306666667 ic:3.0 cbm:5.0 amc:12.66666667 max_cc:2.0 avg_cc:1.0", "target": "0"}
{"source": "wmc:7.0 dit:1.0 noc:0.0 cbo:10.0 rfc:44.0 lcom:19.0 ca:4.0 ce:7.0 npm:4.0 lcom3:0.916666667 loc:348.0 dam:0.5 moa:0.0 mfa:0.0 cam:0.354166667 ic:0.0 cbm:0.0 amc:48.42857143 max_cc:1.0 avg_cc:0.7143", "target": "1"}
