{"source": "wmc:6.0 dit:8.0 noc:0.0 cbo:10.0 rfc:22.0 lcom:15.0 ca:1.0 ce:10.0 npm:4.0 lcom3:2.0 loc:128.0 dam:0.0 moa:0.0 mfa:0.994206257 cam:0.333333333 ic:1.0 cbm:7.0 amc:20.33333333 max_cc:5.0 avg_cc:2.1667", "target": "0"}
{"source": "wmc:12.0 dit:6.0 noc:0.0 cbo:7.0 rfc:39.0 lcom:28.0 ca:3.0 ce:6.0 npm:1.0 lcom3:0.397727273 loc:573.0 dam:1.0 moa:2.0 mfa:0.983655275 cam:0.5 ic:1.0 cbm:3.0 amc:45.41666667 max_cc:2.0 avg_cc:1.1667", "target": "1"}
{"source": "wmc:14.0 dit:7.0 noc:0.0 cbo:28.0 rfc:108.0 lcom:69.0 ca:3.0 ce:28.0 npm:8.0 lcom3:0.869230769 loc:732.0 dam:1.0 moa:2.0 mfa:0.98048048 cam:0.174603175 ic:0.0 cbm:0.0 amc:50.57142857 max_cc:9.0 avg_cc:2.1429", "target": "1"}
{"source": "wmc:2.0 dit:2.0 noc:0.0 cbo:2.0 rfc:6.0 lcom:1.0 ca:1.0 ce:2.0 npm:2.0 lcom3:2.0 loc:85.0 dam:0.0 moa:0.0 mfa:0.875 cam:0.625 ic:0.0 cbm:0.0 amc:41.5 max_cc:5.0 avg_cc:2.5", "target": "0"}
{"source": "wmc:5.0 dit:6.0 noc:0.0 cbo:5.0 rfc:28.0 lcom:0.0 ca:2.0 ce:4.0 npm:1.0 lcom3:0.708333333 loc:337.0 dam:1.0 moa:0.0 mfa:0.993993994 cam:0.5 ic:2.0 cbm:4.0 amc:64.0 max_cc:3.0 avg_cc:1.6", "target": "1"}
{"source": "wmc:2.0 dit:2.0 noc:0.0 cbo:1.0 rfc:4.0 lcom:1.0 ca:0.0 ce:1.0 npm:2.0 lcom3:2.0 loc:16.0 dam:0.0 moa:0.0 mfa:0.75 cam:0.75 ic:1.0 cbm:1.0 amc:7.0 max_cc:2.0 avg_cc:1.0", "target": "0"}
{"source": "wmc:2.0 dit:8.0 noc:0.0 cbo:11.0 rfc:33.0 lcom:1.0 ca:3.0 ce:11.0 npm:2.0 lcom3:2.0 loc:206.0 dam:0.0 moa:0.0 mfa:0.998835856 cam:0.75 ic:2.0 cbm:4.0 amc:102.0 max_cc:16.0 avg_cc:8.0", "target": "0"}
{"source": "wmc:8.0 dit:5.0 noc:0.0 cbo:3.0 rfc:33.0 lcom:28.0 ca:1.0 ce:2.0 npm:7.0 lcom3:2.0 loc:143.0 dam:0.0 moa:0.0 mfa:0.992974239 cam:0.5 ic:1.0 cbm:1.0 amc:16.875 max_cc:3.0 avg_cc:1.125", "target": "1"}
{"source": "wmc:7.0 dit:1.0 noc:0.0 cbo:36.0 rfc:7.0 lcom:21.0 ca:36.0 ce:0.0 npm:7.0 lcom3:2.0 loc:7.0 dam:0.0 moa:0.0 mfa:0.0 cam:0.523809524 ic:0.0 cbm:0.0 amc:0.0 max_cc:1.0 avg_cc:1.0", "target": "0"}
{"source": "wmc:8.0 dit:6.0 noc:0.0 cbo:5.0 rfc:31.0 lcom:20.0 ca:2.0 ce:4.0 npm:1.0 lcom3:0.761904762 loc:119.0 dam:0.666666667 moa:1.0 mfa:0.991017964 cam:0.5 ic:4.0 cbm:12.0 amc:13.5 max_cc:1.0 avg_cc:0.75", "target": "0"}
{"source": "wmc:7.0 dit:1.0 noc:0.0 cbo:6.0 rfc:20.0 lcom:0.0 ca:1.0 ce:5.0 npm:4.0 lcom3:0.703703704 loc:347.0 dam:1.0 moa:1.0 mfa:0.0 cam:0.371428571 ic:0.0 cbm:0.0 amc:47.28571429 max_cc:8.0 avg_cc:3.0", "target": "1"}
{"source": "wmc:5.0 dit:7.0 noc:0.0 cbo:4.0 rfc:50.0 lcom:2.0 ca:1.0 ce:3.0 npm:4.0 lcom3:0.611111111 loc:533.0 dam:1.0 moa:0.0 mfa:0.99391172 cam:0.4 ic:0.0 cbm:0.0 amc:103.8 max_cc:7.0 avg_cc:3.0", "target": "0"}
{"source": "wmc:5.0 dit:2.0 noc:0.0 cbo:5.0 rfc:29.0 lcom:2.0 ca:1.0 ce:4.0 npm:4.0 lcom3:0.5625 loc:197.0 dam:1.0 moa:0.0 mfa:0.935483871 cam:0.466666667 ic:1.0 cbm:7.0 amc:37.6 max_cc:8.0 avg_cc:2.2", "target": "1"}
{"source": "wmc:150.0 dit:1.0 noc:0.0 cbo:117.0 rfc:337.0 lcom:10339.0 ca:93.0 ce:46.0 npm:116.0 lcom3:0.936533411 loc:4593.0 dam:0.760869565 moa:13.0 mfa:0.0 cam:0.080909091 ic:0.0 cbm:0.0 amc:29.31333333 max_cc:30.0 avg_cc:3.44", "target": "1"}
{"source": "wmc:14.0 dit:2.0 noc:0.0 cbo:14.0 rfc:95.0 lcom:21.0 ca:8.0 ce:9.0 npm:8.0 lcom3:0.692307692 loc:973.0 dam:1.0 moa:1.0 mfa:0.853333333 cam:0.58974359 ic:1.0 cbm:6.0 amc:68.07142857 max_cc:11.0 avg_cc:2.0714", "target": "1"}
{"source": "wmc:11.0 dit:3.0 noc:0.0 cbo:8.0 rfc:54.0 lcom:0.0 ca:2.0 ce:7.0 npm:10.0 lcom3:0.625 loc:541.0 dam:1.0 moa:0.0 mfa:0.666666667 cam:0.303030303 ic:1.0 cbm:4.0 amc:47.81818182 max_cc:21.0 avg_cc:5.0909", "target": "1"}
{"source": "wmc:3.0 dit:6.0 noc:0.0 cbo:5.0 rfc:24.0 lcom:1.0 ca:1.0 ce:4.0 npm:1.0 lcom3:0.5 loc:371.0 dam:1.0 moa:0.0 mfa:0.996987952 cam:1.0 ic:2.0 cbm:4.0 amc:118.6666667 max_cc:3.0 avg_cc:1.3333", "target": "1"}
{"source": "wmc:6.0 dit:1.0 noc:0.0 cbo:1.0 rfc:6.0 lcom:15.0 ca:1.0 ce:0.0 npm:6.0 lcom3:2.0 loc:6.0 dam:0.0 moa:0.0 mfa:0.0 cam:0.75 ic:0.0 cbm:0.0 amc:0.0 max_cc:1.0 avg_cc:1.0", "target": "0"}
{"source": "wmc:248.0 dit:4.0 noc:0.0 cbo:70.0 rfc:482.0 lcom:16336.0 ca:53.0 ce:37.0 npm:193.0 lcom3:0.879170739 loc:9106.0 dam:0.775862069 moa:10.0 mfa:0.724215247 cam:0.076315789 ic:3.0 cbm:14.0 amc:35.48387097 max_cc:29.0 avg_cc:3.2581", "target": "1"}
{"source": "wmc:2.0 dit:2.0 noc:0.0 cbo:9.0 rfc:6.0 lcom:1.0 ca:3.0 ce:6.0 npm:1.0 lcom3:1.0 loc:54.0 dam:0.0 moa:0.0 mfa:0.947368421 cam:0.666666667 ic:1.0 cbm:2.0 amc:24.5 max_cc:1.0 avg_cc:0.5", "target": "0"}
{"source": "wmc:4.0 dit:1.0 noc:1.0 cbo:4.0 rfc:11.0 lcom:6.0 ca:2.0 ce:2.0 npm:4.0 lcom3:0.666666667 loc:36.0 dam:1.0 moa:1.0 mfa:0.0 cam:0.5 ic:0.0 cbm:0.0 amc:7.75 max_cc:2.0 avg_cc:1.0", "target": "0"}
{"source": "wmc:11.0 dit:6.0 noc:0.0 cbo:12.0 rfc:63.0 lcom:27.0 ca:8.0 ce:8.0 npm:1.0 lcom3:0.775 loc:559.0 dam:1.0 moa:0.0 mfa:0.984871407 cam:0.363636364 ic:0.0 cbm:0.0 amc:49.09090909 max_cc:9.0 avg_cc:1.6364", "target": "0"}
{"source": "wmc:2.0 dit:2.0 noc:0.0 cbo:8.0 rfc:8.0 lcom:1.0 ca:1.0 ce:7.0 npm:1.0 lcom3:2.0 loc:50.0 dam:0.0 moa:0.0 mfa:0.947368421 cam:0.625 ic:1.0 cbm:1.0 amc:24.0 max_cc:1.0 avg_cc:0.5", "target": "0"}
{"source": "wmc:3.0 dit:1.0 noc:0.0 cbo:9.0 rfc:19.0 lcom:3.0 ca:0.0 ce:9.0 npm:2.0 lcom3:1.0 loc:54.0 dam:1.0 moa:0.0 mfa:0.0 cam:0.333333333 ic:0.0 cbm:0.0 amc:16.66666667 max_cc:3.0 avg_cc:1.3333", "target": "1"}
{"source": "wmc:6.0 dit:1.0 noc:3.0 cbo:31.0 rfc:14.0 lcom:7.0 ca:31.0 ce:1.0 npm:6.0 lcom3:0.6 loc:49.0 dam:1.0 moa:1.0 mfa:0.0 cam:0.583333333 ic:0.0 cbm:0.0 amc:6.833333333 max_cc:1.0 avg_cc:0.8333", "target": "1"}
{"source": "wmc:14.0 dit:6.0 noc:0.0 cbo:11.0 rfc:77.0 lcom:51.0 ca:5.0 ce:10.0 npm:1.0 lcom3:0.817307692 loc:516.0 dam:1.0 moa:1.0 mfa:0.980740741 cam:0.5 ic:4.0 cbm:12.0 amc:35.28571429 max_cc:3.0 avg_cc:1.4286", "target": "0"}
{"source": "wmc:3.0 dit:7.0 noc:0.0 cbo:5.0 rfc:27.0 lcom:3.0 ca:1.0 ce:5.0 npm:3.0 lcom3:1.0 loc:110.0 dam:1.0 moa:0.0 mfa:0.996946565 cam:0.666666667 ic:0.0 cbm:0.0 amc:35.33333333 max_cc:1.0 avg_cc:0.6667", "target": "0"}
{"source": "wmc:39.0 dit:7.0 noc:0.0 cbo:28.0 rfc:155.0 lcom:517.0 ca:7.0 ce:26.0 npm:8.0 lcom3:0.828007519 loc:1788.0 dam:0.892857143 moa:5.0 mfa:0.947750363 cam:0.210526316 ic:4.0 cbm:8.0 amc:44.12820513 max_cc:14.0 avg_cc:2.1282", "target": "1"}
{"source": "wmc:3.0 dit:2.0 noc:0.0 cbo:5.0 rfc:11.0 lcom:0.0 ca:1.0 ce:4.0 npm:0.0 lcom3:0.0 loc:87.0 dam:0.0 moa:1.0 mfa:0.777777778 cam:0.444444444 ic:1.0 cbm:2.0 amc:27.33333333 max_cc:7.0 avg_cc:3.0", "target": "0"}
{"source": "wmc:9.0 dit:1.0 noc:0.0 cbo:4.0 rfc:18.0 lcom:0.0 ca:4.0 ce:1.0 npm:8.0 lcom3:1.015625 loc:368.0 dam:0.104166667 moa:17.0 mfa:0.0 cam:0.40625 ic:0.0 cbm:0.0 amc:34.55555556 max_cc:2.0 avg_cc:1.0", "target": "0"}
{"source": "wmc:5.0 dit:2.0 noc:0.0 cbo:7.0 rfc:24.0 lcom:0.0 ca:1.0 ce:6.0 npm:3.0 lcom3:0.625 loc:99.0 dam:1.0 moa:0.0 mfa:0.636363636 cam:0.6 ic:0.0 cbm:0.0 amc:18.4 max_cc:4.0 avg_cc:1.4", "target": "0"}
{"source": "wmc:21.0 dit:1.0 noc:0.0 cbo:14.0 rfc:53.0 lcom:0.0 ca:9.0 ce:7.0 npm:21.0 lcom3:0.492857143 loc:1726.0 dam:1.0 moa:3.0 mfa:0.0 cam:0.25170068 ic:0.0 cbm:0.0 amc:80.85714286 max_cc:31.0 avg_cc:8.5714", "target": "1"}
{"source": "wmc:1.0 dit:1.0 noc:0.0 cbo:10.0 rfc:2.0 lcom:0.0 ca:9.0 ce:1.0 npm:1.0 lcom3:2.0 loc:12.0 dam:0.0 moa:0.0 mfa:0.0 cam:1.0 ic:0.0 cbm:0.0 amc:9.0 max_cc:0.0 avg_cc:0.0", "target": "0"}
{"source": "wmc:4.0 dit:5.0 noc:0.0 cbo:6.0 rfc:16.0 lcom:0.0 ca:4.0 ce:5.0 npm:2.0 lcom3:0.5 loc:54.0 dam:1.0 moa:1.0 mfa:0.995856354 cam:0.416666667 ic:0.0 cbm:0.0 amc:12.0 max_cc:2.0 avg_cc:1.0", "target": "0"}
{"source": "wmc:28.0 dit:1.0 noc:0.0 cbo:7.0 rfc:39.0 lcom:46.0 ca:3.0 ce:6.0 npm:21.0 lcom3:0.902777778 loc:1223.0 dam:1.0 moa:3.0 mfa:0.0 cam:0.254464286 ic:0.0 cbm:0.0 amc:42.10714286 max_cc:16.0 avg_cc:3.0714", "target": "1"}
{"source": "wmc:9.0 dit:6.0 noc:0.0 cbo:4.0 rfc:27.0 lcom:10.0 ca:2.0 ce:3.0 npm:3.0 lcom3:0.75 loc:181.0 dam:1.0 moa:0.0 mfa:0.988059701 cam:0.5 ic:2.0 cbm:4.0 amc:18.44444444 max_cc:1.0 avg_cc:0.8889", "target": "0"}
{"source": "wmc:57.0 dit:6.0 noc:0.0 cbo:132.0 rfc:209.0 lcom:1298.0 ca:118.0 ce:37.0 npm:42.0 lcom3:0.948891626 loc:1532.0 dam:0.482758621 moa:9.0 mfa:0.920114123 cam:0.083102493 ic:1.0 cbm:1.0 amc:25.36842105 max_cc:19.0 avg_cc:2.5439", "target": "1"}
{"source": "wmc:32.0 dit:1.0 noc:4.0 cbo:31.0 rfc:70.0 lcom:400.0 ca:24.0 ce:14.0 npm:26.0 lcom3:0.961876833 loc:504.0 dam:0.454545455 moa:0.0 mfa:0.0 cam:0.261290323 ic:0.0 cbm:0.0 amc:14.40625 max_cc:5.0 avg_cc:1.5938", "target": "0"}
{"source": "wmc:8.0 dit:3.0 noc:0.0 cbo:1.0 rfc:14.0 lcom:16.0 ca:1.0 ce:1.0 npm:8.0 lcom3:0.714285714 loc:49.0 dam:1.0 moa:0.0 mfa:0.911392405 cam:1.0 ic:0.0 cbm:0.0 amc:4.875 max_cc:1.0 avg_cc:0.875", "target": "0"}
{"source": "wmc:5.0 dit:1.0 noc:0.0 cbo:2.0 rfc:6.0 lcom:10.0 ca:0.0 ce:2.0 npm:5.0 lcom3:2.0 loc:12.0 dam:0.0 moa:0.0 mfa:0.0 cam:0.8 ic:0.0 cbm:0.0 amc:1.4 max_cc:1.0 avg_cc:0.8", "target": "0"}
{"source": "wmc:3.0 dit:2.0 noc:0.0 cbo:4.0 rfc:5.0 lcom:3.0 ca:1.0 ce:3.0 npm:0.0 lcom3:2.0 loc:20.0 dam:0.0 moa:0.0 mfa:0.777777778 cam:0.466666667 ic:1.0 cbm:2.0 amc:5.666666667 max_cc:1.0 avg_cc:0.6667", "target": "0"}
{"source": "wmc:4.0 dit:2.0 noc:0.0 cbo:4.0 rfc:9.0 lcom:0.0 ca:1.0 ce:3.0 npm:0.0 lcom3:0.444444444 loc:80.0 dam:1.0 moa:0.0 mfa:0.7 cam:0.357142857 ic:1.0 cbm:2.0 amc:18.25 max_cc:5.0 avg_cc:1.75", "target": "0"}
{"source": "wmc:11.0 dit:7.0 noc:0.0 cbo:10.0 rfc:62.0 lcom:29.0 ca:2.0 ce:9.0 npm:4.0 lcom3:0.814285714 loc:392.0 dam:1.0 moa:0.0 mfa:0.984917044 cam:0.363636364 ic:0.0 cbm:0.0 amc:34.0 max_cc:4.0 avg_cc:1.3636", "target": "0"}
{"source": "wmc:118.0 dit:1.0 noc:0.0 cbo:7.0 rfc:180.0 lcom:6075.0 ca:6.0 ce:1.0 npm:27.0 lcom3:0.921125975 loc:5223.0 dam:0.717391304 moa:1.0 mfa:0.0 cam:0.138067061 ic:0.0 cbm:0.0 amc:42.48305085 max_cc:9.0 avg_cc:1.4492", "target": "0"}
{"source": "wmc:26.0 dit:1.0 noc:0.0 cbo:41.0 rfc:73.0 lcom:217.0 ca:34.0 ce:16.0 npm:18.0 lcom3:0.872727273 loc:370.0 dam:1.0 moa:3.0 mfa:0.0 cam:0.108571429 ic:0.0 cbm:0.0 amc:12.80769231 max_cc:8.0 avg_cc:1.5", "target": "1"}
{"source": "wmc:14.0 dit:7.0 noc:0.0 cbo:15.0 rfc:81.0 lcom:49.0 ca:3.0 ce:14.0 npm:3.0 lcom3:0.884615385 loc:864.0 dam:1.0 moa:3.0 mfa:0.98048048 cam:0.285714286 ic:1.0 cbm:1.0 amc:59.42857143 max_cc:12.0 avg_cc:1.7143", "target": "1"}
{"source": "wmc:3.0 dit:1.0 noc:0.0 cbo:29.0 rfc:3.0 lcom:3.0 ca:29.0 ce:0.0 npm:3.0 lcom3:1.5 loc:4.0 dam:0.0 moa:0.0 mfa:0.0 cam:0.833333333 ic:0.0 cbm:0.0 amc:0.0 max_cc:1.0 avg_cc:1.0", "target": "0"}
{"source": "wmc:1.0 dit:4.0 noc:0.0 cbo:17.0 rfc:2.0 lcom:0.0 ca:17.0 ce:0.0 npm:1.0 lcom3:2.0 loc:5.0 dam:0.0 moa:0.0 mfa:1.0 cam:1.0 ic:0.0 cbm:0.0 amc:4.0 max_cc:0.0 avg_cc:0.0", "target": "0"}
{"source": "wmc:13.0 dit:1.0 noc:0.0 cbo:9.0 rfc:38.0 lcom:48.0 ca:4.0 ce:5.0 npm:11.0 lcom3:0.25 loc:300.0 dam:1.0 moa:1.0 mfa:0.0 cam:0.305555556 ic:0.0 cbm:0.0 amc:22.0 max_cc:8.0 avg_cc:2.5385", "target": "1"}
{"source": "wmc:2.0 dit:2.0 noc:0.0 cbo:7.0 rfc:6.0 lcom:1.0 ca:1.0 ce:6.0 npm:1.0 lcom3:2.0 loc:36.0 dam:0.0 moa:0.0 mfa:0.947368421 cam:0.625 ic:1.0 cbm:1.0 amc:17.0 max_cc:1.0 avg_cc:0.5", "target": "0"}
{"source": "wmc:6.0 dit:2.0 noc:0.0 cbo:4.0 rfc:13.0 lcom:0.0 ca:2.0 ce:2.0 npm:5.0 lcom3:0.4 loc:62.0 dam:1.0 moa:0.0 mfa:0.583333333 cam:0.444444444 ic:0.0 cbm:0.0 amc:8.833333333 max_cc:1.0 avg_cc:0.8333", "target": "0"}
{"source": "wmc:19.0 dit:5.0 noc:0.0 cbo:33.0 rfc:76.0 lcom:119.0 ca:26.0 ce:16.0 npm:11.0 lcom3:0.904761905 loc:618.0 dam:0.857142857 moa:3.0 mfa:0.973174367 cam:0.203007519 ic:3.0 cbm:18.0 amc:30.78947368 max_cc:6.0 avg_cc:1.4211", "target": "1"}
{"source": "wmc:4.0 dit:2.0 noc:0.0 cbo:4.0 rfc:16.0 lcom:4.0 ca:1.0 ce:4.0 npm:2.0 lcom3:0.833333333 loc:108.0 dam:0.0 moa:0.0 mfa:0.769230769 cam:0.4 ic:0.0 cbm:0.0 amc:25.5 max_cc:3.0 avg_cc:1.75", "target": "0"}
{"source": "wmc:13.0 dit:1.0 noc:0.0 cbo:19.0 rfc:33.0 lcom:40.0 ca:15.0 ce:6.0 npm:13.0 lcom3:0.733333333 loc:268.0 dam:1.0 moa:3.0 mfa:0.0 cam:0.338461538 ic:0.0 cbm:0.0 amc:19.23076923 max_cc:5.0 avg_cc:2.1538", "target": "1"}
{"source": "wmc:5.0 dit:2.0 noc:0.0 cbo:7.0 rfc:20.0 lcom:4.0 ca:1.0 ce:6.0 npm:2.0 lcom3:0.5 loc:155.0 dam:0.0 moa:0.0 mfa:0.818181818 cam:0.366666667 ic:0.0 cbm:0.0 amc:29.8 max_cc:10.0 avg_cc:3.8", "target": "0"}
{"source": "wmc:6.0 dit:6.0 noc:0.0 cbo:12.0 rfc:35.0 lcom:3.0 ca:7.0 ce:5.0 npm:3.0 lcom3:0.711111111 loc:248.0 dam:0.333333333 moa:0.0 mfa:0.994482759 cam:0.342857143 ic:1.0 cbm:2.0 amc:38.83333333 max_cc:10.0 avg_cc:3.0", "target": "0"}
{"source": "wmc:12.0 dit:2.0 noc:0.0 cbo:8.0 rfc:32.0 lcom:0.0 ca:4.0 ce:5.0 npm:7.0 lcom3:0.272727273 loc:176.0 dam:0.0 moa:0.0 mfa:0.615384615 cam:0.35 ic:1.0 cbm:2.0 amc:13.58333333 max_cc:4.0 avg_cc:1.4167", "target": "0"}
{"source": "wmc:12.0 dit:1.0 noc:0.0 cbo:10.0 rfc:42.0 lcom:66.0 ca:7.0 ce:4.0 npm:12.0 lcom3:1.090909091 loc:957.0 dam:0.428571429 moa:0.0 mfa:0.0 cam:0.239583333 ic:0.0 cbm:0.0 amc:78.16666667 max_cc:27.0 avg_cc:8.4167", "target": "1"}
{"source": "wmc:3.0 dit:6.0 noc:0.0 cbo:4.0 rfc:18.0 lcom:1.0 ca:1.0 ce:3.0 npm:3.0 lcom3:0.5 loc:302.0 dam:1.0 moa:1.0 mfa:0.996987952 cam:1.0 ic:2.0 cbm:4.0 amc:95.33333333 max_cc:2.0 avg_cc:1.3333", "target": "0"}
{"source": "wmc:5.0 dit:1.0 noc:0.0 cbo:3.0 rfc:12.0 lcom:0.0 ca:2.0 ce:1.0 npm:3.0 lcom3:0.46875 loc:269.0 dam:1.0 moa:0.0 mfa:0.0 cam:0.6 ic:0.0 cbm:0.0 amc:51.2 max_cc:10.0 avg_cc:3.8", "target": "0"}
{"source": "wmc:13.0 dit:1.0 noc:0.0 cbo:69.0 rfc:53.0 lcom:38.0 ca:69.0 ce:1.0 npm:7.0 lcom3:0.892857143 loc:437.0 dam:0.571428571 moa:0.0 mfa:0.0 cam:0.178571429 ic:0.0 cbm:0.0 amc:31.53846154 max_cc:7.0 avg_cc:2.3077", "target": "0"}
{"source": "wmc:15.0 dit:3.0 noc:3.0 cbo:53.0 rfc:23.0 lcom:43.0 ca:53.0 ce:1.0 npm:11.0 lcom3:0.5 loc:154.0 dam:0.0 moa:1.0 mfa:0.566666667 cam:0.577777778 ic:1.0 cbm:2.0 amc:9.133333333 max_cc:3.0 avg_cc:1.3333", "target": "1"}
{"source": "wmc:10.0 dit:1.0 noc:0.0 cbo:8.0 rfc:28.0 lcom:3.0 ca:7.0 ce:2.0 npm:8.0 lcom3:0.583333333 loc:226.0 dam:1.0 moa:1.0 mfa:0.0 cam:0.35 ic:0.0 cbm:0.0 amc:21.2 max_cc:5.0 avg_cc:1.8", "target": "0"}
{"source": "wmc:11.0 dit:2.0 noc:0.0 cbo:8.0 rfc:29.0 lcom:25.0 ca:3.0 ce:7.0 npm:9.0 lcom3:0.75 loc:185.0 dam:1.0 moa:0.0 mfa:0.615384615 cam:0.386363636 ic:1.0 cbm:2.0 amc:15.63636364 max_cc:3.0 avg_cc:1.6364", "target": "0"}
{"source": "wmc:11.0 dit:6.0 noc:0.0 cbo:7.0 rfc:50.0 lcom:25.0 ca:3.0 ce:6.0 npm:1.0 lcom3:0.716666667 loc:333.0 dam:1.0 moa:0.0 mfa:0.985119048 cam:0.5 ic:3.0 cbm:5.0 amc:28.72727273 max_cc:6.0 avg_cc:1.9091", "target": "0"}
{"source": "wmc:2.0 dit:2.0 noc:0.0 cbo:7.0 rfc:5.0 lcom:1.0 ca:2.0 ce:5.0 npm:2.0 lcom3:1.0 loc:22.0 dam:0.0 moa:0.0 mfa:0.947368421 cam:0.625 ic:1.0 cbm:1.0 amc:9.5 max_cc:1.0 avg_cc:0.5", "target": "0"}
{"source": "wmc:5.0 dit:2.0 noc:0.0 cbo:3.0 rfc:17.0 lcom:10.0 ca:1.0 ce:3.0 npm:5.0 lcom3:2.0 loc:88.0 dam:0.0 moa:0.0 mfa:0.84 cam:0.52 ic:1.0 cbm:3.0 amc:16.6 max_cc:2.0 avg_cc:1.0", "target": "0"}
{"source": "wmc:5.0 dit:3.0 noc:0.0 cbo:6.0 rfc:6.0 lcom:2.0 ca:6.0 ce:0.0 npm:5.0 lcom3:0.75 loc:36.0 dam:1.0 moa:0.0 mfa:0.80952381 cam:0.466666667 ic:1.0 cbm:1.0 amc:5.4 max_cc:1.0 avg_cc:0.8", "target": "0"}
{"source": "wmc:6.0 dit:2.0 noc:0.0 cbo:17.0 rfc:38.0 lcom:15.0 ca:3.0 ce:14.0 npm:1.0 lcom3:1.114285714 loc:283.0 dam:0.0 moa:0.0 mfa:0.782608696 cam:0.611111111 ic:0.0 cbm:0.0 amc:45.0 max_cc:1.0 avg_cc:0.8333", "target": "0"}
{"source": "wmc:18.0 dit:1.0 noc:0.0 cbo:12.0 rfc:95.0 lcom:43.0 ca:4.0 ce:10.0 npm:9.0 lcom3:0.661764706 loc:747.0 dam:1.0 moa:0.0 mfa:0.0 cam:0.104575163 ic:0.0 cbm:0.0 amc:40.05555556 max_cc:17.0 avg_cc:3.0556", "target": "1"}
{"source": "wmc:2.0 dit:2.0 noc:0.0 cbo:4.0 rfc:3.0 lcom:1.0 ca:3.0 ce:1.0 npm:1.0 lcom3:1.0 loc:10.0 dam:0.0 moa:0.0 mfa:0.947368421 cam:0.75 ic:0.0 cbm:0.0 amc:3.5 max_cc:1.0 avg_cc:0.5", "target": "0"}
{"source": "wmc:17.0 dit:2.0 noc:0.0 cbo:11.0 rfc:72.0 lcom:98.0 ca:1.0 ce:11.0 npm:8.0 lcom3:0.879807692 loc:1115.0 dam:1.0 moa:5.0 mfa:0.448275862 cam:0.264705882 ic:1.0 cbm:2.0 amc:63.05882353 max_cc:35.0 avg_cc:6.2353", "target": "1"}
{"source": "wmc:3.0 dit:3.0 noc:0.0 cbo:3.0 rfc:7.0 lcom:3.0 ca:0.0 ce:3.0 npm:3.0 lcom3:2.0 loc:33.0 dam:0.0 moa:0.0 mfa:1.0 cam:0.75 ic:0.0 cbm:0.0 amc:10.0 max_cc:0.0 avg_cc:0.0", "target": "0"}
{"source": "wmc:8.0 dit:6.0 noc:0.0 cbo:5.0 rfc:25.0 lcom:24.0 ca:3.0 ce:5.0 npm:8.0 lcom3:0.857142857 loc:74.0 dam:1.0 moa:2.0 mfa:0.989263804 cam:0.625 ic:1.0 cbm:1.0 amc:8.0 max_cc:1.0 avg_cc:0.875", "target": "1"}
{"source": "wmc:7.0 dit:1.0 noc:2.0 cbo:5.0 rfc:11.0 lcom:9.0 ca:2.0 ce:3.0 npm:6.0 lcom3:0.5 loc:140.0 dam:1.0 moa:0.0 mfa:0.0 cam:0.523809524 ic:0.0 cbm:0.0 amc:18.85714286 max_cc:9.0 avg_cc:3.1429", "target": "0"}
{"source": "wmc:10.0 dit:1.0 noc:0.0 cbo:10.0 rfc:47.0 lcom:21.0 ca:4.0 ce:8.0 npm:7.0 lcom3:0.97008547 loc:1529.0 dam:0.5 moa:2.0 mfa:0.0 cam:0.2875 ic:0.0 cbm:0.0 amc:149.3 max_cc:32.0 avg_cc:8.6", "target": "1"}
{"source": "wmc:8.0 dit:2.0 noc:0.0 cbo:7.0 rfc:20.0 lcom:0.0 ca:2.0 ce:5.0 npm:6.0 lcom3:0.285714286 loc:179.0 dam:1.0 moa:0.0 mfa:0.695652174 cam:0.40625 ic:1.0 cbm:2.0 amc:21.25 max_cc:2.0 avg_cc:1.375", "target": "0"}
{"source": "wmc:11.0 dit:1.0 noc:2.0 cbo:17.0 rfc:20.0 lcom:33.0 ca:16.0 ce:1.0 npm:8.0 lcom3:0.8 loc:90.0 dam:0.0 moa:0.0 mfa:0.0 cam:0.386363636 ic:0.0 cbm:0.0 amc:6.818181818 max_cc:1.0 avg_cc:0.7273", "target": "1"}
{"source": "wmc:2.0 dit:1.0 noc:0.0 cbo:6.0 rfc:7.0 lcom:0.0 ca:5.0 ce:1.0 npm:2.0 lcom3:1.761904762 loc:52.0 dam:0.0 moa:3.0 mfa:0.0 cam:0.625 ic:0.0 cbm:0.0 amc:14.5 max_cc:1.0 avg_cc:0.5", "target": "1"}
{"source": "wmc:54.0 dit:4.0 noc:0.0 cbo:22.0 rfc:144.0 lcom:1059.0 ca:13.0 ce:15.0 npm:47.0 lcom3:0.963481436 loc:1085.0 dam:0.677419355 moa:4.0 mfa:0.924177396 cam:0.103009259 ic:3.0 cbm:25.0 amc:18.51851852 max_cc:7.0 avg_cc:1.5741", "target": "1"}
{"source": "wmc:3.0 dit:2.0 noc:0.0 cbo:11.0 rfc:10.0 lcom:3.0 ca:4.0 ce:7.0 npm:2.0 lcom3:2.0 loc:79.0 dam:0.0 moa:0.0 mfa:0.9 cam:0.533333333 ic:1.0 cbm:1.0 amc:25.33333333 max_cc:1.0 avg_cc:0.6667", "target": "0"}
{"source": "wmc:9.0 dit:6.0 noc:0.0 cbo:8.0 rfc:45.0 lcom:18.0 ca:4.0 ce:7.0 npm:1.0 lcom3:0.71875 loc:205.0 dam:1.0 moa:1.0 mfa:0.988059701 cam:0.5 ic:4.0 cbm:12.0 amc:21.33333333 max_cc:2.0 avg_cc:1.0", "target": "0"}
{"source": "wmc:11.0 dit:1.0 noc:0.0 cbo:27.0 rfc:32.0 lcom:23.0 ca:22.0 ce:6.0 npm:8.0 lcom3:0.72 loc:240.0 dam:1.0 moa:1.0 mfa:0.0 cam:0.16 ic:0.0 cbm:0.0 amc:20.36363636 max_cc:5.0 avg_cc:1.7273", "target": "0"}
{"source": "wmc:17.0 dit:1.0 noc:0.0 cbo:2.0 rfc:37.0 lcom:100.0 ca:2.0 ce:0.0 npm:16.0 lcom3:0.7 loc:679.0 dam:0.8 moa:0.0 mfa:0.0 cam:0.323529412 ic:0.0 cbm:0.0 amc:38.35294118 max_cc:12.0 avg_cc:2.0", "target": "1"}
{"source": "wmc:3.0 dit:6.0 noc:0.0 cbo:4.0 rfc:24.0 lcom:1.0 ca:1.0 ce:3.0 npm:3.0 lcom3:0.5 loc:230.0 dam:1.0 moa:1.0 mfa:0.996987952 cam:1.0 ic:2.0 cbm:4.0 amc:73.0 max_cc:3.0 avg_cc:1.6667", "target": "1"}
{"source": "wmc:8.0 dit:6.0 noc:0.0 cbo:7.0 rfc:31.0 lcom:20.0 ca:5.0 ce:4.0 npm:1.0 lcom3:0.761904762 loc:119.0 dam:0.666666667 moa:1.0 mfa:0.991017964 cam:0.5 ic:4.0 cbm:12.0 amc:13.5 max_cc:1.0 avg_cc:0.75", "target": "0"}
{"source": "wmc:4.0 dit:2.0 noc:0.0 cbo:10.0 rfc:24.0 lcom:6.0 ca:3.0 ce:7.0 npm:2.0 lcom3:2.0 loc:171.0 dam:0.0 moa:0.0 mfa:0.857142857 cam:0.583333333 ic:1.0 cbm:1.0 amc:41.75 max_cc:1.0 avg_cc:0.75", "target": "0"}
{"source": "wmc:2.0 dit:2.0 noc:0.0 cbo:2.0 rfc:3.0 lcom:1.0 ca:2.0 ce:2.0 npm:2.0 lcom3:2.0 loc:8.0 dam:0.0 moa:0.0 mfa:0.875 cam:0.625 ic:0.0 cbm:0.0 amc:3.0 max_cc:1.0 avg_cc:0.5", "target": "0"}
{"source": "wmc:2.0 dit:8.0 noc:0.0 cbo:13.0 rfc:28.0 lcom:1.0 ca:3.0 ce:13.0 npm:2.0 lcom3:2.0 loc:120.0 dam:0.0 moa:0.0 mfa:0.998835856 cam:0.75 ic:3.0 cbm:4.0 amc:59.0 max_cc:8.0 avg_cc:4.0", "target": "0"}
{"source": "wmc:11.0 dit:1.0 noc:0.0 cbo:2.0 rfc:16.0 lcom:35.0 ca:1.0 ce:2.0 npm:11.0 lcom3:0.6 loc:52.0 dam:1.0 moa:1.0 mfa:0.0 cam:0.424242424 ic:0.0 cbm:0.0 amc:3.636363636 max_cc:1.0 avg_cc:0.9091", "target": "0"}
{"source": "wmc:2.0 dit:2.0 noc:0.0 cbo:2.0 rfc:6.0 lcom:1.0 ca:1.0 ce:2.0 npm:2.0 lcom3:2.0 loc:65.0 dam:0.0 moa:0.0 mfa:0.875 cam:0.625 ic:0.0 cbm:0.0 amc:31.5 max_cc:5.0 avg_cc:2.5", "target": "0"}
{"source": "wmc:7.0 dit:2.0 noc:0.0 cbo:7.0 rfc:19.0 lcom:5.0 ca:1.0 ce:6.0 npm:7.0 lcom3:0.80952381 loc:146.0 dam:1.0 moa:0.0 mfa:0.7 cam:0.392857143 ic:1.0 cbm:1.0 amc:18.85714286 max_cc:2.0 avg_cc:1.2857", "target": "0"}
{"source": "wmc:18.0 dit:1.0 noc:0.0 cbo:14.0 rfc:71.0 lcom:27.0 ca:6.0 ce:10.0 npm:5.0 lcom3:0.705882353 loc:1598.0 dam:1.0 moa:2.0 mfa:0.0 cam:0.155555556 ic:0.0 cbm:0.0 amc:87.38888889 max_cc:33.0 avg_cc:7.2222", "target": "1"}
{"source": "wmc:4.0 dit:1.0 noc:0.0 cbo:14.0 rfc:21.0 lcom:0.0 ca:5.0 ce:11.0 npm:3.0 lcom3:0.555555556 loc:298.0 dam:0.333333333 moa:2.0 mfa:0.0 cam:0.357142857 ic:0.0 cbm:0.0 amc:72.75 max_cc:2.0 avg_cc:1.0", "target": "0"}
{"source": "wmc:9.0 dit:1.0 noc:0.0 cbo:2.0 rfc:17.0 lcom:2.0 ca:1.0 ce:1.0 npm:6.0 lcom3:0.678571429 loc:236.0 dam:1.0 moa:0.0 mfa:0.0 cam:1.0 ic:0.0 cbm:0.0 amc:24.44444444 max_cc:5.0 avg_cc:2.8889", "target": "0"}
{"source": "wmc:4.0 dit:3.0 noc:0.0 cbo:6.0 rfc:13.0 lcom:0.0 ca:6.0 ce:1.0 npm:3.0 lcom3:1.222222222 loc:71.0 dam:0.133333333 moa:0.0 mfa:0.85 cam:0.5 ic:1.0 cbm:1.0 amc:13.0 max_cc:1.0 avg_cc:0.75", "target": "0"}
{"source": "wmc:2.0 dit:2.0 noc:0.0 cbo:11.0 rfc:9.0 lcom:1.0 ca:3.0 ce:8.0 npm:1.0 lcom3:2.0 loc:65.0 dam:0.0 moa:0.0 mfa:0.947368421 cam:0.625 ic:0.0 cbm:0.0 amc:31.5 max_cc:1.0 avg_cc:0.5", "target": "0"}
{"source": "wmc:5.0 dit:1.0 noc:0.0 cbo:1.0 rfc:24.0 lcom:10.0 ca:1.0 ce:0.0 npm:5.0 lcom3:2.0 loc:206.0 dam:0.0 moa:0.0 mfa:0.0 cam:0.3 ic:0.0 cbm:0.0 amc:40.2 max_cc:6.0 avg_cc:3.0", "target": "0"}
{"source": "wmc:19.0 dit:1.0 noc:0.0 cbo:19.0 rfc:72.0 lcom:91.0 ca:6.0 ce:15.0 npm:9.0 lcom3:0.708333333 loc:1245.0 dam:0.75 moa:1.0 mfa:0.0 cam:0.274853801 ic:0.0 cbm:0.0 amc:64.10526316 max_cc:5.0 avg_cc:1.6316", "target": "0"}
{"source": "wmc:1.0 dit:8.0 noc:0.0 cbo:4.0 rfc:15.0 lcom:0.0 ca:2.0 ce:4.0 npm:1.0 lcom3:2.0 loc:79.0 dam:0.0 moa:0.0 mfa:1.0 cam:1.0 ic:0.0 cbm:0.0 amc:78.0 max_cc:0.0 avg_cc:0.0", "target": "0"}
{"source": "wmc:14.0 dit:1.0 noc:0.0 cbo:19.0 rfc:27.0 lcom:0.0 ca:18.0 ce:1.0 npm:10.0 lcom3:0.653846154 loc:386.0 dam:0.125 moa:1.0 mfa:0.0 cam:0.342857143 ic:0.0 cbm:0.0 amc:26.0 max_cc:6.0 avg_cc:2.3571", "target": "0"}
{"source": "wmc:6.0 dit:1.0 noc:3.0 cbo:4.0 rfc:12.0 lcom:15.0 ca:3.0 ce:1.0 npm:6.0 lcom3:2.0 loc:49.0 dam:0.0 moa:0.0 mfa:0.0 cam:0.416666667 ic:0.0 cbm:0.0 amc:7.166666667 max_cc:2.0 avg_cc:1.5", "target": "0"}
{"source": "wmc:12.0 dit:7.0 noc:0.0 cbo:12.0 rfc:92.0 lcom:28.0 ca:4.0 ce:11.0 npm:2.0 lcom3:0.843434343 loc:1013.0 dam:0.888888889 moa:1.0 mfa:0.983433735 cam:0.214285714 ic:0.0 cbm:0.0 amc:81.91666667 max_cc:9.0 avg_cc:2.6667", "target": "0"}
{"source": "wmc:13.0 dit:1.0 noc:0.0 cbo:7.0 rfc:13.0 lcom:78.0 ca:7.0 ce:0.0 npm:13.0 lcom3:2.0 loc:13.0 dam:0.0 moa:0.0 mfa:0.0 cam:0.430769231 ic:0.0 cbm:0.0 amc:0.0 max_cc:1.0 avg_cc:1.0", "target": "0"}
{"source": "wmc:1.0 dit:1.0 noc:0.0 cbo:6.0 rfc:2.0 lcom:0.0 ca:6.0 ce:0.0 npm:0.0 lcom3:2.0 loc:21.0 dam:0.0 moa:1.0 mfa:0.0 cam:1.0 ic:0.0 cbm:0.0 amc:15.0 max_cc:0.0 avg_cc:0.0", "target": "1"}
{"source": "wmc:5.0 dit:3.0 noc:0.0 cbo:2.0 rfc:41.0 lcom:4.0 ca:1.0 ce:1.0 npm:5.0 lcom3:0.65 loc:213.0 dam:1.0 moa:0.0 mfa:0.987987988 cam:0.7 ic:2.0 cbm:5.0 amc:40.6 max_cc:2.0 avg_cc:1.0", "target": "0"}
{"source": "wmc:12.0 dit:6.0 noc:0.0 cbo:12.0 rfc:58.0 lcom:38.0 ca:5.0 ce:11.0 npm:1.0 lcom3:0.8 loc:306.0 dam:1.0 moa:1.0 mfa:0.983655275 cam:0.25 ic:4.0 cbm:12.0 amc:24.08333333 max_cc:3.0 avg_cc:1.5833", "target": "0"}
{"source": "wmc:6.0 dit:7.0 noc:0.0 cbo:8.0 rfc:46.0 lcom:9.0 ca:3.0 ce:8.0 npm:3.0 lcom3:0.8 loc:299.0 dam:1.0 moa:0.0 mfa:0.992401216 cam:0.388888889 ic:0.0 cbm:0.0 amc:48.33333333 max_cc:1.0 avg_cc:0.8333", "target": "0"}
{"source": "wmc:6.0 dit:5.0 noc:0.0 cbo:11.0 rfc:33.0 lcom:7.0 ca:5.0 ce:7.0 npm:2.0 lcom3:0.85 loc:397.0 dam:1.0 moa:3.0 mfa:0.993055556 cam:0.3 ic:0.0 cbm:0.0 amc:64.5 max_cc:2.0 avg_cc:1.0", "target": "1"}
{"source": "wmc:1.0 dit:7.0 noc:6.0 cbo:9.0 rfc:22.0 lcom:0.0 ca:7.0 ce:3.0 npm:1.0 lcom3:2.0 loc:95.0 dam:0.0 moa:0.0 mfa:1.0 cam:1.0 ic:0.0 cbm:0.0 amc:94.0 max_cc:0.0 avg_cc:0.0", "target": "0"}
{"source": "wmc:7.0 dit:1.0 noc:0.0 cbo:5.0 rfc:12.0 lcom:13.0 ca:5.0 ce:0.0 npm:6.0 lcom3:0.5 loc:64.0 dam:1.0 moa:0.0 mfa:0.0 cam:0.166666667 ic:0.0 cbm:0.0 amc:7.857142857 max_cc:4.0 avg_cc:1.5714", "target": "0"}
{"source": "wmc:4.0 dit:1.0 noc:0.0 cbo:3.0 rfc:13.0 lcom:4.0 ca:1.0 ce:3.0 npm:3.0 lcom3:0.666666667 loc:62.0 dam:1.0 moa:0.0 mfa:0.0 cam:0.333333333 ic:0.0 cbm:0.0 amc:14.25 max_cc:4.0 avg_cc:2.25", "target": "1"}
{"source": "wmc:17.0 dit:5.0 noc:0.0 cbo:15.0 rfc:90.0 lcom:108.0 ca:3.0 ce:15.0 npm:3.0 lcom3:0.75 loc:539.0 dam:1.0 moa:3.0 mfa:0.974276527 cam:0.22875817 ic:3.0 cbm:4.0 amc:30.41176471 max_cc:15.0 avg_cc:2.5294", "target": "1"}
{"source": "wmc:1.0 dit:4.0 noc:0.0 cbo:3.0 rfc:2.0 lcom:0.0 ca:2.0 ce:1.0 npm:1.0 lcom3:2.0 loc:5.0 dam:0.0 moa:0.0 mfa:1.0 cam:1.0 ic:0.0 cbm:0.0 amc:4.0 max_cc:0.0 avg_cc:0.0", "target": "0"}
{"source": "wmc:2.0 dit:1.0 noc:0.0 cbo:5.0 rfc:2.0 lcom:1.0 ca:4.0 ce:1.0 npm:2.0 lcom3:2.0 loc:2.0 dam:0.0 moa:0.0 mfa:0.0 cam:0.625 ic:0.0 cbm:0.0 amc:0.0 max_cc:1.0 avg_cc:1.0", "target": "0"}
{"source": "wmc:11.0 dit:4.0 noc:0.0 cbo:4.0 rfc:24.0 lcom:23.0 ca:2.0 ce:2.0 npm:10.0 lcom3:0.533333333 loc:504.0 dam:0.333333333 moa:1.0 mfa:0.764705882 cam:0.272727273 ic:2.0 cbm:4.0 amc:44.27272727 max_cc:14.0 avg_cc:3.2727", "target": "0"}
{"source": "wmc:3.0 dit:1.0 noc:0.0 cbo:5.0 rfc:4.0 lcom:3.0 ca:5.0 ce:0.0 npm:2.0 lcom3:1.4375 loc:23.0 dam:0.0 moa:2.0 mfa:0.0 cam:0.5 ic:0.0 cbm:0.0 amc:4.0 max_cc:2.0 avg_cc:1.0", "target": "0"}
{"source": "wmc:86.0 dit:2.0 noc:0.0 cbo:8.0 rfc:95.0 lcom:3655.0 ca:0.0 ce:8.0 npm:84.0 lcom3:2.0 loc:686.0 dam:0.0 moa:0.0 mfa:0.105263158 cam:0.05620155 ic:0.0 cbm:0.0 amc:6.976744186 max_cc:3.0 avg_cc:1.0233", "target": "0"}
{"source": "wmc:2.0 dit:3.0 noc:0.0 cbo:5.0 rfc:4.0 lcom:1.0 ca:1.0 ce:4.0 npm:2.0 lcom3:2.0 loc:10.0 dam:0.0 moa:0.0 mfa:0.857142857 cam:0.75 ic:0.0 cbm:0.0 amc:4.0 max_cc:1.0 avg_cc:0.5", "target": "0"}
{"source": "wmc:7.0 dit:2.0 noc:0.0 cbo:7.0 rfc:28.0 lcom:0.0 ca:1.0 ce:7.0 npm:3.0 lcom3:0.621212121 loc:559.0 dam:0.636363636 moa:2.0 mfa:0.454545455 cam:0.265306122 ic:0.0 cbm:0.0 amc:77.28571429 max_cc:5.0 avg_cc:3.2857", "target": "0"}
{"source": "wmc:21.0 dit:1.0 noc:0.0 cbo:17.0 rfc:78.0 lcom:102.0 ca:11.0 ce:15.0 npm:8.0 lcom3:0.861538462 loc:528.0 dam:1.0 moa:3.0 mfa:0.0 cam:0.238095238 ic:0.0 cbm:0.0 amc:23.52380952 max_cc:5.0 avg_cc:1.5714", "target": "1"}
{"source": "wmc:3.0 dit:2.0 noc:0.0 cbo:4.0 rfc:8.0 lcom:0.0 ca:1.0 ce:3.0 npm:0.0 lcom3:0.5 loc:77.0 dam:1.0 moa:0.0 mfa:0.777777778 cam:0.444444444 ic:1.0 cbm:2.0 amc:24.0 max_cc:5.0 avg_cc:2.0", "target": "0"}
{"source": "wmc:2.0 dit:1.0 noc:0.0 cbo:3.0 rfc:2.0 lcom:1.0 ca:3.0 ce:1.0 npm:2.0 lcom3:2.0 loc:2.0 dam:0.0 moa:0.0 mfa:0.0 cam:1.0 ic:0.0 cbm:0.0 amc:0.0 max_cc:1.0 avg_cc:1.0", "target": "0"}
{"source": "wmc:4.0 dit:1.0 noc:0.0 cbo:2.0 rfc:5.0 lcom:0.0 ca:1.0 ce:1.0 npm:3.0 lcom3:0.0 loc:59.0 dam:1.0 moa:0.0 mfa:0.0 cam:0.666666667 ic:0.0 cbm:0.0 amc:13.25 max_cc:3.0 avg_cc:1.75", "target": "0"}
{"source": "wmc:11.0 dit:4.0 noc:0.0 cbo:18.0 rfc:26.0 lcom:33.0 ca:14.0 ce:5.0 npm:11.0 lcom3:0.45 loc:141.0 dam:0.0 moa:0.0 mfa:0.764705882 cam:0.363636364 ic:1.0 cbm:2.0 amc:11.63636364 max_cc:2.0 avg_cc:1.0", "target": "0"}
{"source": "wmc:5.0 dit:1.0 noc:0.0 cbo:3.0 rfc:12.0 lcom:0.0 ca:2.0 ce:1.0 npm:3.0 lcom3:0.53125 loc:251.0 dam:1.0 moa:0.0 mfa:0.0 cam:0.6 ic:0.0 cbm:0.0 amc:47.6 max_cc:10.0 avg_cc:3.8", "target": "0"}
{"source": "wmc:8.0 dit:2.0 noc:0.0 cbo:18.0 rfc:38.0 lcom:28.0 ca:1.0 ce:17.0 npm:1.0 lcom3:2.0 loc:269.0 dam:0.0 moa:0.0 mfa:0.72 cam:0.363636364 ic:1.0 cbm:1.0 amc:32.625 max_cc:1.0 avg_cc:0.875", "target": "0"}
{"source": "wmc:2.0 dit:2.0 noc:0.0 cbo:12.0 rfc:19.0 lcom:1.0 ca:1.0 ce:11.0 npm:1.0 lcom3:2.0 loc:89.0 dam:0.0 moa:0.0 mfa:0.947368421 cam:0.625 ic:1.0 cbm:1.0 amc:43.5 max_cc:1.0 avg_cc:0.5", "target": "0"}
{"source": "wmc:3.0 dit:2.0 noc:0.0 cbo:6.0 rfc:9.0 lcom:0.0 ca:4.0 ce:2.0 npm:3.0 lcom3:0.0 loc:34.0 dam:1.0 moa:0.0 mfa:0.714285714 cam:0.666666667 ic:1.0 cbm:1.0 amc:10.0 max_cc:1.0 avg_cc:0.6667", "target": "0"}
{"source": "wmc:2.0 dit:2.0 noc:0.0 cbo:8.0 rfc:5.0 lcom:1.0 ca:2.0 ce:6.0 npm:1.0 lcom3:1.0 loc:19.0 dam:0.0 moa:0.0 mfa:0.947368421 cam:0.666666667 ic:0.0 cbm:0.0 amc:8.0 max_cc:1.0 avg_cc:0.5", "target": "0"}
{"source": "wmc:5.0 dit:1.0 noc:0.0 cbo:10.0 rfc:47.0 lcom:0.0 ca:1.0 ce:9.0 npm:1.0 lcom3:0.710526316 loc:563.0 dam:1.0 moa:2.0 mfa:0.0 cam:0.416666667 ic:0.0 cbm:0.0 amc:107.8 max_cc:1.0 avg_cc:0.6", "target": "1"}
{"source": "wmc:5.0 dit:1.0 noc:0.0 cbo:6.0 rfc:17.0 lcom:0.0 ca:3.0 ce:3.0 npm:5.0 lcom3:0.65625 loc:96.0 dam:0.0 moa:1.0 mfa:0.0 cam:0.533333333 ic:0.0 cbm:0.0 amc:16.6 max_cc:2.0 avg_cc:1.0", "target": "0"}
{"source": "wmc:2.0 dit:2.0 noc:0.0 cbo:10.0 rfc:9.0 lcom:1.0 ca:1.0 ce:9.0 npm:1.0 lcom3:1.0 loc:36.0 dam:0.0 moa:0.0 mfa:0.947368421 cam:0.625 ic:1.0 cbm:1.0 amc:16.0 max_cc:1.0 avg_cc:0.5", "target": "0"}
{"source": "wmc:3.0 dit:2.0 noc:0.0 cbo:11.0 rfc:18.0 lcom:3.0 ca:1.0 ce:10.0 npm:1.0 lcom3:1.0 loc:273.0 dam:0.0 moa:0.0 mfa:0.9 cam:0.533333333 ic:1.0 cbm:1.0 amc:89.66666667 max_cc:1.0 avg_cc:0.6667", "target": "0"}
{"source": "wmc:3.0 dit:7.0 noc:0.0 cbo:6.0 rfc:33.0 lcom:3.0 ca:3.0 ce:4.0 npm:3.0 lcom3:2.0 loc:180.0 dam:0.0 moa:0.0 mfa:0.996946565 cam:0.555555556 ic:0.0 cbm:0.0 amc:59.0 max_cc:1.0 avg_cc:0.6667", "target": "0"}
{"source": "wmc:13.0 dit:1.0 noc:0.0 cbo:13.0 rfc:26.0 lcom:0.0 ca:12.0 ce:1.0 npm:12.0 lcom3:0.458333333 loc:112.0 dam:1.0 moa:0.0 mfa:0.0 cam:0.384615385 ic:0.0 cbm:0.0 amc:7.461538462 max_cc:2.0 avg_cc:1.0", "target": "1"}
{"source": "wmc:3.0 dit:1.0 noc:0.0 cbo:6.0 rfc:20.0 lcom:3.0 ca:1.0 ce:6.0 npm:1.0 lcom3:2.0 loc:103.0 dam:0.0 moa:0.0 mfa:0.0 cam:0.555555556 ic:0.0 cbm:0.0 amc:33.33333333 max_cc:14.0 avg_cc:5.3333", "target": "1"}
{"source": "wmc:7.0 dit:7.0 noc:0.0 cbo:6.0 rfc:40.0 lcom:9.0 ca:3.0 ce:5.0 npm:4.0 lcom3:0.611111111 loc:214.0 dam:1.0 moa:1.0 mfa:0.993811881 cam:0.3 ic:3.0 cbm:13.0 amc:28.71428571 max_cc:8.0 avg_cc:2.1429", "target": "0"}
{"source": "wmc:114.0 dit:1.0 noc:0.0 cbo:184.0 rfc:374.0 lcom:5427.0 ca:157.0 ce:59.0 npm:79.0 lcom3:0.923830594 loc:5109.0 dam:1.0 moa:8.0 mfa:0.0 cam:0.051769912 ic:0.0 cbm:0.0 amc:43.57017544 max_cc:68.0 avg_cc:4.0614", "target": "1"}
{"source": "wmc:2.0 dit:2.0 noc:0.0 cbo:12.0 rfc:10.0 lcom:1.0 ca:1.0 ce:11.0 npm:1.0 lcom3:1.125 loc:138.0 dam:0.625 moa:4.0 mfa:0.947368421 cam:0.625 ic:1.0 cbm:1.0 amc:64.0 max_cc:1.0 avg_cc:0.5", "target": "0"}
{"source": "wmc:7.0 dit:2.0 noc:0.0 cbo:16.0 rfc:17.0 lcom:19.0 ca:8.0 ce:8.0 npm:6.0 lcom3:0.333333333 loc:52.0 dam:0.0 moa:0.0 mfa:0.75 cam:0.457142857 ic:1.0 cbm:1.0 amc:6.285714286 max_cc:1.0 avg_cc:0.8571", "target": "0"}
{"source": "wmc:6.0 dit:2.0 noc:0.0 cbo:4.0 rfc:22.0 lcom:13.0 ca:1.0 ce:3.0 npm:5.0 lcom3:0.88 loc:150.0 dam:0.8 moa:0.0 mfa:0.807692308 cam:0.541666667 ic:1.0 cbm:3.0 amc:23.16666667 max_cc:4.0 avg_cc:1.6667", "target": "1"}
{"source": "wmc:4.0 dit:1.0 noc:0.0 cbo:11.0 rfc:28.0 lcom:0.0 ca:2.0 ce:9.0 npm:3.0 lcom3:0.611111111 loc:201.0 dam:0.833333333 moa:3.0 mfa:0.0 cam:0.666666667 ic:0.0 cbm:0.0 amc:47.75 max_cc:9.0 avg_cc:2.5", "target": "0"}
{"source": "wmc:9.0 dit:2.0 noc:0.0 cbo:18.0 rfc:44.0 lcom:14.0 ca:4.0 ce:18.0 npm:2.0 lcom3:0.75 loc:352.0 dam:1.0 moa:4.0 mfa:0.384615385 cam:0.234567901 ic:1.0 cbm:1.0 amc:37.44444444 max_cc:11.0 avg_cc:2.7778", "target": "0"}
{"source": "wmc:6.0 dit:1.0 noc:0.0 cbo:5.0 rfc:18.0 lcom:0.0 ca:2.0 ce:3.0 npm:0.0 lcom3:0.0 loc:176.0 dam:1.0 moa:0.0 mfa:0.0 cam:0.583333333 ic:0.0 cbm:0.0 amc:28.16666667 max_cc:3.0 avg_cc:2.1667", "target": "0"}
{"source": "wmc:7.0 dit:2.0 noc:0.0 cbo:6.0 rfc:18.0 lcom:21.0 ca:2.0 ce:4.0 npm:5.0 lcom3:2.0 loc:63.0 dam:0.0 moa:0.0 mfa:0.888888889 cam:0.4 ic:0.0 cbm:0.0 amc:8.0 max_cc:2.0 avg_cc:1.0", "target": "0"}
{"source": "wmc:18.0 dit:2.0 noc:1.0 cbo:15.0 rfc:53.0 lcom:71.0 ca:9.0 ce:10.0 npm:16.0 lcom3:0.789915966 loc:466.0 dam:1.0 moa:2.0 mfa:0.15 cam:0.208333333 ic:0.0 cbm:0.0 amc:24.5 max_cc:14.0 avg_cc:2.5556", "target": "0"}
{"source": "wmc:4.0 dit:1.0 noc:0.0 cbo:6.0 rfc:22.0 lcom:4.0 ca:0.0 ce:6.0 npm:3.0 lcom3:0.833333333 loc:118.0 dam:1.0 moa:0.0 mfa:0.0 cam:0.3 ic:0.0 cbm:0.0 amc:28.0 max_cc:5.0 avg_cc:2.25", "target": "0"}
{"source": "wmc:407.0 dit:1.0 noc:0.0 cbo:47.0 rfc:494.0 lcom:0.0 ca:1.0 ce:47.0 npm:83.0 lcom3:0.722068966 loc:23683.0 dam:0.8 moa:8.0 mfa:0.0 cam:0.183865684 ic:0.0 cbm:0.0 amc:57.12776413 max_cc:28.0 avg_cc:4.8894", "target": "0"}
{"source": "wmc:11.0 dit:1.0 noc:0.0 cbo:3.0 rfc:16.0 lcom:55.0 ca:2.0 ce:1.0 npm:9.0 lcom3:2.0 loc:456.0 dam:0.0 moa:0.0 mfa:0.0 cam:0.363636364 ic:0.0 cbm:0.0 amc:40.45454545 max_cc:6.0 avg_cc:3.5455", "target": "0"}
{"source": "wmc:4.0 dit:3.0 noc:0.0 cbo:1.0 rfc:8.0 lcom:4.0 ca:1.0 ce:0.0 npm:4.0 lcom3:1.0 loc:83.0 dam:0.0 moa:0.0 mfa:0.857142857 cam:0.35 ic:2.0 cbm:2.0 amc:18.75 max_cc:1.0 avg_cc:0.75", "target": "0"}
{"source": "wmc:13.0 dit:1.0 noc:0.0 cbo:11.0 rfc:61.0 lcom:44.0 ca:4.0 ce:10.0 npm:6.0 lcom3:0.833333333 loc:488.0 dam:1.0 moa:0.0 mfa:0.0 cam:0.180555556 ic:0.0 cbm:0.0 amc:36.15384615 max_cc:6.0 avg_cc:2.6154", "target": "1"}
{"source": "wmc:2.0 dit:2.0 noc:0.0 cbo:7.0 rfc:7.0 lcom:1.0 ca:1.0 ce:6.0 npm:1.0 lcom3:2.0 loc:30.0 dam:0.0 moa:0.0 mfa:0.947368421 cam:0.625 ic:1.0 cbm:1.0 amc:14.0 max_cc:1.0 avg_cc:0.5", "target": "0"}
{"source": "wmc:7.0 dit:6.0 noc:0.0 cbo:6.0 rfc:38.0 lcom:0.0 ca:4.0 ce:4.0 npm:3.0 lcom3:0.766666667 loc:196.0 dam:1.0 moa:1.0 mfa:0.99086758 cam:0.285714286 ic:0.0 cbm:0.0 amc:26.28571429 max_cc:2.0 avg_cc:1.1429", "target": "0"}
{"source": "wmc:5.0 dit:7.0 noc:0.0 cbo:8.0 rfc:49.0 lcom:2.0 ca:1.0 ce:8.0 npm:4.0 lcom3:0.5 loc:362.0 dam:1.0 moa:1.0 mfa:0.99391172 cam:0.466666667 ic:0.0 cbm:0.0 amc:70.4 max_cc:4.0 avg_cc:1.8", "target": "0"}
{"source": "wmc:2.0 dit:2.0 noc:0.0 cbo:10.0 rfc:9.0 lcom:1.0 ca:1.0 ce:9.0 npm:2.0 lcom3:2.0 loc:107.0 dam:0.0 moa:0.0 mfa:0.947368421 cam:0.625 ic:2.0 cbm:2.0 amc:52.5 max_cc:1.0 avg_cc:0.5", "target": "0"}
{"source": "wmc:11.0 dit:2.0 noc:0.0 cbo:6.0 rfc:31.0 lcom:11.0 ca:4.0 ce:4.0 npm:10.0 lcom3:0.725 loc:232.0 dam:0.75 moa:1.0 mfa:0.7 cam:0.425 ic:1.0 cbm:3.0 amc:19.72727273 max_cc:3.0 avg_cc:1.5455", "target": "0"}
{"source": "wmc:6.0 dit:2.0 noc:0.0 cbo:5.0 rfc:25.0 lcom:3.0 ca:1.0 ce:5.0 npm:4.0 lcom3:0.771428571 loc:215.0 dam:1.0 moa:0.0 mfa:0.722222222 cam:0.722222222 ic:1.0 cbm:3.0 amc:33.66666667 max_cc:7.0 avg_cc:3.0", "target": "0"}
{"source": "wmc:2.0 dit:1.0 noc:0.0 cbo:2.0 rfc:2.0 lcom:1.0 ca:2.0 ce:0.0 npm:2.0 lcom3:2.0 loc:2.0 dam:0.0 moa:0.0 mfa:0.0 cam:0.625 ic:0.0 cbm:0.0 amc:0.0 max_cc:1.0 avg_cc:1.0", "target": "0"}
{"source": "wmc:5.0 dit:1.0 noc:0.0 cbo:3.0 rfc:23.0 lcom:0.0 ca:1.0 ce:2.0 npm:3.0 lcom3:0.375 loc:239.0 dam:1.0 moa:0.0 mfa:0.0 cam:0.5 ic:0.0 cbm:0.0 amc:46.0 max_cc:6.0 avg_cc:3.0", "target": "0"}
{"source": "wmc:2.0 dit:2.0 noc:0.0 cbo:4.0 rfc:3.0 lcom:1.0 ca:1.0 ce:3.0 npm:1.0 lcom3:2.0 loc:6.0 dam:0.0 moa:0.0 mfa:0.9 cam:0.75 ic:0.0 cbm:0.0 amc:2.0 max_cc:1.0 avg_cc:0.5", "target": "0"}
{"source": "wmc:37.0 dit:1.0 noc:0.0 cbo:69.0 rfc:102.0 lcom:660.0 ca:64.0 ce:10.0 npm:33.0 lcom3:0.944444444 loc:1578.0 dam:1.0 moa:0.0 mfa:0.0 cam:0.122850123 ic:0.0 cbm:0.0 amc:41.62162162 max_cc:17.0 avg_cc:4.2162", "target": "1"}
{"source": "wmc:3.0 dit:2.0 noc:0.0 cbo:4.0 rfc:9.0 lcom:1.0 ca:1.0 ce:3.0 npm:0.0 lcom3:0.5 loc:106.0 dam:1.0 moa:0.0 mfa:0.777777778 cam:0.444444444 ic:1.0 cbm:2.0 amc:34.0 max_cc:11.0 avg_cc:4.0", "target": "0"}
{"source": "wmc:43.0 dit:4.0 noc:0.0 cbo:15.0 rfc:111.0 lcom:759.0 ca:6.0 ce:14.0 npm:37.0 lcom3:0.956190476 loc:981.0 dam:0.88 moa:3.0 mfa:0.938953488 cam:0.121645796 ic:3.0 cbm:17.0 amc:21.23255814 max_cc:31.0 avg_cc:1.8837", "target": "1"}
{"source": "wmc:4.0 dit:2.0 noc:0.0 cbo:12.0 rfc:21.0 lcom:6.0 ca:1.0 ce:11.0 npm:1.0 lcom3:1.0 loc:279.0 dam:0.0 moa:0.0 mfa:0.857142857 cam:0.45 ic:1.0 cbm:1.0 amc:68.5 max_cc:4.0 avg_cc:2.25", "target": "0"}
{"source": "wmc:10.0 dit:1.0 noc:2.0 cbo:15.0 rfc:26.0 lcom:15.0 ca:10.0 ce:8.0 npm:7.0 lcom3:0.555555556 loc:163.0 dam:0.0 moa:3.0 mfa:0.0 cam:0.266666667 ic:0.0 cbm:0.0 amc:15.0 max_cc:3.0 avg_cc:1.1", "target": "0"}
{"source": "wmc:2.0 dit:2.0 noc:0.0 cbo:12.0 rfc:22.0 lcom:1.0 ca:1.0 ce:11.0 npm:1.0 lcom3:2.0 loc:186.0 dam:0.0 moa:0.0 mfa:0.947368421 cam:0.625 ic:1.0 cbm:2.0 amc:92.0 max_cc:1.0 avg_cc:0.5", "target": "0"}
{"source": "wmc:2.0 dit:2.0 noc:0.0 cbo:10.0 rfc:7.0 lcom:1.0 ca:1.0 ce:9.0 npm:1.0 lcom3:1.0 loc:80.0 dam:0.0 moa:0.0 mfa:0.947368421 cam:0.625 ic:1.0 cbm:1.0 amc:38.5 max_cc:1.0 avg_cc:0.5", "target": "0"}
{"source": "wmc:18.0 dit:6.0 noc:0.0 cbo:22.0 rfc:131.0 lcom:113.0 ca:8.0 ce:22.0 npm:6.0 lcom3:0.764705882 loc:844.0 dam:1.0 moa:0.0 mfa:0.977272727 cam:0.194444444 ic:3.0 cbm:6.0 amc:45.33333333 max_cc:8.0 avg_cc:1.6111", "target": "0"}
{"source": "wmc:7.0 dit:2.0 noc:0.0 cbo:5.0 rfc:15.0 lcom:9.0 ca:1.0 ce:4.0 npm:7.0 lcom3:0.722222222 loc:64.0 dam:1.0 moa:1.0 mfa:0.454545455 cam:0.357142857 ic:1.0 cbm:1.0 amc:7.714285714 max_cc:1.0 avg_cc:0.8571", "target": "0"}
{"source": "wmc:25.0 dit:6.0 noc:0.0 cbo:9.0 rfc:75.0 lcom:258.0 ca:4.0 ce:8.0 npm:8.0 lcom3:0.818181818 loc:530.0 dam:1.0 moa:3.0 mfa:0.96731055 cam:0.152727273 ic:1.0 cbm:1.0 amc:19.76 max_cc:8.0 avg_cc:1.64", "target": "1"}
{"source": "wmc:3.0 dit:2.0 noc:0.0 cbo:14.0 rfc:10.0 lcom:3.0 ca:5.0 ce:9.0 npm:2.0 lcom3:2.0 loc:63.0 dam:0.0 moa:0.0 mfa:0.9 cam:0.6 ic:1.0 cbm:1.0 amc:20.0 max_cc:1.0 avg_cc:0.6667", "target": "0"}
{"source": "wmc:41.0 dit:1.0 noc:0.0 cbo:86.0 rfc:152.0 lcom:802.0 ca:74.0 ce:23.0 npm:35.0 lcom3:0.94375 loc:1670.0 dam:0.375 moa:1.0 mfa:0.0 cam:0.119642857 ic:0.0 cbm:0.0 amc:39.53658537 max_cc:16.0 avg_cc:3.122", "target": "1"}
{"source": "wmc:1.0 dit:1.0 noc:0.0 cbo:36.0 rfc:1.0 lcom:0.0 ca:36.0 ce:1.0 npm:1.0 lcom3:2.0 loc:1.0 dam:0.0 moa:0.0 mfa:0.0 cam:1.0 ic:0.0 cbm:0.0 amc:0.0 max_cc:1.0 avg_cc:1.0", "target": "0"}
{"source": "wmc:4.0 dit:1.0 noc:0.0 cbo:6.0 rfc:16.0 lcom:0.0 ca:5.0 ce:1.0 npm:3.0 lcom3:1.095238095 loc:222.0 dam:1.0 moa:0.0 mfa:0.0 cam:0.333333333 ic:0.0 cbm:0.0 amc:52.75 max_cc:60.0 avg_cc:20.0", "target": "0"}
{"source": "wmc:12.0 dit:7.0 noc:0.0 cbo:7.0 rfc:58.0 lcom:52.0 ca:1.0 ce:7.0 npm:10.0 lcom3:0.709090909 loc:284.0 dam:1.0 moa:2.0 mfa:0.983433735 cam:0.277777778 ic:0.0 cbm:0.0 amc:22.25 max_cc:3.0 avg_cc:1.3333", "target": "0"}
{"source": "wmc:19.0 dit:5.0 noc:0.0 cbo:30.0 rfc:126.0 lcom:53.0 ca:17.0 ce:20.0 npm:12.0 lcom3:0.537037037 loc:781.0 dam:1.0 moa:5.0 mfa:0.973174367 cam:0.210526316 ic:1.0 cbm:1.0 amc:39.78947368 max_cc:22.0 avg_cc:3.0526", "target": "1"}
{"source": "wmc:6.0 dit:1.0 noc:0.0 cbo:6.0 rfc:9.0 lcom:15.0 ca:4.0 ce:3.0 npm:6.0 lcom3:2.0 loc:34.0 dam:0.0 moa:0.0 mfa:0.0 cam:0.555555556 ic:0.0 cbm:0.0 amc:4.666666667 max_cc:2.0 avg_cc:1.0", "target": "0"}
{"source": "wmc:17.0 dit:5.0 noc:0.0 cbo:16.0 rfc:73.0 lcom:76.0 ca:5.0 ce:16.0 npm:4.0 lcom3:0.78125 loc:412.0 dam:1.0 moa:2.0 mfa:0.976083707 cam:0.341176471 ic:2.0 cbm:5.0 amc:22.76470588 max_cc:9.0 avg_cc:1.4118", "target": "1"}
{"source": "wmc:15.0 dit:7.0 noc:0.0 cbo:7.0 rfc:55.0 lcom:77.0 ca:3.0 ce:7.0 npm:4.0 lcom3:0.888888889 loc:359.0 dam:0.888888889 moa:1.0 mfa:0.979010495 cam:0.283333333 ic:0.0 cbm:0.0 amc:22.33333333 max_cc:3.0 avg_cc:1.0667", "target": "0"}
{"source": "wmc:4.0 dit:2.0 noc:0.0 cbo:2.0 rfc:6.0 lcom:6.0 ca:2.0 ce:0.0 npm:3.0 lcom3:2.0 loc:83.0 dam:0.0 moa:0.0 mfa:0.842105263 cam:0.5625 ic:1.0 cbm:11.0 amc:19.75 max_cc:3.0 avg_cc:1.25", "target": "0"}
{"source": "wmc:22.0 dit:1.0 noc:0.0 cbo:29.0 rfc:94.0 lcom:139.0 ca:10.0 ce:21.0 npm:17.0 lcom3:0.785714286 loc:853.0 dam:1.0 moa:3.0 mfa:0.0 cam:0.227272727 ic:0.0 cbm:0.0 amc:37.5 max_cc:14.0 avg_cc:2.0909", "target": "1"}
{"source": "wmc:5.0 dit:3.0 noc:0.0 cbo:6.0 rfc:13.0 lcom:4.0 ca:3.0 ce:4.0 npm:4.0 lcom3:0.875 loc:50.0 dam:0.25 moa:0.0 mfa:0.666666667 cam:0.5 ic:1.0 cbm:1.0 amc:8.2 max_cc:1.0 avg_cc:0.6", "target": "0"}
{"source": "wmc:3.0 dit:2.0 noc:0.0 cbo:11.0 rfc:13.0 lcom:3.0 ca:1.0 ce:10.0 npm:1.0 lcom3:1.0 loc:102.0 dam:0.0 moa:0.0 mfa:0.9 cam:0.444444444 ic:1.0 cbm:1.0 amc:32.66666667 max_cc:6.0 avg_cc:2.3333", "target": "0"}
{"source": "wmc:13.0 dit:1.0 noc:0.0 cbo:8.0 rfc:31.0 lcom:14.0 ca:6.0 ce:7.0 npm:11.0 lcom3:0.666666667 loc:485.0 dam:1.0 moa:3.0 mfa:0.0 cam:0.230769231 ic:0.0 cbm:0.0 amc:35.69230769 max_cc:11.0 avg_cc:3.3077", "target": "1"}
{"source": "wmc:12.0 dit:1.0 noc:4.0 cbo:28.0 rfc:18.0 lcom:54.0 ca:27.0 ce:3.0 npm:12.0 lcom3:0.727272727 loc:49.0 dam:1.0 moa:0.0 mfa:0.0 cam:0.3125 ic:0.0 cbm:0.0 amc:3.0 max_cc:1.0 avg_cc:0.9167", "target": "1"}
{"source": "wmc:6.0 dit:2.0 noc:0.0 cbo:8.0 rfc:54.0 lcom:7.0 ca:3.0 ce:7.0 npm:3.0 lcom3:0.75 loc:336.0 dam:1.0 moa:0.0 mfa:0.924242424 cam:0.305555556 ic:0.0 cbm:0.0 amc:54.33333333 max_cc:12.0 avg_cc:3.6667", "target": "1"}
{"source": "wmc:1.0 dit:1.0 noc:0.0 cbo:13.0 rfc:1.0 lcom:0.0 ca:13.0 ce:0.0 npm:0.0 lcom3:2.0 loc:617.0 dam:0.0 moa:0.0 mfa:0.0 cam:0.0 ic:0.0 cbm:0.0 amc:496.0 max_cc:0.0 avg_cc:0.0", "target": "0"}
{"source": "wmc:3.0 dit:2.0 noc:0.0 cbo:4.0 rfc:9.0 lcom:1.0 ca:1.0 ce:3.0 npm:0.0 lcom3:0.5 loc:71.0 dam:1.0 moa:0.0 mfa:0.777777778 cam:0.444444444 ic:1.0 cbm:2.0 amc:22.33333333 max_cc:6.0 avg_cc:2.3333", "target": "0"}
{"source": "wmc:1.0 dit:3.0 noc:0.0 cbo:4.0 rfc:2.0 lcom:0.0 ca:2.0 ce:2.0 npm:1.0 lcom3:2.0 loc:5.0 dam:0.0 moa:0.0 mfa:1.0 cam:1.0 ic:0.0 cbm:0.0 amc:4.0 max_cc:0.0 avg_cc:0.0", "target": "0"}
{"source": "wmc:4.0 dit:1.0 noc:0.0 cbo:3.0 rfc:5.0 lcom:0.0 ca:2.0 ce:1.0 npm:3.0 lcom3:0.111111111 loc:94.0 dam:1.0 moa:0.0 mfa:0.0 cam:0.5 ic:0.0 cbm:0.0 amc:21.75 max_cc:4.0 avg_cc:2.5", "target": "0"}
{"source": "wmc:19.0 dit:6.0 noc:0.0 cbo:14.0 rfc:64.0 lcom:125.0 ca:13.0 ce:9.0 npm:8.0 lcom3:0.916666667 loc:342.0 dam:1.0 moa:1.0 mfa:0.97309417 cam:0.203947368 ic:3.0 cbm:6.0 amc:16.47368421 max_cc:3.0 avg_cc:1.0526", "target": "1"}
{"source": "wmc:8.0 dit:1.0 noc:0.0 cbo:15.0 rfc:32.0 lcom:0.0 ca:8.0 ce:9.0 npm:3.0 lcom3:0.766233766 loc:351.0 dam:0.0 moa:1.0 mfa:0.0 cam:0.375 ic:0.0 cbm:0.0 amc:41.5 max_cc:1.0 avg_cc:0.375", "target": "0"}
{"source": "wmc:3.0 dit:2.0 noc:0.0 cbo:4.0 rfc:8.0 lcom:0.0 ca:1.0 ce:3.0 npm:0.0 lcom3:0.75 loc:151.0 dam:0.5 moa:0.0 mfa:0.777777778 cam:0.444444444 ic:1.0 cbm:2.0 amc:48.0 max_cc:18.0 avg_cc:7.3333", "target": "0"}
{"source": "wmc:5.0 dit:6.0 noc:0.0 cbo:7.0 rfc:32.0 lcom:2.0 ca:3.0 ce:6.0 npm:1.0 lcom3:0.8 loc:202.0 dam:1.0 moa:2.0 mfa:0.99389313 cam:0.35 ic:0.0 cbm:0.0 amc:38.4 max_cc:1.0 avg_cc:0.8", "target": "0"}
{"source": "wmc:3.0 dit:2.0 noc:0.0 cbo:9.0 rfc:7.0 lcom:1.0 ca:3.0 ce:6.0 npm:1.0 lcom3:1.0 loc:30.0 dam:0.0 moa:0.0 mfa:0.947368421 cam:0.666666667 ic:1.0 cbm:2.0 amc:8.0 max_cc:1.0 avg_cc:0.3333", "target": "0"}
{"source": "wmc:5.0 dit:6.0 noc:0.0 cbo:6.0 rfc:34.0 lcom:4.0 ca:2.0 ce:5.0 npm:1.0 lcom3:0.464285714 loc:239.0 dam:1.0 moa:2.0 mfa:0.993993994 cam:0.5 ic:2.0 cbm:4.0 amc:45.4 max_cc:4.0 avg_cc:1.8", "target": "1"}
{"source": "wmc:2.0 dit:8.0 noc:0.0 cbo:14.0 rfc:28.0 lcom:1.0 ca:3.0 ce:14.0 npm:2.0 lcom3:2.0 loc:133.0 dam:0.0 moa:0.0 mfa:0.998835856 cam:0.75 ic:2.0 cbm:3.0 amc:65.5 max_cc:8.0 avg_cc:4.0", "target": "0"}
{"source": "wmc:6.0 dit:1.0 noc:0.0 cbo:2.0 rfc:41.0 lcom:13.0 ca:0.0 ce:2.0 npm:5.0 lcom3:0.6 loc:372.0 dam:0.0 moa:0.0 mfa:0.0 cam:0.28 ic:0.0 cbm:0.0 amc:60.83333333 max_cc:11.0 avg_cc:3.0", "target": "0"}
{"source": "wmc:2.0 dit:2.0 noc:0.0 cbo:1.0 rfc:5.0 lcom:1.0 ca:0.0 ce:1.0 npm:2.0 lcom3:2.0 loc:14.0 dam:0.0 moa:0.0 mfa:0.923076923 cam:0.75 ic:0.0 cbm:0.0 amc:6.0 max_cc:1.0 avg_cc:0.5", "target": "0"}
{"source": "wmc:3.0 dit:6.0 noc:0.0 cbo:3.0 rfc:17.0 lcom:1.0 ca:1.0 ce:2.0 npm:3.0 lcom3:0.5 loc:307.0 dam:1.0 moa:0.0 mfa:0.996987952 cam:1.0 ic:2.0 cbm:4.0 amc:98.0 max_cc:5.0 avg_cc:2.0", "target": "1"}
{"source": "wmc:9.0 dit:1.0 noc:3.0 cbo:10.0 rfc:25.0 lcom:22.0 ca:9.0 ce:5.0 npm:6.0 lcom3:0.583333333 loc:121.0 dam:1.0 moa:0.0 mfa:0.0 cam:0.208333333 ic:0.0 cbm:0.0 amc:12.11111111 max_cc:3.0 avg_cc:1.3333", "target": "0"}
{"source": "wmc:10.0 dit:1.0 noc:0.0 cbo:12.0 rfc:46.0 lcom:17.0 ca:10.0 ce:3.0 npm:8.0 lcom3:0.622222222 loc:296.0 dam:1.0 moa:0.0 mfa:0.0 cam:0.35 ic:0.0 cbm:0.0 amc:28.1 max_cc:10.0 avg_cc:2.8", "target": "0"}
{"source": "wmc:7.0 dit:2.0 noc:0.0 cbo:4.0 rfc:21.0 lcom:0.0 ca:1.0 ce:3.0 npm:0.0 lcom3:0.541666667 loc:300.0 dam:1.0 moa:1.0 mfa:0.538461538 cam:0.333333333 ic:1.0 cbm:3.0 amc:41.28571429 max_cc:16.0 avg_cc:4.7143", "target": "0"}
{"source": "wmc:6.0 dit:1.0 noc:0.0 cbo:3.0 rfc:11.0 lcom:9.0 ca:1.0 ce:3.0 npm:5.0 lcom3:0.488888889 loc:135.0 dam:1.0 moa:3.0 mfa:0.0 cam:0.333333333 ic:0.0 cbm:0.0 amc:20.0 max_cc:6.0 avg_cc:1.6667", "target": "0"}
{"source": "wmc:6.0 dit:2.0 noc:0.0 cbo:16.0 rfc:14.0 lcom:3.0 ca:8.0 ce:8.0 npm:5.0 lcom3:0.666666667 loc:93.0 dam:1.0 moa:0.0 mfa:0.782608696 cam:0.444444444 ic:0.0 cbm:0.0 amc:14.0 max_cc:1.0 avg_cc:0.8333", "target": "0"}
{"source": "wmc:5.0 dit:2.0 noc:0.0 cbo:5.0 rfc:22.0 lcom:0.0 ca:1.0 ce:4.0 npm:0.0 lcom3:0.125 loc:206.0 dam:1.0 moa:0.0 mfa:0.7 cam:0.35 ic:1.0 cbm:3.0 amc:39.8 max_cc:11.0 avg_cc:4.0", "target": "0"}
{"source": "wmc:4.0 dit:2.0 noc:0.0 cbo:10.0 rfc:22.0 lcom:2.0 ca:2.0 ce:8.0 npm:3.0 lcom3:0.555555556 loc:173.0 dam:0.333333333 moa:0.0 mfa:0.857142857 cam:0.5 ic:1.0 cbm:1.0 amc:41.5 max_cc:1.0 avg_cc:0.75", "target": "0"}
{"source": "wmc:8.0 dit:2.0 noc:0.0 cbo:9.0 rfc:21.0 lcom:0.0 ca:2.0 ce:7.0 npm:6.0 lcom3:0.285714286 loc:163.0 dam:1.0 moa:0.0 mfa:0.695652174 cam:0.40625 ic:1.0 cbm:2.0 amc:19.25 max_cc:2.0 avg_cc:1.375", "target": "0"}
{"source": "wmc:4.0 dit:1.0 noc:0.0 cbo:2.0 rfc:7.0 lcom:0.0 ca:1.0 ce:1.0 npm:3.0 lcom3:0.222222222 loc:62.0 dam:1.0 moa:0.0 mfa:0.0 cam:0.666666667 ic:0.0 cbm:0.0 amc:13.75 max_cc:3.0 avg_cc:1.75", "target": "0"}
{"source": "wmc:6.0 dit:1.0 noc:0.0 cbo:4.0 rfc:6.0 lcom:15.0 ca:4.0 ce:1.0 npm:6.0 lcom3:2.0 loc:6.0 dam:0.0 moa:0.0 mfa:0.0 cam:1.0 ic:0.0 cbm:0.0 amc:0.0 max_cc:1.0 avg_cc:1.0", "target": "0"}
{"source": "wmc:1.0 dit:3.0 noc:0.0 cbo:4.0 rfc:2.0 lcom:0.0 ca:2.0 ce:2.0 npm:1.0 lcom3:2.0 loc:5.0 dam:0.0 moa:0.0 mfa:1.0 cam:1.0 ic:0.0 cbm:0.0 amc:4.0 max_cc:0.0 avg_cc:0.0", "target": "1"}
{"source": "wmc:9.0 dit:1.0 noc:2.0 cbo:10.0 rfc:12.0 lcom:30.0 ca:10.0 ce:2.0 npm:7.0 lcom3:0.75 loc:31.0 dam:1.0 moa:1.0 mfa:0.0 cam:0.266666667 ic:0.0 cbm:0.0 amc:2.333333333 max_cc:1.0 avg_cc:0.8889", "target": "0"}
{"source": "wmc:5.0 dit:2.0 noc:0.0 cbo:15.0 rfc:24.0 lcom:10.0 ca:2.0 ce:13.0 npm:1.0 lcom3:1.071428571 loc:159.0 dam:0.0 moa:0.0 mfa:0.818181818 cam:0.72 ic:0.0 cbm:0.0 amc:29.4 max_cc:1.0 avg_cc:0.8", "target": "0"}
{"source": "wmc:65.0 dit:5.0 noc:0.0 cbo:52.0 rfc:205.0 lcom:1652.0 ca:26.0 ce:37.0 npm:27.0 lcom3:0.941761364 loc:1871.0 dam:0.878787879 moa:5.0 mfa:0.910739191 cam:0.115384615 ic:3.0 cbm:12.0 amc:27.27692308 max_cc:12.0 avg_cc:2.2462", "target": "1"}
{"source": "wmc:5.0 dit:6.0 noc:0.0 cbo:6.0 rfc:42.0 lcom:6.0 ca:2.0 ce:5.0 npm:3.0 lcom3:0.75 loc:206.0 dam:1.0 moa:1.0 mfa:0.993993994 cam:1.0 ic:2.0 cbm:4.0 amc:39.4 max_cc:2.0 avg_cc:1.0", "target": "0"}
{"source": "wmc:12.0 dit:2.0 noc:0.0 cbo:5.0 rfc:36.0 lcom:24.0 ca:3.0 ce:2.0 npm:7.0 lcom3:0.818181818 loc:253.0 dam:0.666666667 moa:0.0 mfa:0.592592593 cam:0.395833333 ic:1.0 cbm:2.0 amc:19.83333333 max_cc:4.0 avg_cc:1.5833", "target": "0"}
{"source": "wmc:54.0 dit:1.0 noc:0.0 cbo:59.0 rfc:139.0 lcom:1019.0 ca:45.0 ce:21.0 npm:45.0 lcom3:0.785793563 loc:1472.0 dam:0.117647059 moa:5.0 mfa:0.0 cam:0.134433962 ic:0.0 cbm:0.0 amc:25.94444444 max_cc:33.0 avg_cc:1.6296", "target": "0"}
{"source": "wmc:25.0 dit:5.0 noc:0.0 cbo:18.0 rfc:123.0 lcom:122.0 ca:11.0 ce:14.0 npm:11.0 lcom3:0.818452381 loc:797.0 dam:1.0 moa:3.0 mfa:0.964549483 cam:0.195555556 ic:1.0 cbm:4.0 amc:30.32 max_cc:12.0 avg_cc:2.28", "target": "1"}
{"source": "wmc:3.0 dit:6.0 noc:0.0 cbo:4.0 rfc:21.0 lcom:1.0 ca:1.0 ce:3.0 npm:1.0 lcom3:0.5 loc:159.0 dam:1.0 moa:1.0 mfa:0.996987952 cam:1.0 ic:1.0 cbm:3.0 amc:50.0 max_cc:1.0 avg_cc:0.6667", "target": "1"}
{"source": "wmc:14.0 dit:2.0 noc:0.0 cbo:7.0 rfc:35.0 lcom:37.0 ca:4.0 ce:4.0 npm:11.0 lcom3:0.760683761 loc:304.0 dam:1.0 moa:1.0 mfa:0.824324324 cam:0.224489796 ic:0.0 cbm:0.0 amc:20.07142857 max_cc:8.0 avg_cc:1.7143", "target": "1"}
{"source": "wmc:1.0 dit:3.0 noc:0.0 cbo:9.0 rfc:2.0 lcom:0.0 ca:7.0 ce:2.0 npm:1.0 lcom3:2.0 loc:5.0 dam:0.0 moa:0.0 mfa:1.0 cam:1.0 ic:0.0 cbm:0.0 amc:4.0 max_cc:0.0 avg_cc:0.0", "target": "0"}
{"source": "wmc:10.0 dit:5.0 noc:20.0 cbo:23.0 rfc:27.0 lcom:29.0 ca:21.0 ce:2.0 npm:8.0 lcom3:0.805555556 loc:285.0 dam:1.0 moa:0.0 mfa:0.986404834 cam:0.5 ic:0.0 cbm:0.0 amc:27.1 max_cc:2.0 avg_cc:1.1", "target": "0"}
{"source": "wmc:8.0 dit:1.0 noc:13.0 cbo:15.0 rfc:9.0 lcom:12.0 ca:13.0 ce:2.0 npm:0.0 lcom3:0.761904762 loc:65.0 dam:1.0 moa:2.0 mfa:0.0 cam:0.354166667 ic:0.0 cbm:0.0 amc:6.75 max_cc:3.0 avg_cc:1.25", "target": "0"}
{"source": "wmc:4.0 dit:4.0 noc:0.0 cbo:2.0 rfc:24.0 lcom:0.0 ca:1.0 ce:1.0 npm:3.0 lcom3:0.444444444 loc:195.0 dam:1.0 moa:0.0 mfa:0.995377504 cam:0.375 ic:1.0 cbm:3.0 amc:46.25 max_cc:2.0 avg_cc:1.25", "target": "0"}
{"source": "wmc:11.0 dit:2.0 noc:0.0 cbo:13.0 rfc:104.0 lcom:11.0 ca:2.0 ce:13.0 npm:3.0 lcom3:0.914285714 loc:1460.0 dam:0.333333333 moa:3.0 mfa:0.333333333 cam:0.236363636 ic:0.0 cbm:0.0 amc:129.8181818 max_cc:19.0 avg_cc:5.4545", "target": "0"}
{"source": "wmc:28.0 dit:1.0 noc:0.0 cbo:25.0 rfc:104.0 lcom:312.0 ca:7.0 ce:21.0 npm:22.0 lcom3:0.875 loc:721.0 dam:1.0 moa:2.0 mfa:0.0 cam:0.114478114 ic:0.0 cbm:0.0 amc:24.46428571 max_cc:8.0 avg_cc:2.25", "target": "1"}
{"source": "wmc:4.0 dit:1.0 noc:0.0 cbo:4.0 rfc:4.0 lcom:6.0 ca:4.0 ce:1.0 npm:4.0 lcom3:2.0 loc:4.0 dam:0.0 moa:0.0 mfa:0.0 cam:0.916666667 ic:0.0 cbm:0.0 amc:0.0 max_cc:1.0 avg_cc:1.0", "target": "0"}
{"source": "wmc:3.0 dit:6.0 noc:0.0 cbo:3.0 rfc:16.0 lcom:3.0 ca:1.0 ce:2.0 npm:3.0 lcom3:2.0 loc:50.0 dam:0.0 moa:0.0 mfa:0.996987952 cam:1.0 ic:2.0 cbm:4.0 amc:15.66666667 max_cc:1.0 avg_cc:0.6667", "target": "0"}
{"source": "wmc:3.0 dit:6.0 noc:0.0 cbo:6.0 rfc:18.0 lcom:3.0 ca:5.0 ce:2.0 npm:1.0 lcom3:2.0 loc:67.0 dam:0.0 moa:0.0 mfa:0.997382199 cam:0.444444444 ic:0.0 cbm:0.0 amc:21.33333333 max_cc:2.0 avg_cc:1.0", "target": "0"}
{"source": "wmc:4.0 dit:1.0 noc:5.0 cbo:9.0 rfc:5.0 lcom:6.0 ca:9.0 ce:0.0 npm:4.0 lcom3:2.0 loc:11.0 dam:0.0 moa:0.0 mfa:0.0 cam:0.75 ic:0.0 cbm:0.0 amc:1.75 max_cc:1.0 avg_cc:0.75", "target": "0"}
{"source": "wmc:1.0 dit:1.0 noc:0.0 cbo:2.0 rfc:1.0 lcom:0.0 ca:2.0 ce:0.0 npm:0.0 lcom3:2.0 loc:186.0 dam:0.0 moa:0.0 mfa:0.0 cam:0.0 ic:0.0 cbm:0.0 amc:148.0 max_cc:0.0 avg_cc:0.0", "target": "0"}
{"source": "wmc:33.0 dit:1.0 noc:0.0 cbo:36.0 rfc:121.0 lcom:228.0 ca:10.0 ce:29.0 npm:30.0 lcom3:0.646875 loc:1520.0 dam:1.0 moa:2.0 mfa:0.0 cam:0.136363636 ic:0.0 cbm:0.0 amc:44.75757576 max_cc:27.0 avg_cc:3.7879", "target": "1"}
{"source": "wmc:50.0 dit:1.0 noc:0.0 cbo:5.0 rfc:66.0 lcom:3.0 ca:1.0 ce:4.0 npm:6.0 lcom3:0.75170068 loc:6336.0 dam:0.166666667 moa:1.0 mfa:0.0 cam:0.5 ic:0.0 cbm:0.0 amc:125.24 max_cc:84.0 avg_cc:6.72", "target": "0"}
{"source": "wmc:4.0 dit:1.0 noc:0.0 cbo:2.0 rfc:7.0 lcom:0.0 ca:1.0 ce:1.0 npm:3.0 lcom3:0.0 loc:59.0 dam:1.0 moa:0.0 mfa:0.0 cam:0.666666667 ic:0.0 cbm:0.0 amc:13.25 max_cc:3.0 avg_cc:1.75", "target": "0"}
{"source": "wmc:4.0 dit:1.0 noc:0.0 cbo:11.0 rfc:5.0 lcom:0.0 ca:11.0 ce:0.0 npm:4.0 lcom3:0.666666667 loc:28.0 dam:1.0 moa:0.0 mfa:0.0 cam:0.5 ic:0.0 cbm:0.0 amc:5.25 max_cc:1.0 avg_cc:0.75", "target": "1"}
{"source": "wmc:7.0 dit:1.0 noc:0.0 cbo:7.0 rfc:10.0 lcom:0.0 ca:7.0 ce:1.0 npm:2.0 lcom3:0.625 loc:64.0 dam:1.0 moa:1.0 mfa:0.0 cam:0.428571429 ic:0.0 cbm:0.0 amc:7.571428571 max_cc:2.0 avg_cc:1.1429", "target": "0"}
{"source": "wmc:47.0 dit:2.0 noc:1.0 cbo:38.0 rfc:109.0 lcom:1019.0 ca:16.0 ce:25.0 npm:26.0 lcom3:0.944816054 loc:2553.0 dam:0.461538462 moa:2.0 mfa:0.14893617 cam:0.230072464 ic:1.0 cbm:2.0 amc:53.04255319 max_cc:11.0 avg_cc:1.766", "target": "0"}
{"source": "wmc:1.0 dit:3.0 noc:0.0 cbo:3.0 rfc:2.0 lcom:0.0 ca:1.0 ce:2.0 npm:1.0 lcom3:2.0 loc:5.0 dam:0.0 moa:0.0 mfa:1.0 cam:1.0 ic:0.0 cbm:0.0 amc:4.0 max_cc:0.0 avg_cc:0.0", "target": "0"}
{"source": "wmc:6.0 dit:2.0 noc:0.0 cbo:4.0 rfc:22.0 lcom:3.0 ca:1.0 ce:3.0 npm:0.0 lcom3:1.0625 loc:288.0 dam:0.0 moa:0.0 mfa:0.636363636 cam:0.285714286 ic:1.0 cbm:2.0 amc:44.33333333 max_cc:25.0 avg_cc:5.1667", "target": "0"}
{"source": "wmc:5.0 dit:3.0 noc:0.0 cbo:4.0 rfc:18.0 lcom:8.0 ca:0.0 ce:4.0 npm:5.0 lcom3:0.375 loc:173.0 dam:1.0 moa:2.0 mfa:0.818181818 cam:0.366666667 ic:2.0 cbm:3.0 amc:32.4 max_cc:7.0 avg_cc:2.6", "target": "0"}
{"source": "wmc:12.0 dit:2.0 noc:0.0 cbo:7.0 rfc:36.0 lcom:36.0 ca:1.0 ce:7.0 npm:8.0 lcom3:0.869565217 loc:492.0 dam:1.0 moa:4.0 mfa:0.541666667 cam:0.319444444 ic:1.0 cbm:3.0 amc:38.08333333 max_cc:13.0 avg_cc:3.5833", "target": "0"}
{"source": "wmc:1.0 dit:3.0 noc:0.0 cbo:5.0 rfc:2.0 lcom:0.0 ca:3.0 ce:2.0 npm:1.0 lcom3:2.0 loc:5.0 dam:0.0 moa:0.0 mfa:1.0 cam:1.0 ic:0.0 cbm:0.0 amc:4.0 max_cc:0.0 avg_cc:0.0", "target": "0"}
{"source": "wmc:27.0 dit:1.0 noc:0.0 cbo:3.0 rfc:40.0 lcom:25.0 ca:3.0 ce:0.0 npm:21.0 lcom3:0.529411765 loc:1278.0 dam:0.705882353 moa:0.0 mfa:0.0 cam:0.296296296 ic:0.0 cbm:0.0 amc:45.7037037 max_cc:7.0 avg_cc:1.5556", "target": "0"}
{"source": "wmc:4.0 dit:2.0 noc:0.0 cbo:4.0 rfc:8.0 lcom:4.0 ca:1.0 ce:3.0 npm:0.0 lcom3:0.666666667 loc:55.0 dam:1.0 moa:0.0 mfa:0.7 cam:0.375 ic:1.0 cbm:2.0 amc:12.25 max_cc:6.0 avg_cc:2.0", "target": "0"}
{"source": "wmc:54.0 dit:1.0 noc:1.0 cbo:47.0 rfc:138.0 lcom:1259.0 ca:37.0 ce:18.0 npm:38.0 lcom3:0.938903863 loc:1694.0 dam:0.80952381 moa:4.0 mfa:0.0 cam:0.110987791 ic:0.0 cbm:0.0 amc:29.98148148 max_cc:6.0 avg_cc:1.6296", "target": "0"}
{"source": "wmc:28.0 dit:6.0 noc:0.0 cbo:19.0 rfc:89.0 lcom:206.0 ca:16.0 ce:6.0 npm:15.0 lcom3:0.772486772 loc:614.0 dam:1.0 moa:1.0 mfa:0.970588235 cam:0.219387755 ic:3.0 cbm:7.0 amc:20.67857143 max_cc:12.0 avg_cc:2.25", "target": "1"}
{"source": "wmc:6.0 dit:1.0 noc:0.0 cbo:4.0 rfc:8.0 lcom:0.0 ca:4.0 ce:0.0 npm:6.0 lcom3:0.5 loc:66.0 dam:1.0 moa:0.0 mfa:0.0 cam:0.75 ic:0.0 cbm:0.0 amc:9.666666667 max_cc:2.0 avg_cc:1.0", "target": "0"}
{"source": "wmc:9.0 dit:1.0 noc:0.0 cbo:5.0 rfc:20.0 lcom:0.0 ca:3.0 ce:2.0 npm:9.0 lcom3:0.5 loc:111.0 dam:1.0 moa:0.0 mfa:0.0 cam:0.259259259 ic:0.0 cbm:0.0 amc:11.11111111 max_cc:3.0 avg_cc:1.5556", "target": "0"}
{"source": "wmc:12.0 dit:1.0 noc:0.0 cbo:3.0 rfc:25.0 lcom:0.0 ca:2.0 ce:1.0 npm:0.0 lcom3:0.436363636 loc:212.0 dam:1.0 moa:0.0 mfa:0.0 cam:0.395833333 ic:0.0 cbm:0.0 amc:16.25 max_cc:3.0 avg_cc:1.3333", "target": "0"}
{"source": "wmc:26.0 dit:1.0 noc:0.0 cbo:10.0 rfc:38.0 lcom:311.0 ca:7.0 ce:3.0 npm:23.0 lcom3:0.873333333 loc:177.0 dam:1.0 moa:1.0 mfa:0.0 cam:0.16 ic:0.0 cbm:0.0 amc:5.576923077 max_cc:3.0 avg_cc:1.1923", "target": "0"}
{"source": "wmc:2.0 dit:1.0 noc:0.0 cbo:2.0 rfc:3.0 lcom:1.0 ca:2.0 ce:0.0 npm:0.0 lcom3:1.0 loc:16.0 dam:0.0 moa:0.0 mfa:0.0 cam:0.75 ic:0.0 cbm:0.0 amc:6.0 max_cc:0.0 avg_cc:0.0", "target": "0"}
{"source": "wmc:4.0 dit:1.0 noc:0.0 cbo:5.0 rfc:4.0 lcom:6.0 ca:5.0 ce:0.0 npm:4.0 lcom3:2.0 loc:4.0 dam:0.0 moa:0.0 mfa:0.0 cam:1.0 ic:0.0 cbm:0.0 amc:0.0 max_cc:1.0 avg_cc:1.0", "target": "0"}
{"source": "wmc:5.0 dit:2.0 noc:0.0 cbo:5.0 rfc:12.0 lcom:0.0 ca:2.0 ce:3.0 npm:0.0 lcom3:0.375 loc:127.0 dam:1.0 moa:0.0 mfa:0.636363636 cam:0.3 ic:1.0 cbm:2.0 amc:24.0 max_cc:4.0 avg_cc:1.6", "target": "0"}
{"source": "wmc:5.0 dit:7.0 noc:0.0 cbo:6.0 rfc:39.0 lcom:6.0 ca:3.0 ce:4.0 npm:3.0 lcom3:0.75 loc:214.0 dam:1.0 moa:0.0 mfa:0.99391172 cam:0.3 ic:3.0 cbm:6.0 amc:41.4 max_cc:1.0 avg_cc:0.8", "target": "0"}
{"source": "wmc:5.0 dit:3.0 noc:0.0 cbo:4.0 rfc:18.0 lcom:8.0 ca:0.0 ce:4.0 npm:5.0 lcom3:0.375 loc:173.0 dam:1.0 moa:2.0 mfa:0.818181818 cam:0.366666667 ic:2.0 cbm:3.0 amc:32.4 max_cc:7.0 avg_cc:2.6", "target": "0"}
{"source": "wmc:11.0 dit:2.0 noc:0.0 cbo:2.0 rfc:24.0 lcom:35.0 ca:1.0 ce:1.0 npm:7.0 lcom3:0.866666667 loc:163.0 dam:0.666666667 moa:0.0 mfa:0.64 cam:0.303030303 ic:2.0 cbm:3.0 amc:13.54545455 max_cc:4.0 avg_cc:1.4545", "target": "0"}
{"source": "wmc:6.0 dit:6.0 noc:0.0 cbo:6.0 rfc:36.0 lcom:3.0 ca:3.0 ce:4.0 npm:3.0 lcom3:0.533333333 loc:203.0 dam:1.0 moa:1.0 mfa:0.994993742 cam:0.32 ic:2.0 cbm:11.0 amc:31.83333333 max_cc:8.0 avg_cc:2.3333", "target": "0"}
{"source": "wmc:2.0 dit:1.0 noc:0.0 cbo:4.0 rfc:2.0 lcom:1.0 ca:3.0 ce:2.0 npm:2.0 lcom3:2.0 loc:2.0 dam:0.0 moa:0.0 mfa:0.0 cam:1.0 ic:0.0 cbm:0.0 amc:0.0 max_cc:1.0 avg_cc:1.0", "target": "0"}
{"source": "wmc:45.0 dit:1.0 noc:0.0 cbo:41.0 rfc:77.0 lcom:898.0 ca:36.0 ce:5.0 npm:28.0 lcom3:0.795454545 loc:1473.0 dam:0.5 moa:2.0 mfa:0.0 cam:0.083333333 ic:0.0 cbm:0.0 amc:31.64444444 max_cc:12.0 avg_cc:1.7111", "target": "0"}
{"source": "wmc:37.0 dit:1.0 noc:0.0 cbo:24.0 rfc:112.0 lcom:666.0 ca:12.0 ce:15.0 npm:14.0 lcom3:2.0 loc:1583.0 dam:0.0 moa:0.0 mfa:0.0 cam:0.153846154 ic:0.0 cbm:0.0 amc:41.78378378 max_cc:28.0 avg_cc:3.0811", "target": "0"}
{"source": "wmc:10.0 dit:1.0 noc:0.0 cbo:2.0 rfc:16.0 lcom:0.0 ca:2.0 ce:0.0 npm:8.0 lcom3:0.222222222 loc:388.0 dam:1.0 moa:0.0 mfa:0.0 cam:0.44 ic:0.0 cbm:0.0 amc:37.4 max_cc:6.0 avg_cc:2.3", "target": "0"}
{"source": "wmc:1.0 dit:1.0 noc:0.0 cbo:1.0 rfc:2.0 lcom:0.0 ca:1.0 ce:0.0 npm:0.0 lcom3:2.0 loc:6.0 dam:0.0 moa:0.0 mfa:0.0 cam:1.0 ic:0.0 cbm:0.0 amc:3.0 max_cc:0.0 avg_cc:0.0", "target": "0"}
{"source": "wmc:22.0 dit:1.0 noc:0.0 cbo:14.0 rfc:52.0 lcom:107.0 ca:13.0 ce:5.0 npm:9.0 lcom3:0.866071429 loc:648.0 dam:0.8125 moa:5.0 mfa:0.0 cam:0.166666667 ic:0.0 cbm:0.0 amc:27.72727273 max_cc:12.0 avg_cc:2.9545", "target": "0"}
{"source": "wmc:2.0 dit:1.0 noc:0.0 cbo:3.0 rfc:2.0 lcom:1.0 ca:3.0 ce:0.0 npm:2.0 lcom3:2.0 loc:3.0 dam:0.0 moa:0.0 mfa:0.0 cam:1.0 ic:0.0 cbm:0.0 amc:0.0 max_cc:1.0 avg_cc:1.0", "target": "0"}
{"source": "wmc:17.0 dit:7.0 noc:0.0 cbo:5.0 rfc:76.0 lcom:98.0 ca:3.0 ce:4.0 npm:4.0 lcom3:0.875 loc:629.0 dam:1.0 moa:0.0 mfa:0.97754491 cam:0.1875 ic:1.0 cbm:3.0 amc:35.35294118 max_cc:5.0 avg_cc:1.1765", "target": "0"}
{"source": "wmc:3.0 dit:2.0 noc:0.0 cbo:11.0 rfc:15.0 lcom:1.0 ca:2.0 ce:10.0 npm:2.0 lcom3:0.875 loc:132.0 dam:0.0 moa:2.0 mfa:0.9 cam:0.555555556 ic:1.0 cbm:3.0 amc:41.66666667 max_cc:1.0 avg_cc:0.6667", "target": "0"}
{"source": "wmc:3.0 dit:6.0 noc:17.0 cbo:20.0 rfc:13.0 lcom:3.0 ca:20.0 ce:3.0 npm:3.0 lcom3:1.0 loc:43.0 dam:1.0 moa:1.0 mfa:0.996937213 cam:0.5 ic:0.0 cbm:0.0 amc:13.0 max_cc:1.0 avg_cc:0.6667", "target": "0"}
{"source": "wmc:14.0 dit:1.0 noc:7.0 cbo:9.0 rfc:16.0 lcom:91.0 ca:7.0 ce:2.0 npm:14.0 lcom3:2.0 loc:38.0 dam:0.0 moa:0.0 mfa:0.0 cam:0.414285714 ic:0.0 cbm:0.0 amc:1.714285714 max_cc:1.0 avg_cc:0.9286", "target": "0"}
{"source": "wmc:5.0 dit:3.0 noc:0.0 cbo:8.0 rfc:13.0 lcom:4.0 ca:4.0 ce:4.0 npm:4.0 lcom3:0.833333333 loc:47.0 dam:0.333333333 moa:0.0 mfa:0.666666667 cam:0.5 ic:1.0 cbm:1.0 amc:7.8 max_cc:1.0 avg_cc:0.6", "target": "0"}
{"source": "wmc:8.0 dit:7.0 noc:0.0 cbo:6.0 rfc:58.0 lcom:20.0 ca:2.0 ce:6.0 npm:3.0 lcom3:0.8 loc:293.0 dam:1.0 moa:0.0 mfa:0.989393939 cam:0.375 ic:3.0 cbm:6.0 amc:35.0 max_cc:5.0 avg_cc:1.375", "target": "0"}
{"source": "wmc:11.0 dit:1.0 noc:0.0 cbo:18.0 rfc:24.0 lcom:11.0 ca:17.0 ce:1.0 npm:9.0 lcom3:0.977777778 loc:170.0 dam:1.0 moa:0.0 mfa:0.0 cam:0.1 ic:0.0 cbm:0.0 amc:13.63636364 max_cc:3.0 avg_cc:1.7273", "target": "0"}
{"source": "wmc:5.0 dit:2.0 noc:0.0 cbo:11.0 rfc:33.0 lcom:6.0 ca:1.0 ce:10.0 npm:1.0 lcom3:0.625 loc:204.0 dam:0.0 moa:0.0 mfa:0.818181818 cam:0.433333333 ic:1.0 cbm:1.0 amc:39.4 max_cc:1.0 avg_cc:0.8", "target": "0"}
{"source": "wmc:2.0 dit:2.0 noc:0.0 cbo:9.0 rfc:7.0 lcom:1.0 ca:1.0 ce:8.0 npm:1.0 lcom3:1.0 loc:28.0 dam:0.0 moa:0.0 mfa:0.947368421 cam:0.625 ic:1.0 cbm:1.0 amc:12.5 max_cc:1.0 avg_cc:0.5", "target": "0"}
{"source": "wmc:28.0 dit:5.0 noc:0.0 cbo:27.0 rfc:78.0 lcom:230.0 ca:17.0 ce:17.0 npm:20.0 lcom3:0.925925926 loc:697.0 dam:0.642857143 moa:5.0 mfa:0.961708395 cam:0.206349206 ic:0.0 cbm:0.0 amc:23.39285714 max_cc:11.0 avg_cc:2.2143", "target": "1"}
{"source": "wmc:2.0 dit:2.0 noc:0.0 cbo:10.0 rfc:6.0 lcom:1.0 ca:5.0 ce:5.0 npm:1.0 lcom3:2.0 loc:30.0 dam:0.0 moa:0.0 mfa:0.947368421 cam:0.625 ic:0.0 cbm:0.0 amc:14.0 max_cc:1.0 avg_cc:0.5", "target": "0"}
{"source": "wmc:5.0 dit:1.0 noc:0.0 cbo:11.0 rfc:27.0 lcom:0.0 ca:4.0 ce:8.0 npm:0.0 lcom3:0.5 loc:158.0 dam:0.0 moa:0.0 mfa:0.0 cam:0.466666667 ic:0.0 cbm:0.0 amc:30.0 max_cc:5.0 avg_cc:1.8", "target": "1"}
{"source": "wmc:8.0 dit:5.0 noc:0.0 cbo:5.0 rfc:31.0 lcom:0.0 ca:4.0 ce:1.0 npm:8.0 lcom3:0.571428571 loc:418.0 dam:1.0 moa:0.0 mfa:0.989393939 cam:0.625 ic:0.0 cbm:0.0 amc:50.875 max_cc:12.0 avg_cc:3.0", "target": "0"}
{"source": "wmc:3.0 dit:6.0 noc:0.0 cbo:4.0 rfc:13.0 lcom:1.0 ca:2.0 ce:3.0 npm:2.0 lcom3:0.5 loc:54.0 dam:1.0 moa:1.0 mfa:0.997382199 cam:0.4 ic:1.0 cbm:1.0 amc:16.66666667 max_cc:1.0 avg_cc:0.6667", "target": "0"}
{"source": "wmc:12.0 dit:6.0 noc:0.0 cbo:10.0 rfc:65.0 lcom:34.0 ca:3.0 ce:9.0 npm:1.0 lcom3:0.784090909 loc:448.0 dam:1.0 moa:0.0 mfa:0.983655275 cam:0.5 ic:3.0 cbm:5.0 amc:35.66666667 max_cc:8.0 avg_cc:2.0833", "target": "1"}
{"source": "wmc:2.0 dit:3.0 noc:0.0 cbo:7.0 rfc:4.0 lcom:1.0 ca:7.0 ce:0.0 npm:2.0 lcom3:2.0 loc:9.0 dam:0.0 moa:0.0 mfa:1.0 cam:0.75 ic:0.0 cbm:0.0 amc:3.5 max_cc:0.0 avg_cc:0.0", "target": "0"}
{"source": "wmc:11.0 dit:2.0 noc:0.0 cbo:6.0 rfc:28.0 lcom:31.0 ca:1.0 ce:5.0 npm:7.0 lcom3:0.8 loc:222.0 dam:1.0 moa:1.0 mfa:0.565217391 cam:0.333333333 ic:1.0 cbm:3.0 amc:18.45454545 max_cc:8.0 avg_cc:2.2727", "target": "0"}
{"source": "wmc:2.0 dit:8.0 noc:0.0 cbo:8.0 rfc:24.0 lcom:1.0 ca:2.0 ce:8.0 npm:2.0 lcom3:2.0 loc:126.0 dam:0.0 moa:0.0 mfa:0.998835856 cam:0.75 ic:3.0 cbm:4.0 amc:62.0 max_cc:9.0 avg_cc:4.5", "target": "0"}
{"source": "wmc:13.0 dit:7.0 noc:0.0 cbo:17.0 rfc:86.0 lcom:48.0 ca:5.0 ce:17.0 npm:7.0 lcom3:0.869047619 loc:530.0 dam:1.0 moa:1.0 mfa:0.981954887 cam:0.241758242 ic:4.0 cbm:7.0 amc:39.23076923 max_cc:10.0 avg_cc:2.0769", "target": "1"}
{"source": "wmc:2.0 dit:2.0 noc:0.0 cbo:7.0 rfc:6.0 lcom:1.0 ca:1.0 ce:6.0 npm:1.0 lcom3:2.0 loc:28.0 dam:0.0 moa:0.0 mfa:0.947368421 cam:0.625 ic:1.0 cbm:1.0 amc:13.0 max_cc:1.0 avg_cc:0.5", "target": "0"}
{"source": "wmc:4.0 dit:5.0 noc:0.0 cbo:5.0 rfc:26.0 lcom:0.0 ca:2.0 ce:5.0 npm:1.0 lcom3:0.666666667 loc:112.0 dam:1.0 moa:0.0 mfa:0.995426829 cam:0.416666667 ic:0.0 cbm:0.0 amc:26.25 max_cc:1.0 avg_cc:0.75", "target": "1"}
{"source": "wmc:1.0 dit:1.0 noc:0.0 cbo:1.0 rfc:2.0 lcom:0.0 ca:1.0 ce:0.0 npm:0.0 lcom3:2.0 loc:6.0 dam:0.0 moa:0.0 mfa:0.0 cam:1.0 ic:0.0 cbm:0.0 amc:3.0 max_cc:0.0 avg_cc:0.0", "target": "0"}
{"source": "wmc:21.0 dit:2.0 noc:0.0 cbo:12.0 rfc:94.0 lcom:210.0 ca:5.0 ce:9.0 npm:20.0 lcom3:1.0 loc:760.0 dam:0.5 moa:0.0 mfa:0.512195122 cam:0.380952381 ic:1.0 cbm:3.0 amc:35.0952381 max_cc:16.0 avg_cc:3.381", "target": "0"}
{"source": "wmc:5.0 dit:6.0 noc:0.0 cbo:4.0 rfc:35.0 lcom:0.0 ca:2.0 ce:3.0 npm:3.0 lcom3:0.714285714 loc:404.0 dam:1.0 moa:0.0 mfa:0.993993994 cam:0.5 ic:3.0 cbm:5.0 amc:77.0 max_cc:5.0 avg_cc:1.8", "target": "0"}
{"source": "wmc:14.0 dit:7.0 noc:0.0 cbo:13.0 rfc:78.0 lcom:55.0 ca:2.0 ce:12.0 npm:4.0 lcom3:0.788461538 loc:660.0 dam:1.0 moa:0.0 mfa:0.98048048 cam:0.214285714 ic:0.0 cbm:0.0 amc:45.28571429 max_cc:6.0 avg_cc:1.7857", "target": "0"}
{"source": "wmc:19.0 dit:1.0 noc:35.0 cbo:50.0 rfc:31.0 lcom:147.0 ca:46.0 ce:7.0 npm:19.0 lcom3:0.888888889 loc:239.0 dam:0.5 moa:4.0 mfa:0.0 cam:0.233082707 ic:0.0 cbm:0.0 amc:11.26315789 max_cc:4.0 avg_cc:1.5263", "target": "0"}
{"source": "wmc:1.0 dit:3.0 noc:0.0 cbo:3.0 rfc:2.0 lcom:0.0 ca:1.0 ce:2.0 npm:1.0 lcom3:2.0 loc:5.0 dam:0.0 moa:0.0 mfa:1.0 cam:1.0 ic:0.0 cbm:0.0 amc:4.0 max_cc:0.0 avg_cc:0.0", "target": "0"}
{"source": "wmc:2.0 dit:2.0 noc:0.0 cbo:10.0 rfc:9.0 lcom:1.0 ca:2.0 ce:8.0 npm:1.0 lcom3:2.0 loc:40.0 dam:0.0 moa:0.0 mfa:0.947368421 cam:0.6 ic:1.0 cbm:2.0 amc:18.5 max_cc:1.0 avg_cc:0.5", "target": "0"}
{"source": "wmc:2.0 dit:1.0 noc:0.0 cbo:5.0 rfc:2.0 lcom:1.0 ca:5.0 ce:1.0 npm:2.0 lcom3:2.0 loc:2.0 dam:0.0 moa:0.0 mfa:0.0 cam:1.0 ic:0.0 cbm:0.0 amc:0.0 max_cc:1.0 avg_cc:1.0", "target": "0"}
{"source": "wmc:20.0 dit:1.0 noc:0.0 cbo:11.0 rfc:30.0 lcom:152.0 ca:7.0 ce:4.0 npm:20.0 lcom3:0.935222672 loc:212.0 dam:1.0 moa:5.0 mfa:0.0 cam:0.155 ic:0.0 cbm:0.0 amc:8.95 max_cc:3.0 avg_cc:1.2", "target": "1"}
{"source": "wmc:5.0 dit:6.0 noc:0.0 cbo:10.0 rfc:33.0 lcom:4.0 ca:5.0 ce:7.0 npm:2.0 lcom3:0.666666667 loc:142.0 dam:1.0 moa:2.0 mfa:0.993836672 cam:0.5 ic:1.0 cbm:1.0 amc:26.8 max_cc:1.0 avg_cc:0.8", "target": "0"}
{"source": "wmc:7.0 dit:6.0 noc:0.0 cbo:7.0 rfc:32.0 lcom:11.0 ca:4.0 ce:6.0 npm:0.0 lcom3:0.777777778 loc:137.0 dam:1.0 moa:3.0 mfa:0.99086758 cam:0.285714286 ic:0.0 cbm:0.0 amc:18.14285714 max_cc:1.0 avg_cc:0.8571", "target": "0"}
{"source": "wmc:11.0 dit:1.0 noc:0.0 cbo:2.0 rfc:14.0 lcom:49.0 ca:2.0 ce:1.0 npm:11.0 lcom3:0.8 loc:50.0 dam:1.0 moa:1.0 mfa:0.0 cam:0.454545455 ic:0.0 cbm:0.0 amc:3.363636364 max_cc:1.0 avg_cc:0.9091", "target": "0"}
{"source": "wmc:6.0 dit:3.0 noc:0.0 cbo:12.0 rfc:14.0 lcom:5.0 ca:9.0 ce:5.0 npm:5.0 lcom3:0.938461538 loc:87.0 dam:0.153846154 moa:1.0 mfa:0.6 cam:0.4 ic:1.0 cbm:1.0 amc:11.33333333 max_cc:1.0 avg_cc:0.6667", "target": "0"}
{"source": "wmc:5.0 dit:1.0 noc:0.0 cbo:8.0 rfc:5.0 lcom:10.0 ca:8.0 ce:1.0 npm:5.0 lcom3:2.0 loc:5.0 dam:0.0 moa:0.0 mfa:0.0 cam:0.6 ic:0.0 cbm:0.0 amc:0.0 max_cc:1.0 avg_cc:1.0", "target": "0"}
{"source": "wmc:2.0 dit:1.0 noc:0.0 cbo:2.0 rfc:2.0 lcom:1.0 ca:2.0 ce:1.0 npm:2.0 lcom3:2.0 loc:2.0 dam:0.0 moa:0.0 mfa:0.0 cam:0.75 ic:0.0 cbm:0.0 amc:0.0 max_cc:1.0 avg_cc:1.0", "target": "0"}
{"source": "wmc:5.0 dit:1.0 noc:0.0 cbo:9.0 rfc:14.0 lcom:0.0 ca:8.0 ce:2.0 npm:0.0 lcom3:0.0 loc:82.0 dam:1.0 moa:0.0 mfa:0.0 cam:0.466666667 ic:0.0 cbm:0.0 amc:15.2 max_cc:4.0 avg_cc:2.0", "target": "1"}
{"source": "wmc:6.0 dit:3.0 noc:0.0 cbo:2.0 rfc:20.0 lcom:15.0 ca:2.0 ce:0.0 npm:4.0 lcom3:1.12 loc:183.0 dam:0.0 moa:0.0 mfa:0.85 cam:0.5 ic:1.0 cbm:1.0 amc:28.66666667 max_cc:14.0 avg_cc:2.8333", "target": "0"}
{"source": "wmc:11.0 dit:1.0 noc:0.0 cbo:39.0 rfc:25.0 lcom:0.0 ca:38.0 ce:2.0 npm:11.0 lcom3:0.0 loc:135.0 dam:1.0 moa:0.0 mfa:0.0 cam:0.484848485 ic:0.0 cbm:0.0 amc:11.18181818 max_cc:2.0 avg_cc:1.1818", "target": "0"}
{"source": "wmc:14.0 dit:5.0 noc:0.0 cbo:19.0 rfc:67.0 lcom:55.0 ca:10.0 ce:16.0 npm:8.0 lcom3:0.820512821 loc:361.0 dam:0.833333333 moa:1.0 mfa:0.98048048 cam:0.257142857 ic:3.0 cbm:12.0 amc:24.35714286 max_cc:10.0 avg_cc:1.8571", "target": "1"}
{"source": "wmc:6.0 dit:2.0 noc:0.0 cbo:16.0 rfc:46.0 lcom:15.0 ca:3.0 ce:13.0 npm:6.0 lcom3:2.0 loc:279.0 dam:0.0 moa:0.0 mfa:0.782608696 cam:0.229166667 ic:1.0 cbm:1.0 amc:45.5 max_cc:1.0 avg_cc:0.8333", "target": "0"}
