{"source": "wmc:4.0 dit:4.0 noc:0.0 cbo:3.0 rfc:12.0 lcom:6.0 ca:2.0 ce:1.0 npm:4.0 lcom3:2.0 loc:99.0 dam:0.0 moa:0.0 mfa:0.953488372 cam:0.357142857 ic:1.0 cbm:3.0 amc:23.75 max_cc:3.0 avg_cc:1.0", "target": "0"}
{"source": "wmc:2.0 dit:1.0 noc:0.0 cbo:0.0 rfc:3.0 lcom:1.0 ca:0.0 ce:0.0 npm:2.0 lcom3:2.0 loc:6.0 dam:0.0 moa:0.0 mfa:0.0 cam:0.5 ic:0.0 cbm:0.0 amc:2.0 max_cc:1.0 avg_cc:0.5", "target": "0"}
{"source": "wmc:8.0 dit:1.0 noc:0.0 cbo:6.0 rfc:22.0 lcom:0.0 ca:3.0 ce:3.0 npm:8.0 lcom3:0.142857143 loc:176.0 dam:1.0 moa:0.0 mfa:0.0 cam:0.40625 ic:0.0 cbm:0.0 amc:20.875 max_cc:5.0 avg_cc:3.125", "target": "0"}
{"source": "wmc:8.0 dit:2.0 noc:1.0 cbo:7.0 rfc:24.0 lcom:12.0 ca:1.0 ce:6.0 npm:8.0 lcom3:0.936507937 loc:179.0 dam:0.555555556 moa:0.0 mfa:0.533333333 cam:0.333333333 ic:0.0 cbm:0.0 amc:20.25 max_cc:7.0 avg_cc:2.25", "target": "0"}
{"source": "wmc:10.0 dit:1.0 noc:5.0 cbo:34.0 rfc:13.0 lcom:45.0 ca:32.0 ce:2.0 npm:9.0 lcom3:1.0 loc:28.0 dam:0.0 moa:0.0 mfa:0.0 cam:0.407407407 ic:0.0 cbm:0.0 amc:1.6 max_cc:1.0 avg_cc:0.8", "target": "0"}
{"source": "wmc:12.0 dit:2.0 noc:0.0 cbo:10.0 rfc:35.0 lcom:24.0 ca:0.0 ce:10.0 npm:11.0 lcom3:0.994134897 loc:531.0 dam:0.064516129 moa:2.0 mfa:0.666666667 cam:0.366666667 ic:2.0 cbm:4.0 amc:40.66666667 max_cc:23.0 avg_cc:5.0833", "target": "1"}
{"source": "wmc:2.0 dit:1.0 noc:0.0 cbo:4.0 rfc:4.0 lcom:1.0 ca:1.0 ce:3.0 npm:1.0 lcom3:2.0 loc:10.0 dam:0.0 moa:0.0 mfa:0.0 cam:0.75 ic:0.0 cbm:0.0 amc:4.0 max_cc:1.0 avg_cc:0.5", "target": "0"}
{"source": "wmc:5.0 dit:1.0 noc:0.0 cbo:1.0 rfc:14.0 lcom:8.0 ca:0.0 ce:1.0 npm:2.0 lcom3:0.875 loc:45.0 dam:0.0 moa:1.0 mfa:0.0 cam:0.333333333 ic:0.0 cbm:0.0 amc:7.6 max_cc:1.0 avg_cc:0.6", "target": "0"}
{"source": "wmc:2.0 dit:2.0 noc:0.0 cbo:4.0 rfc:11.0 lcom:0.0 ca:1.0 ce:3.0 npm:1.0 lcom3:0.0 loc:67.0 dam:0.0 moa:2.0 mfa:0.983870968 cam:0.666666667 ic:0.0 cbm:0.0 amc:31.5 max_cc:5.0 avg_cc:2.5", "target": "0"}
{"source": "wmc:3.0 dit:1.0 noc:0.0 cbo:0.0 rfc:14.0 lcom:3.0 ca:0.0 ce:0.0 npm:2.0 lcom3:2.0 loc:133.0 dam:0.0 moa:0.0 mfa:0.0 cam:0.333333333 ic:0.0 cbm:0.0 amc:43.33333333 max_cc:4.0 avg_cc:1.6667", "target": "0"}
{"source": "wmc:6.0 dit:1.0 noc:0.0 cbo:3.0 rfc:9.0 lcom:9.0 ca:1.0 ce:2.0 npm:6.0 lcom3:0.866666667 loc:44.0 dam:0.0 moa:0.0 mfa:0.0 cam:0.458333333 ic:0.0 cbm:0.0 amc:5.833333333 max_cc:2.0 avg_cc:1.1667", "target": "1"}
{"source": "wmc:8.0 dit:3.0 noc:0.0 cbo:7.0 rfc:25.0 lcom:0.0 ca:2.0 ce:5.0 npm:8.0 lcom3:0.795918367 loc:217.0 dam:0.571428571 moa:0.0 mfa:0.714285714 cam:0.40625 ic:1.0 cbm:1.0 amc:25.25 max_cc:5.0 avg_cc:1.625", "target": "0"}
{"source": "wmc:4.0 dit:1.0 noc:0.0 cbo:2.0 rfc:12.0 lcom:4.0 ca:0.0 ce:2.0 npm:2.0 lcom3:0.833333333 loc:38.0 dam:0.0 moa:1.0 mfa:0.0 cam:0.333333333 ic:0.0 cbm:0.0 amc:8.0 max_cc:1.0 avg_cc:0.5", "target": "0"}
{"source": "wmc:3.0 dit:1.0 noc:0.0 cbo:8.0 rfc:3.0 lcom:3.0 ca:8.0 ce:0.0 npm:3.0 lcom3:2.0 loc:3.0 dam:0.0 moa:0.0 mfa:0.0 cam:0.666666667 ic:0.0 cbm:0.0 amc:0.0 max_cc:1.0 avg_cc:1.0", "target": "0"}
{"source": "wmc:14.0 dit:1.0 noc:2.0 cbo:20.0 rfc:42.0 lcom:91.0 ca:9.0 ce:11.0 npm:9.0 lcom3:1.051282051 loc:247.0 dam:0.0 moa:0.0 mfa:0.0 cam:0.134615385 ic:0.0 cbm:0.0 amc:16.42857143 max_cc:3.0 avg_cc:1.2857", "target": "1"}
{"source": "wmc:4.0 dit:1.0 noc:0.0 cbo:7.0 rfc:25.0 lcom:0.0 ca:3.0 ce:4.0 npm:2.0 lcom3:0.733333333 loc:106.0 dam:0.0 moa:2.0 mfa:0.0 cam:0.416666667 ic:0.0 cbm:0.0 amc:24.25 max_cc:2.0 avg_cc:0.75", "target": "0"}
{"source": "wmc:6.0 dit:1.0 noc:0.0 cbo:3.0 rfc:25.0 lcom:13.0 ca:0.0 ce:3.0 npm:2.0 lcom3:0.7 loc:202.0 dam:0.0 moa:0.0 mfa:0.0 cam:0.277777778 ic:0.0 cbm:0.0 amc:32.33333333 max_cc:2.0 avg_cc:1.3333", "target": "0"}
{"source": "wmc:3.0 dit:1.0 noc:0.0 cbo:2.0 rfc:8.0 lcom:1.0 ca:2.0 ce:2.0 npm:2.0 lcom3:0.75 loc:42.0 dam:0.0 moa:0.0 mfa:0.0 cam:0.625 ic:0.0 cbm:0.0 amc:12.33333333 max_cc:1.0 avg_cc:0.3333", "target": "0"}
{"source": "wmc:9.0 dit:1.0 noc:0.0 cbo:3.0 rfc:34.0 lcom:34.0 ca:0.0 ce:3.0 npm:2.0 lcom3:0.875 loc:167.0 dam:0.0 moa:1.0 mfa:0.0 cam:0.175 ic:0.0 cbm:0.0 amc:17.33333333 max_cc:3.0 avg_cc:1.4444", "target": "0"}
{"source": "wmc:2.0 dit:1.0 noc:0.0 cbo:3.0 rfc:20.0 lcom:1.0 ca:0.0 ce:3.0 npm:2.0 lcom3:2.0 loc:85.0 dam:0.0 moa:0.0 mfa:0.0 cam:0.5 ic:0.0 cbm:0.0 amc:41.5 max_cc:6.0 avg_cc:3.0", "target": "0"}
{"source": "wmc:5.0 dit:1.0 noc:0.0 cbo:1.0 rfc:7.0 lcom:8.0 ca:1.0 ce:0.0 npm:3.0 lcom3:0.75 loc:22.0 dam:1.0 moa:1.0 mfa:0.0 cam:0.75 ic:0.0 cbm:0.0 amc:3.2 max_cc:1.0 avg_cc:0.6", "target": "0"}
{"source": "wmc:13.0 dit:3.0 noc:1.0 cbo:10.0 rfc:42.0 lcom:0.0 ca:2.0 ce:8.0 npm:11.0 lcom3:0.729166667 loc:289.0 dam:0.5 moa:0.0 mfa:0.804878049 cam:0.247863248 ic:1.0 cbm:10.0 amc:20.92307692 max_cc:5.0 avg_cc:1.2308", "target": "1"}
{"source": "wmc:19.0 dit:1.0 noc:9.0 cbo:20.0 rfc:31.0 lcom:131.0 ca:11.0 ce:9.0 npm:18.0 lcom3:0.909722222 loc:181.0 dam:0.875 moa:5.0 mfa:0.0 cam:0.210526316 ic:0.0 cbm:0.0 amc:8.105263158 max_cc:4.0 avg_cc:1.4211", "target": "0"}
{"source": "wmc:7.0 dit:1.0 noc:0.0 cbo:6.0 rfc:30.0 lcom:17.0 ca:0.0 ce:6.0 npm:2.0 lcom3:0.75 loc:144.0 dam:0.0 moa:1.0 mfa:0.0 cam:0.277777778 ic:0.0 cbm:0.0 amc:19.28571429 max_cc:2.0 avg_cc:0.8571", "target": "0"}
{"source": "wmc:12.0 dit:1.0 noc:0.0 cbo:12.0 rfc:41.0 lcom:0.0 ca:10.0 ce:2.0 npm:9.0 lcom3:0.666666667 loc:275.0 dam:0.0 moa:0.0 mfa:0.0 cam:0.090909091 ic:0.0 cbm:0.0 amc:21.66666667 max_cc:6.0 avg_cc:2.25", "target": "1"}
{"source": "wmc:4.0 dit:3.0 noc:2.0 cbo:9.0 rfc:12.0 lcom:0.0 ca:8.0 ce:1.0 npm:4.0 lcom3:0.0 loc:57.0 dam:1.0 moa:1.0 mfa:0.857142857 cam:0.5 ic:2.0 cbm:2.0 amc:13.0 max_cc:2.0 avg_cc:1.0", "target": "0"}
{"source": "wmc:4.0 dit:1.0 noc:0.0 cbo:1.0 rfc:11.0 lcom:2.0 ca:1.0 ce:0.0 npm:2.0 lcom3:0.777777778 loc:61.0 dam:0.0 moa:0.0 mfa:0.0 cam:0.5 ic:1.0 cbm:1.0 amc:13.5 max_cc:6.0 avg_cc:2.0", "target": "0"}
{"source": "wmc:4.0 dit:1.0 noc:0.0 cbo:3.0 rfc:19.0 lcom:6.0 ca:0.0 ce:3.0 npm:2.0 lcom3:0.666666667 loc:68.0 dam:0.0 moa:0.0 mfa:0.0 cam:0.333333333 ic:0.0 cbm:0.0 amc:15.75 max_cc:2.0 avg_cc:1.25", "target": "0"}
{"source": "wmc:10.0 dit:1.0 noc:2.0 cbo:40.0 rfc:13.0 lcom:15.0 ca:40.0 ce:0.0 npm:8.0 lcom3:0.811965812 loc:169.0 dam:0.0 moa:5.0 mfa:0.0 cam:0.333333333 ic:0.0 cbm:0.0 amc:14.6 max_cc:7.0 avg_cc:2.1", "target": "1"}
{"source": "wmc:5.0 dit:3.0 noc:1.0 cbo:5.0 rfc:9.0 lcom:0.0 ca:3.0 ce:2.0 npm:5.0 lcom3:0.0 loc:43.0 dam:1.0 moa:1.0 mfa:0.93442623 cam:0.4 ic:1.0 cbm:1.0 amc:7.4 max_cc:1.0 avg_cc:0.8", "target": "0"}
{"source": "wmc:6.0 dit:1.0 noc:0.0 cbo:7.0 rfc:21.0 lcom:0.0 ca:5.0 ce:2.0 npm:5.0 lcom3:0.9 loc:274.0 dam:0.2 moa:0.0 mfa:0.0 cam:0.466666667 ic:0.0 cbm:0.0 amc:43.0 max_cc:5.0 avg_cc:2.8333", "target": "1"}
{"source": "wmc:7.0 dit:1.0 noc:0.0 cbo:28.0 rfc:16.0 lcom:9.0 ca:28.0 ce:1.0 npm:6.0 lcom3:1.0 loc:91.0 dam:0.75 moa:0.0 mfa:0.0 cam:0.333333333 ic:0.0 cbm:0.0 amc:11.42857143 max_cc:3.0 avg_cc:1.2857", "target": "1"}
{"source": "wmc:8.0 dit:1.0 noc:0.0 cbo:3.0 rfc:14.0 lcom:0.0 ca:2.0 ce:1.0 npm:8.0 lcom3:0.571428571 loc:146.0 dam:0.0 moa:1.0 mfa:0.0 cam:0.416666667 ic:0.0 cbm:0.0 amc:16.625 max_cc:3.0 avg_cc:1.75", "target": "0"}
{"source": "wmc:9.0 dit:1.0 noc:0.0 cbo:53.0 rfc:27.0 lcom:20.0 ca:50.0 ce:4.0 npm:6.0 lcom3:0.894230769 loc:151.0 dam:0.076923077 moa:2.0 mfa:0.0 cam:0.232142857 ic:0.0 cbm:0.0 amc:14.33333333 max_cc:3.0 avg_cc:1.3333", "target": "1"}
{"source": "wmc:4.0 dit:1.0 noc:0.0 cbo:0.0 rfc:15.0 lcom:6.0 ca:0.0 ce:0.0 npm:4.0 lcom3:2.0 loc:73.0 dam:0.0 moa:0.0 mfa:0.0 cam:0.333333333 ic:0.0 cbm:0.0 amc:17.25 max_cc:1.0 avg_cc:0.75", "target": "1"}
{"source": "wmc:6.0 dit:5.0 noc:0.0 cbo:7.0 rfc:44.0 lcom:13.0 ca:2.0 ce:7.0 npm:4.0 lcom3:0.85 loc:208.0 dam:0.0 moa:2.0 mfa:0.995139733 cam:0.3 ic:2.0 cbm:2.0 amc:33.0 max_cc:3.0 avg_cc:1.0", "target": "0"}
{"source": "wmc:3.0 dit:1.0 noc:0.0 cbo:1.0 rfc:7.0 lcom:0.0 ca:0.0 ce:1.0 npm:2.0 lcom3:0.0 loc:23.0 dam:0.0 moa:0.0 mfa:0.0 cam:0.555555556 ic:0.0 cbm:0.0 amc:6.333333333 max_cc:1.0 avg_cc:0.6667", "target": "0"}
{"source": "wmc:6.0 dit:2.0 noc:0.0 cbo:5.0 rfc:24.0 lcom:9.0 ca:0.0 ce:5.0 npm:6.0 lcom3:0.92 loc:241.0 dam:0.8 moa:0.0 mfa:0.615384615 cam:0.444444444 ic:1.0 cbm:1.0 amc:38.33333333 max_cc:5.0 avg_cc:1.8333", "target": "1"}
{"source": "wmc:3.0 dit:2.0 noc:0.0 cbo:4.0 rfc:6.0 lcom:3.0 ca:2.0 ce:3.0 npm:3.0 lcom3:2.0 loc:25.0 dam:0.0 moa:0.0 mfa:0.959183673 cam:0.833333333 ic:1.0 cbm:6.0 amc:7.333333333 max_cc:2.0 avg_cc:1.0", "target": "0"}
{"source": "wmc:7.0 dit:1.0 noc:0.0 cbo:5.0 rfc:35.0 lcom:15.0 ca:0.0 ce:5.0 npm:2.0 lcom3:0.75 loc:179.0 dam:0.0 moa:1.0 mfa:0.0 cam:0.25 ic:0.0 cbm:0.0 amc:24.0 max_cc:2.0 avg_cc:1.0", "target": "1"}
{"source": "wmc:20.0 dit:2.0 noc:2.0 cbo:17.0 rfc:46.0 lcom:58.0 ca:9.0 ce:8.0 npm:15.0 lcom3:0.649122807 loc:413.0 dam:0.666666667 moa:2.0 mfa:0.545454545 cam:0.2375 ic:1.0 cbm:3.0 amc:19.2 max_cc:7.0 avg_cc:1.65", "target": "1"}
{"source": "wmc:4.0 dit:4.0 noc:0.0 cbo:3.0 rfc:11.0 lcom:4.0 ca:1.0 ce:2.0 npm:2.0 lcom3:0.666666667 loc:32.0 dam:0.0 moa:0.0 mfa:0.968253968 cam:0.5 ic:2.0 cbm:2.0 amc:6.75 max_cc:1.0 avg_cc:0.5", "target": "0"}
{"source": "wmc:19.0 dit:2.0 noc:0.0 cbo:10.0 rfc:69.0 lcom:129.0 ca:2.0 ce:8.0 npm:13.0 lcom3:0.885964912 loc:675.0 dam:0.105263158 moa:2.0 mfa:0.514285714 cam:0.233082707 ic:1.0 cbm:3.0 amc:33.52631579 max_cc:11.0 avg_cc:2.1579", "target": "0"}
{"source": "wmc:10.0 dit:2.0 noc:0.0 cbo:2.0 rfc:37.0 lcom:23.0 ca:0.0 ce:2.0 npm:7.0 lcom3:0.833333333 loc:301.0 dam:0.0 moa:1.0 mfa:0.884057971 cam:0.2 ic:0.0 cbm:0.0 amc:28.1 max_cc:4.0 avg_cc:1.7", "target": "0"}
{"source": "wmc:10.0 dit:2.0 noc:0.0 cbo:6.0 rfc:33.0 lcom:33.0 ca:0.0 ce:6.0 npm:9.0 lcom3:0.933333333 loc:321.0 dam:0.6 moa:0.0 mfa:0.470588235 cam:0.325 ic:1.0 cbm:1.0 amc:30.6 max_cc:5.0 avg_cc:1.7", "target": "1"}
{"source": "wmc:5.0 dit:1.0 noc:0.0 cbo:0.0 rfc:14.0 lcom:4.0 ca:0.0 ce:0.0 npm:2.0 lcom3:0.25 loc:80.0 dam:0.0 moa:0.0 mfa:0.0 cam:0.25 ic:0.0 cbm:0.0 amc:14.8 max_cc:2.0 avg_cc:1.0", "target": "0"}
{"source": "wmc:2.0 dit:1.0 noc:0.0 cbo:3.0 rfc:22.0 lcom:1.0 ca:1.0 ce:2.0 npm:2.0 lcom3:2.0 loc:128.0 dam:0.0 moa:0.0 mfa:0.0 cam:0.75 ic:0.0 cbm:0.0 amc:63.0 max_cc:5.0 avg_cc:2.5", "target": "0"}
{"source": "wmc:5.0 dit:2.0 noc:0.0 cbo:2.0 rfc:18.0 lcom:8.0 ca:1.0 ce:1.0 npm:5.0 lcom3:0.75 loc:88.0 dam:0.5 moa:0.0 mfa:0.764705882 cam:0.45 ic:1.0 cbm:2.0 amc:15.8 max_cc:1.0 avg_cc:0.8", "target": "0"}
{"source": "wmc:49.0 dit:1.0 noc:3.0 cbo:60.0 rfc:96.0 lcom:688.0 ca:53.0 ce:12.0 npm:42.0 lcom3:0.828947368 loc:800.0 dam:0.473684211 moa:5.0 mfa:0.0 cam:0.150641026 ic:0.0 cbm:0.0 amc:14.93877551 max_cc:6.0 avg_cc:2.1429", "target": "1"}
{"source": "wmc:0.0 dit:1.0 noc:0.0 cbo:1.0 rfc:0.0 lcom:0.0 ca:1.0 ce:0.0 npm:0.0 lcom3:2.0 loc:0.0 dam:0.0 moa:0.0 mfa:0.0 cam:0.0 ic:0.0 cbm:0.0 amc:0.0 max_cc:0.0 avg_cc:0.0", "target": "0"}
{"source": "wmc:0.0 dit:1.0 noc:0.0 cbo:2.0 rfc:0.0 lcom:0.0 ca:1.0 ce:1.0 npm:0.0 lcom3:2.0 loc:0.0 dam:0.0 moa:0.0 mfa:0.0 cam:0.0 ic:0.0 cbm:0.0 amc:0.0 max_cc:0.0 avg_cc:0.0", "target": "0"}
{"source": "wmc:8.0 dit:2.0 noc:0.0 cbo:0.0 rfc:10.0 lcom:28.0 ca:0.0 ce:0.0 npm:8.0 lcom3:2.0 loc:21.0 dam:0.0 moa:0.0 mfa:0.65 cam:0.46875 ic:1.0 cbm:2.0 amc:1.625 max_cc:1.0 avg_cc:0.875", "target": "0"}
{"source": "wmc:10.0 dit:2.0 noc:0.0 cbo:7.0 rfc:27.0 lcom:29.0 ca:1.0 ce:7.0 npm:8.0 lcom3:0.911111111 loc:145.0 dam:0.2 moa:1.0 mfa:0.854545455 cam:0.555555556 ic:1.0 cbm:3.0 amc:13.0 max_cc:3.0 avg_cc:1.4", "target": "0"}
{"source": "wmc:9.0 dit:1.0 noc:0.0 cbo:22.0 rfc:9.0 lcom:36.0 ca:18.0 ce:4.0 npm:9.0 lcom3:2.0 loc:9.0 dam:0.0 moa:0.0 mfa:0.0 cam:0.259259259 ic:0.0 cbm:0.0 amc:0.0 max_cc:1.0 avg_cc:1.0", "target": "1"}
{"source": "wmc:4.0 dit:2.0 noc:0.0 cbo:2.0 rfc:9.0 lcom:0.0 ca:1.0 ce:1.0 npm:2.0 lcom3:1.0 loc:62.0 dam:0.0 moa:2.0 mfa:0.8 cam:0.555555556 ic:1.0 cbm:1.0 amc:13.0 max_cc:4.0 avg_cc:1.75", "target": "0"}
{"source": "wmc:7.0 dit:1.0 noc:0.0 cbo:6.0 rfc:22.0 lcom:11.0 ca:0.0 ce:6.0 npm:3.0 lcom3:0.666666667 loc:107.0 dam:0.0 moa:1.0 mfa:0.0 cam:0.375 ic:0.0 cbm:0.0 amc:13.85714286 max_cc:2.0 avg_cc:0.8571", "target": "0"}
{"source": "wmc:14.0 dit:2.0 noc:0.0 cbo:6.0 rfc:26.0 lcom:83.0 ca:1.0 ce:5.0 npm:10.0 lcom3:0.871794872 loc:157.0 dam:1.0 moa:0.0 mfa:0.72 cam:0.384615385 ic:1.0 cbm:1.0 amc:9.785714286 max_cc:4.0 avg_cc:0.7143", "target": "1"}
{"source": "wmc:2.0 dit:1.0 noc:0.0 cbo:4.0 rfc:12.0 lcom:0.0 ca:1.0 ce:4.0 npm:2.0 lcom3:0.0 loc:69.0 dam:0.0 moa:2.0 mfa:0.0 cam:0.666666667 ic:0.0 cbm:0.0 amc:32.0 max_cc:2.0 avg_cc:1.0", "target": "0"}
{"source": "wmc:2.0 dit:3.0 noc:0.0 cbo:4.0 rfc:5.0 lcom:1.0 ca:1.0 ce:4.0 npm:1.0 lcom3:2.0 loc:14.0 dam:0.0 moa:0.0 mfa:0.984848485 cam:0.75 ic:1.0 cbm:1.0 amc:6.0 max_cc:1.0 avg_cc:0.5", "target": "0"}
{"source": "wmc:1.0 dit:1.0 noc:1.0 cbo:2.0 rfc:2.0 lcom:0.0 ca:1.0 ce:1.0 npm:0.0 lcom3:2.0 loc:4.0 dam:0.0 moa:0.0 mfa:0.0 cam:1.0 ic:0.0 cbm:0.0 amc:3.0 max_cc:0.0 avg_cc:0.0", "target": "0"}
{"source": "wmc:13.0 dit:2.0 noc:0.0 cbo:9.0 rfc:62.0 lcom:52.0 ca:0.0 ce:9.0 npm:8.0 lcom3:0.939814815 loc:449.0 dam:0.0 moa:2.0 mfa:0.620689655 cam:0.346153846 ic:2.0 cbm:3.0 amc:32.15384615 max_cc:10.0 avg_cc:2.3846", "target": "1"}
{"source": "wmc:7.0 dit:1.0 noc:0.0 cbo:4.0 rfc:32.0 lcom:17.0 ca:0.0 ce:4.0 npm:2.0 lcom3:0.666666667 loc:155.0 dam:0.0 moa:1.0 mfa:0.0 cam:0.277777778 ic:0.0 cbm:0.0 amc:20.85714286 max_cc:2.0 avg_cc:1.0", "target": "0"}
{"source": "wmc:4.0 dit:2.0 noc:0.0 cbo:3.0 rfc:8.0 lcom:0.0 ca:0.0 ce:3.0 npm:4.0 lcom3:0.916666667 loc:76.0 dam:0.0 moa:0.0 mfa:0.571428571 cam:0.5 ic:0.0 cbm:0.0 amc:17.0 max_cc:6.0 avg_cc:2.5", "target": "0"}
{"source": "wmc:5.0 dit:1.0 noc:0.0 cbo:0.0 rfc:16.0 lcom:0.0 ca:0.0 ce:0.0 npm:2.0 lcom3:0.208333333 loc:268.0 dam:0.0 moa:0.0 mfa:0.0 cam:0.333333333 ic:0.0 cbm:0.0 amc:51.4 max_cc:4.0 avg_cc:2.0", "target": "0"}
{"source": "wmc:6.0 dit:1.0 noc:5.0 cbo:9.0 rfc:10.0 lcom:7.0 ca:7.0 ce:2.0 npm:2.0 lcom3:0.72 loc:174.0 dam:0.0 moa:1.0 mfa:0.0 cam:0.44 ic:0.0 cbm:0.0 amc:27.16666667 max_cc:6.0 avg_cc:1.8333", "target": "0"}
{"source": "wmc:19.0 dit:2.0 noc:0.0 cbo:28.0 rfc:79.0 lcom:153.0 ca:16.0 ce:14.0 npm:9.0 lcom3:0.939814815 loc:754.0 dam:0.25 moa:1.0 mfa:0.4 cam:0.257309942 ic:1.0 cbm:1.0 amc:38.05263158 max_cc:10.0 avg_cc:2.4211", "target": "1"}
{"source": "wmc:5.0 dit:1.0 noc:0.0 cbo:1.0 rfc:17.0 lcom:10.0 ca:0.0 ce:1.0 npm:4.0 lcom3:2.0 loc:58.0 dam:0.0 moa:0.0 mfa:0.0 cam:0.666666667 ic:0.0 cbm:0.0 amc:10.6 max_cc:1.0 avg_cc:0.8", "target": "0"}
{"source": "wmc:4.0 dit:2.0 noc:0.0 cbo:2.0 rfc:5.0 lcom:6.0 ca:0.0 ce:2.0 npm:4.0 lcom3:2.0 loc:12.0 dam:0.0 moa:0.0 mfa:0.571428571 cam:0.5 ic:0.0 cbm:0.0 amc:2.0 max_cc:1.0 avg_cc:0.75", "target": "0"}
{"source": "wmc:10.0 dit:2.0 noc:0.0 cbo:7.0 rfc:27.0 lcom:29.0 ca:1.0 ce:7.0 npm:8.0 lcom3:0.911111111 loc:145.0 dam:0.2 moa:1.0 mfa:0.854545455 cam:0.777777778 ic:1.0 cbm:4.0 amc:13.0 max_cc:3.0 avg_cc:1.4", "target": "1"}
{"source": "wmc:4.0 dit:1.0 noc:0.0 cbo:5.0 rfc:24.0 lcom:4.0 ca:0.0 ce:5.0 npm:2.0 lcom3:0.833333333 loc:83.0 dam:0.0 moa:1.0 mfa:0.0 cam:0.333333333 ic:0.0 cbm:0.0 amc:19.25 max_cc:1.0 avg_cc:0.5", "target": "0"}
{"source": "wmc:13.0 dit:1.0 noc:0.0 cbo:1.0 rfc:35.0 lcom:0.0 ca:0.0 ce:1.0 npm:11.0 lcom3:0.083333333 loc:236.0 dam:0.0 moa:1.0 mfa:0.0 cam:0.297619048 ic:0.0 cbm:0.0 amc:17.0 max_cc:1.0 avg_cc:0.8462", "target": "0"}
{"source": "wmc:8.0 dit:1.0 noc:0.0 cbo:7.0 rfc:42.0 lcom:14.0 ca:0.0 ce:7.0 npm:2.0 lcom3:0.75 loc:308.0 dam:0.0 moa:2.0 mfa:0.0 cam:0.238095238 ic:0.0 cbm:0.0 amc:37.0 max_cc:4.0 avg_cc:1.5", "target": "0"}
{"source": "wmc:5.0 dit:1.0 noc:0.0 cbo:0.0 rfc:15.0 lcom:8.0 ca:0.0 ce:0.0 npm:1.0 lcom3:0.833333333 loc:479.0 dam:0.0 moa:0.0 mfa:0.0 cam:0.3125 ic:0.0 cbm:0.0 amc:94.2 max_cc:7.0 avg_cc:2.0", "target": "0"}
{"source": "wmc:13.0 dit:1.0 noc:0.0 cbo:4.0 rfc:40.0 lcom:8.0 ca:0.0 ce:4.0 npm:2.0 lcom3:0.697916667 loc:516.0 dam:0.0 moa:4.0 mfa:0.0 cam:0.15 ic:0.0 cbm:0.0 amc:38.07692308 max_cc:7.0 avg_cc:2.7692", "target": "0"}
{"source": "wmc:22.0 dit:2.0 noc:0.0 cbo:19.0 rfc:95.0 lcom:223.0 ca:6.0 ce:15.0 npm:8.0 lcom3:1.013605442 loc:1176.0 dam:0.0 moa:0.0 mfa:0.375 cam:0.216450216 ic:1.0 cbm:1.0 amc:51.18181818 max_cc:11.0 avg_cc:3.2273", "target": "1"}
{"source": "wmc:6.0 dit:2.0 noc:0.0 cbo:6.0 rfc:12.0 lcom:13.0 ca:3.0 ce:3.0 npm:6.0 lcom3:0.8 loc:54.0 dam:0.0 moa:0.0 mfa:0.615384615 cam:0.444444444 ic:0.0 cbm:0.0 amc:7.833333333 max_cc:1.0 avg_cc:0.8333", "target": "0"}
{"source": "wmc:5.0 dit:1.0 noc:3.0 cbo:8.0 rfc:6.0 lcom:10.0 ca:6.0 ce:2.0 npm:5.0 lcom3:1.25 loc:13.0 dam:0.0 moa:1.0 mfa:0.0 cam:0.466666667 ic:0.0 cbm:0.0 amc:0.8 max_cc:1.0 avg_cc:0.8", "target": "1"}
{"source": "wmc:3.0 dit:1.0 noc:0.0 cbo:9.0 rfc:10.0 lcom:0.0 ca:8.0 ce:1.0 npm:1.0 lcom3:0.0 loc:49.0 dam:0.0 moa:0.0 mfa:0.0 cam:1.0 ic:0.0 cbm:0.0 amc:14.33333333 max_cc:1.0 avg_cc:0.6667", "target": "0"}
{"source": "wmc:14.0 dit:2.0 noc:0.0 cbo:8.0 rfc:43.0 lcom:41.0 ca:3.0 ce:6.0 npm:10.0 lcom3:0.846153846 loc:359.0 dam:0.153846154 moa:1.0 mfa:0.620689655 cam:0.244897959 ic:2.0 cbm:3.0 amc:23.71428571 max_cc:6.0 avg_cc:1.6429", "target": "1"}
{"source": "wmc:4.0 dit:3.0 noc:2.0 cbo:4.0 rfc:12.0 lcom:6.0 ca:4.0 ce:0.0 npm:4.0 lcom3:1.333333333 loc:111.0 dam:0.0 moa:0.0 mfa:0.951219512 cam:0.357142857 ic:1.0 cbm:3.0 amc:26.0 max_cc:6.0 avg_cc:1.75", "target": "0"}
{"source": "wmc:7.0 dit:1.0 noc:0.0 cbo:3.0 rfc:25.0 lcom:17.0 ca:0.0 ce:3.0 npm:2.0 lcom3:0.833333333 loc:105.0 dam:0.0 moa:1.0 mfa:0.0 cam:0.277777778 ic:0.0 cbm:0.0 amc:13.57142857 max_cc:2.0 avg_cc:1.1429", "target": "0"}
{"source": "wmc:1.0 dit:1.0 noc:0.0 cbo:8.0 rfc:1.0 lcom:0.0 ca:8.0 ce:0.0 npm:1.0 lcom3:2.0 loc:1.0 dam:0.0 moa:0.0 mfa:0.0 cam:1.0 ic:0.0 cbm:0.0 amc:0.0 max_cc:1.0 avg_cc:1.0", "target": "0"}
{"source": "wmc:6.0 dit:1.0 noc:0.0 cbo:4.0 rfc:30.0 lcom:9.0 ca:0.0 ce:4.0 npm:2.0 lcom3:0.666666667 loc:144.0 dam:0.0 moa:1.0 mfa:0.0 cam:0.333333333 ic:0.0 cbm:0.0 amc:22.5 max_cc:2.0 avg_cc:1.0", "target": "0"}
{"source": "wmc:4.0 dit:4.0 noc:0.0 cbo:3.0 rfc:8.0 lcom:0.0 ca:1.0 ce:2.0 npm:4.0 lcom3:0.333333333 loc:38.0 dam:1.0 moa:0.0 mfa:0.875 cam:0.4 ic:2.0 cbm:2.0 amc:8.25 max_cc:1.0 avg_cc:0.75", "target": "0"}
{"source": "wmc:5.0 dit:1.0 noc:0.0 cbo:1.0 rfc:17.0 lcom:0.0 ca:0.0 ce:1.0 npm:2.0 lcom3:0.5 loc:163.0 dam:0.0 moa:1.0 mfa:0.0 cam:0.25 ic:0.0 cbm:0.0 amc:30.8 max_cc:3.0 avg_cc:1.4", "target": "0"}
{"source": "wmc:10.0 dit:2.0 noc:0.0 cbo:5.0 rfc:35.0 lcom:25.0 ca:0.0 ce:5.0 npm:7.0 lcom3:0.761904762 loc:272.0 dam:0.0 moa:0.0 mfa:0.692307692 cam:0.361111111 ic:2.0 cbm:3.0 amc:25.5 max_cc:5.0 avg_cc:1.8", "target": "0"}
{"source": "wmc:1.0 dit:1.0 noc:0.0 cbo:3.0 rfc:1.0 lcom:0.0 ca:2.0 ce:1.0 npm:1.0 lcom3:2.0 loc:1.0 dam:0.0 moa:0.0 mfa:0.0 cam:1.0 ic:0.0 cbm:0.0 amc:0.0 max_cc:1.0 avg_cc:1.0", "target": "0"}
{"source": "wmc:1.0 dit:1.0 noc:0.0 cbo:8.0 rfc:1.0 lcom:0.0 ca:8.0 ce:1.0 npm:1.0 lcom3:2.0 loc:1.0 dam:0.0 moa:0.0 mfa:0.0 cam:1.0 ic:0.0 cbm:0.0 amc:0.0 max_cc:1.0 avg_cc:1.0", "target": "0"}
{"source": "wmc:8.0 dit:1.0 noc:0.0 cbo:6.0 rfc:49.0 lcom:6.0 ca:0.0 ce:6.0 npm:2.0 lcom3:0.666666667 loc:389.0 dam:0.0 moa:3.0 mfa:0.0 cam:0.257142857 ic:0.0 cbm:0.0 amc:46.5 max_cc:3.0 avg_cc:1.75", "target": "1"}
{"source": "wmc:8.0 dit:1.0 noc:0.0 cbo:15.0 rfc:41.0 lcom:8.0 ca:4.0 ce:14.0 npm:2.0 lcom3:0.956043956 loc:691.0 dam:0.461538462 moa:3.0 mfa:0.0 cam:0.375 ic:0.0 cbm:0.0 amc:82.125 max_cc:21.0 avg_cc:6.25", "target": "1"}
{"source": "wmc:1.0 dit:1.0 noc:0.0 cbo:5.0 rfc:1.0 lcom:0.0 ca:4.0 ce:1.0 npm:1.0 lcom3:2.0 loc:1.0 dam:0.0 moa:0.0 mfa:0.0 cam:1.0 ic:0.0 cbm:0.0 amc:0.0 max_cc:1.0 avg_cc:1.0", "target": "0"}
{"source": "wmc:2.0 dit:1.0 noc:0.0 cbo:2.0 rfc:4.0 lcom:1.0 ca:1.0 ce:1.0 npm:1.0 lcom3:2.0 loc:8.0 dam:0.0 moa:0.0 mfa:0.0 cam:0.75 ic:0.0 cbm:0.0 amc:3.0 max_cc:1.0 avg_cc:0.5", "target": "0"}
{"source": "wmc:9.0 dit:2.0 noc:0.0 cbo:4.0 rfc:37.0 lcom:8.0 ca:0.0 ce:4.0 npm:7.0 lcom3:0.822916667 loc:314.0 dam:0.0 moa:1.0 mfa:0.897058824 cam:0.21875 ic:0.0 cbm:0.0 amc:32.55555556 max_cc:7.0 avg_cc:2.0", "target": "0"}
{"source": "wmc:5.0 dit:3.0 noc:0.0 cbo:3.0 rfc:18.0 lcom:4.0 ca:0.0 ce:3.0 npm:3.0 lcom3:0.5 loc:76.0 dam:0.0 moa:0.0 mfa:0.916666667 cam:0.36 ic:1.0 cbm:7.0 amc:14.0 max_cc:4.0 avg_cc:1.2", "target": "0"}
{"source": "wmc:6.0 dit:1.0 noc:0.0 cbo:5.0 rfc:6.0 lcom:15.0 ca:4.0 ce:1.0 npm:6.0 lcom3:2.0 loc:6.0 dam:0.0 moa:0.0 mfa:0.0 cam:0.555555556 ic:0.0 cbm:0.0 amc:0.0 max_cc:1.0 avg_cc:1.0", "target": "0"}
{"source": "wmc:2.0 dit:1.0 noc:0.0 cbo:15.0 rfc:2.0 lcom:1.0 ca:14.0 ce:1.0 npm:2.0 lcom3:2.0 loc:2.0 dam:0.0 moa:0.0 mfa:0.0 cam:0.75 ic:0.0 cbm:0.0 amc:0.0 max_cc:1.0 avg_cc:1.0", "target": "0"}
{"source": "wmc:5.0 dit:1.0 noc:0.0 cbo:7.0 rfc:31.0 lcom:10.0 ca:0.0 ce:7.0 npm:2.0 lcom3:0.875 loc:145.0 dam:0.0 moa:0.0 mfa:0.0 cam:0.3 ic:0.0 cbm:0.0 amc:27.6 max_cc:3.0 avg_cc:1.4", "target": "0"}
{"source": "wmc:4.0 dit:4.0 noc:0.0 cbo:6.0 rfc:20.0 lcom:0.0 ca:2.0 ce:5.0 npm:4.0 lcom3:1.066666667 loc:77.0 dam:0.0 moa:1.0 mfa:0.931818182 cam:0.625 ic:2.0 cbm:4.0 amc:17.0 max_cc:3.0 avg_cc:1.5", "target": "0"}
{"source": "wmc:5.0 dit:1.0 noc:0.0 cbo:7.0 rfc:41.0 lcom:2.0 ca:1.0 ce:7.0 npm:5.0 lcom3:0.375 loc:250.0 dam:0.0 moa:3.0 mfa:0.0 cam:0.4 ic:0.0 cbm:0.0 amc:47.8 max_cc:3.0 avg_cc:1.6", "target": "0"}
{"source": "wmc:7.0 dit:1.0 noc:0.0 cbo:3.0 rfc:27.0 lcom:5.0 ca:0.0 ce:3.0 npm:2.0 lcom3:0.566666667 loc:196.0 dam:0.0 moa:1.0 mfa:0.0 cam:0.333333333 ic:0.0 cbm:0.0 amc:26.28571429 max_cc:4.0 avg_cc:1.7143", "target": "1"}
{"source": "wmc:5.0 dit:1.0 noc:0.0 cbo:8.0 rfc:26.0 lcom:10.0 ca:0.0 ce:8.0 npm:2.0 lcom3:2.0 loc:508.0 dam:0.0 moa:0.0 mfa:0.0 cam:0.266666667 ic:0.0 cbm:0.0 amc:100.6 max_cc:3.0 avg_cc:1.4", "target": "0"}
{"source": "wmc:2.0 dit:1.0 noc:0.0 cbo:4.0 rfc:15.0 lcom:0.0 ca:1.0 ce:3.0 npm:2.0 lcom3:0.25 loc:77.0 dam:0.0 moa:1.0 mfa:0.0 cam:0.666666667 ic:0.0 cbm:0.0 amc:35.5 max_cc:2.0 avg_cc:1.0", "target": "0"}
{"source": "wmc:13.0 dit:1.0 noc:0.0 cbo:22.0 rfc:54.0 lcom:76.0 ca:20.0 ce:6.0 npm:10.0 lcom3:0.861111111 loc:537.0 dam:0.0 moa:0.0 mfa:0.0 cam:0.183333333 ic:0.0 cbm:0.0 amc:39.84615385 max_cc:11.0 avg_cc:3.0", "target": "1"}
{"source": "wmc:4.0 dit:1.0 noc:0.0 cbo:0.0 rfc:10.0 lcom:4.0 ca:0.0 ce:0.0 npm:3.0 lcom3:0.333333333 loc:114.0 dam:0.0 moa:0.0 mfa:0.0 cam:0.333333333 ic:0.0 cbm:0.0 amc:27.25 max_cc:4.0 avg_cc:1.5", "target": "0"}
{"source": "wmc:5.0 dit:5.0 noc:0.0 cbo:8.0 rfc:44.0 lcom:8.0 ca:3.0 ce:7.0 npm:3.0 lcom3:0.875 loc:289.0 dam:0.0 moa:3.0 mfa:0.995695839 cam:0.3 ic:0.0 cbm:0.0 amc:56.0 max_cc:3.0 avg_cc:1.0", "target": "0"}
{"source": "wmc:9.0 dit:1.0 noc:0.0 cbo:5.0 rfc:19.0 lcom:10.0 ca:3.0 ce:2.0 npm:7.0 lcom3:0.375 loc:120.0 dam:0.0 moa:1.0 mfa:0.0 cam:0.4375 ic:0.0 cbm:0.0 amc:12.11111111 max_cc:4.0 avg_cc:1.6667", "target": "0"}
{"source": "wmc:2.0 dit:1.0 noc:0.0 cbo:7.0 rfc:7.0 lcom:1.0 ca:0.0 ce:7.0 npm:2.0 lcom3:2.0 loc:15.0 dam:0.0 moa:0.0 mfa:0.0 cam:0.666666667 ic:0.0 cbm:0.0 amc:6.5 max_cc:1.0 avg_cc:0.5", "target": "0"}
{"source": "wmc:7.0 dit:1.0 noc:0.0 cbo:4.0 rfc:13.0 lcom:0.0 ca:3.0 ce:1.0 npm:7.0 lcom3:0.366666667 loc:236.0 dam:0.0 moa:1.0 mfa:0.0 cam:0.523809524 ic:0.0 cbm:0.0 amc:32.0 max_cc:6.0 avg_cc:2.5714", "target": "1"}
{"source": "wmc:2.0 dit:1.0 noc:0.0 cbo:4.0 rfc:4.0 lcom:1.0 ca:2.0 ce:2.0 npm:1.0 lcom3:2.0 loc:10.0 dam:0.0 moa:0.0 mfa:0.0 cam:0.75 ic:0.0 cbm:0.0 amc:4.0 max_cc:1.0 avg_cc:0.5", "target": "0"}
{"source": "wmc:4.0 dit:4.0 noc:0.0 cbo:3.0 rfc:10.0 lcom:0.0 ca:1.0 ce:2.0 npm:4.0 lcom3:0.5 loc:41.0 dam:0.0 moa:0.0 mfa:0.875 cam:0.5 ic:2.0 cbm:2.0 amc:8.75 max_cc:1.0 avg_cc:0.75", "target": "0"}
{"source": "wmc:4.0 dit:2.0 noc:0.0 cbo:3.0 rfc:10.0 lcom:0.0 ca:1.0 ce:2.0 npm:3.0 lcom3:0.0 loc:37.0 dam:0.0 moa:1.0 mfa:0.7 cam:0.583333333 ic:0.0 cbm:0.0 amc:8.0 max_cc:1.0 avg_cc:0.75", "target": "0"}
{"source": "wmc:12.0 dit:2.0 noc:0.0 cbo:9.0 rfc:39.0 lcom:14.0 ca:0.0 ce:9.0 npm:12.0 lcom3:0.863636364 loc:174.0 dam:0.0 moa:3.0 mfa:0.620689655 cam:0.375 ic:2.0 cbm:3.0 amc:13.0 max_cc:4.0 avg_cc:1.3333", "target": "1"}
{"source": "wmc:4.0 dit:4.0 noc:0.0 cbo:3.0 rfc:15.0 lcom:4.0 ca:2.0 ce:1.0 npm:4.0 lcom3:0.333333333 loc:80.0 dam:0.0 moa:0.0 mfa:0.953488372 cam:0.357142857 ic:1.0 cbm:3.0 amc:18.75 max_cc:2.0 avg_cc:0.75", "target": "0"}
{"source": "wmc:4.0 dit:1.0 noc:0.0 cbo:7.0 rfc:27.0 lcom:4.0 ca:0.0 ce:7.0 npm:2.0 lcom3:0.666666667 loc:134.0 dam:0.0 moa:0.0 mfa:0.0 cam:0.333333333 ic:0.0 cbm:0.0 amc:32.25 max_cc:3.0 avg_cc:1.5", "target": "0"}
{"source": "wmc:2.0 dit:1.0 noc:0.0 cbo:2.0 rfc:16.0 lcom:1.0 ca:0.0 ce:2.0 npm:2.0 lcom3:2.0 loc:100.0 dam:0.0 moa:0.0 mfa:0.0 cam:0.75 ic:0.0 cbm:0.0 amc:49.0 max_cc:3.0 avg_cc:1.5", "target": "0"}
{"source": "wmc:7.0 dit:1.0 noc:0.0 cbo:4.0 rfc:29.0 lcom:17.0 ca:0.0 ce:4.0 npm:2.0 lcom3:0.666666667 loc:154.0 dam:0.0 moa:1.0 mfa:0.0 cam:0.333333333 ic:0.0 cbm:0.0 amc:20.71428571 max_cc:2.0 avg_cc:1.0", "target": "0"}
{"source": "wmc:7.0 dit:1.0 noc:0.0 cbo:2.0 rfc:24.0 lcom:15.0 ca:0.0 ce:2.0 npm:2.0 lcom3:0.611111111 loc:117.0 dam:0.0 moa:1.0 mfa:0.0 cam:0.277777778 ic:0.0 cbm:0.0 amc:15.28571429 max_cc:2.0 avg_cc:1.1429", "target": "0"}
{"source": "wmc:7.0 dit:1.0 noc:0.0 cbo:2.0 rfc:32.0 lcom:15.0 ca:0.0 ce:2.0 npm:1.0 lcom3:0.625 loc:168.0 dam:0.0 moa:1.0 mfa:0.0 cam:0.277777778 ic:0.0 cbm:0.0 amc:22.42857143 max_cc:2.0 avg_cc:1.1429", "target": "0"}
{"source": "wmc:4.0 dit:2.0 noc:0.0 cbo:2.0 rfc:9.0 lcom:0.0 ca:1.0 ce:1.0 npm:2.0 lcom3:0.916666667 loc:47.0 dam:0.25 moa:1.0 mfa:0.8 cam:0.555555556 ic:0.0 cbm:0.0 amc:9.75 max_cc:3.0 avg_cc:1.25", "target": "0"}
{"source": "wmc:0.0 dit:1.0 noc:0.0 cbo:0.0 rfc:0.0 lcom:0.0 ca:0.0 ce:0.0 npm:0.0 lcom3:2.0 loc:7.0 dam:0.0 moa:0.0 mfa:0.0 cam:0.0 ic:0.0 cbm:0.0 amc:0.0 max_cc:0.0 avg_cc:0.0", "target": "0"}
{"source": "wmc:3.0 dit:3.0 noc:0.0 cbo:1.0 rfc:7.0 lcom:1.0 ca:1.0 ce:0.0 npm:3.0 lcom3:0.5 loc:20.0 dam:1.0 moa:0.0 mfa:0.951219512 cam:0.444444444 ic:1.0 cbm:3.0 amc:5.333333333 max_cc:1.0 avg_cc:0.6667", "target": "0"}
{"source": "wmc:4.0 dit:2.0 noc:0.0 cbo:4.0 rfc:8.0 lcom:0.0 ca:0.0 ce:4.0 npm:4.0 lcom3:0.916666667 loc:69.0 dam:0.0 moa:1.0 mfa:0.571428571 cam:0.5 ic:0.0 cbm:0.0 amc:15.25 max_cc:4.0 avg_cc:2.0", "target": "1"}
{"source": "wmc:9.0 dit:2.0 noc:0.0 cbo:13.0 rfc:18.0 lcom:30.0 ca:9.0 ce:4.0 npm:8.0 lcom3:0.9375 loc:114.0 dam:0.625 moa:1.0 mfa:0.533333333 cam:0.518518519 ic:0.0 cbm:0.0 amc:10.77777778 max_cc:3.0 avg_cc:1.2222", "target": "1"}
{"source": "wmc:5.0 dit:2.0 noc:2.0 cbo:5.0 rfc:17.0 lcom:2.0 ca:4.0 ce:1.0 npm:2.0 lcom3:0.625 loc:95.0 dam:0.333333333 moa:0.0 mfa:0.938461538 cam:0.466666667 ic:1.0 cbm:1.0 amc:16.8 max_cc:3.0 avg_cc:1.4", "target": "1"}
{"source": "wmc:8.0 dit:1.0 noc:0.0 cbo:6.0 rfc:30.0 lcom:22.0 ca:0.0 ce:6.0 npm:2.0 lcom3:0.942857143 loc:324.0 dam:0.0 moa:7.0 mfa:0.0 cam:0.285714286 ic:0.0 cbm:0.0 amc:38.25 max_cc:5.0 avg_cc:2.0", "target": "0"}
{"source": "wmc:12.0 dit:1.0 noc:0.0 cbo:21.0 rfc:43.0 lcom:24.0 ca:15.0 ce:7.0 npm:9.0 lcom3:0.704545455 loc:346.0 dam:0.25 moa:3.0 mfa:0.0 cam:0.272727273 ic:0.0 cbm:0.0 amc:27.5 max_cc:6.0 avg_cc:2.1667", "target": "1"}
{"source": "wmc:6.0 dit:2.0 noc:0.0 cbo:3.0 rfc:8.0 lcom:15.0 ca:0.0 ce:3.0 npm:6.0 lcom3:1.0 loc:34.0 dam:0.0 moa:0.0 mfa:0.818181818 cam:0.5 ic:1.0 cbm:1.0 amc:4.333333333 max_cc:2.0 avg_cc:0.8333", "target": "0"}
{"source": "wmc:7.0 dit:1.0 noc:0.0 cbo:2.0 rfc:21.0 lcom:17.0 ca:0.0 ce:2.0 npm:2.0 lcom3:0.666666667 loc:90.0 dam:0.0 moa:1.0 mfa:0.0 cam:0.277777778 ic:0.0 cbm:0.0 amc:11.57142857 max_cc:2.0 avg_cc:1.0", "target": "0"}
{"source": "wmc:1.0 dit:2.0 noc:0.0 cbo:1.0 rfc:2.0 lcom:0.0 ca:0.0 ce:1.0 npm:0.0 lcom3:2.0 loc:4.0 dam:0.0 moa:0.0 mfa:0.0 cam:1.0 ic:0.0 cbm:0.0 amc:3.0 max_cc:0.0 avg_cc:0.0", "target": "0"}
{"source": "wmc:8.0 dit:1.0 noc:0.0 cbo:4.0 rfc:38.0 lcom:24.0 ca:0.0 ce:4.0 npm:2.0 lcom3:0.714285714 loc:322.0 dam:0.0 moa:1.0 mfa:0.0 cam:0.214285714 ic:0.0 cbm:0.0 amc:39.0 max_cc:2.0 avg_cc:1.0", "target": "1"}
{"source": "wmc:1.0 dit:4.0 noc:0.0 cbo:2.0 rfc:3.0 lcom:0.0 ca:1.0 ce:1.0 npm:0.0 lcom3:2.0 loc:7.0 dam:0.0 moa:0.0 mfa:1.0 cam:1.0 ic:0.0 cbm:0.0 amc:6.0 max_cc:0.0 avg_cc:0.0", "target": "0"}
{"source": "wmc:2.0 dit:2.0 noc:0.0 cbo:3.0 rfc:16.0 lcom:0.0 ca:1.0 ce:3.0 npm:1.0 lcom3:0.0 loc:51.0 dam:0.0 moa:1.0 mfa:0.983870968 cam:0.666666667 ic:0.0 cbm:0.0 amc:23.5 max_cc:2.0 avg_cc:1.0", "target": "0"}
{"source": "wmc:5.0 dit:2.0 noc:0.0 cbo:3.0 rfc:11.0 lcom:0.0 ca:1.0 ce:2.0 npm:4.0 lcom3:0.25 loc:37.0 dam:0.0 moa:1.0 mfa:0.8 cam:0.533333333 ic:1.0 cbm:1.0 amc:6.2 max_cc:1.0 avg_cc:0.8", "target": "0"}
{"source": "wmc:7.0 dit:1.0 noc:0.0 cbo:2.0 rfc:26.0 lcom:17.0 ca:0.0 ce:2.0 npm:2.0 lcom3:0.666666667 loc:131.0 dam:0.0 moa:1.0 mfa:0.0 cam:0.277777778 ic:0.0 cbm:0.0 amc:17.42857143 max_cc:2.0 avg_cc:1.0", "target": "0"}
{"source": "wmc:2.0 dit:3.0 noc:0.0 cbo:4.0 rfc:6.0 lcom:1.0 ca:1.0 ce:4.0 npm:1.0 lcom3:2.0 loc:14.0 dam:0.0 moa:0.0 mfa:0.984848485 cam:0.75 ic:1.0 cbm:1.0 amc:6.0 max_cc:1.0 avg_cc:0.5", "target": "0"}
