{"source": "wmc:23.0 dit:1.0 noc:0.0 cbo:5.0 rfc:46.0 lcom:123.0 ca:1.0 ce:4.0 npm:4.0 lcom3:0.659090909 loc:668.0 dam:1.0 moa:1.0 mfa:0.0 cam:0.267080745 ic:0.0 cbm:0.0 amc:27.60869565 max_cc:8.0 avg_cc:2.3043", "target": "0"}
{"source": "wmc:12.0 dit:2.0 noc:0.0 cbo:6.0 rfc:23.0 lcom:46.0 ca:2.0 ce:4.0 npm:10.0 lcom3:0.818181818 loc:122.0 dam:0.5 moa:0.0 mfa:0.55 cam:0.4 ic:1.0 cbm:6.0 amc:9.0 max_cc:2.0 avg_cc:0.8333", "target": "0"}
{"source": "wmc:15.0 dit:2.0 noc:0.0 cbo:6.0 rfc:35.0 lcom:41.0 ca:3.0 ce:4.0 npm:13.0 lcom3:0.69047619 loc:363.0 dam:0.666666667 moa:0.0 mfa:0.47826087 cam:0.516666667 ic:1.0 cbm:6.0 amc:23.0 max_cc:2.0 avg_cc:1.1333", "target": "0"}
{"source": "wmc:11.0 dit:2.0 noc:0.0 cbo:5.0 rfc:21.0 lcom:43.0 ca:2.0 ce:3.0 npm:9.0 lcom3:0.85 loc:117.0 dam:0.5 moa:0.0 mfa:0.578947368 cam:0.418181818 ic:1.0 cbm:6.0 amc:9.454545455 max_cc:2.0 avg_cc:1.0", "target": "0"}
{"source": "wmc:4.0 dit:1.0 noc:0.0 cbo:8.0 rfc:17.0 lcom:0.0 ca:3.0 ce:5.0 npm:3.0 lcom3:0.0 loc:116.0 dam:1.0 moa:0.0 mfa:0.0 cam:0.5 ic:0.0 cbm:0.0 amc:27.75 max_cc:2.0 avg_cc:1.25", "target": "1"}
{"source": "wmc:9.0 dit:2.0 noc:0.0 cbo:4.0 rfc:13.0 lcom:36.0 ca:2.0 ce:2.0 npm:9.0 lcom3:1.125 loc:60.0 dam:0.333333333 moa:0.0 mfa:0.3 cam:0.333333333 ic:0.0 cbm:0.0 amc:5.333333333 max_cc:1.0 avg_cc:0.7778", "target": "0"}
{"source": "wmc:20.0 dit:2.0 noc:0.0 cbo:6.0 rfc:37.0 lcom:88.0 ca:1.0 ce:5.0 npm:18.0 lcom3:0.763157895 loc:348.0 dam:0.833333333 moa:1.0 mfa:0.392857143 cam:0.36 ic:1.0 cbm:6.0 amc:16.1 max_cc:2.0 avg_cc:0.9", "target": "0"}
{"source": "wmc:30.0 dit:1.0 noc:0.0 cbo:20.0 rfc:104.0 lcom:87.0 ca:5.0 ce:16.0 npm:22.0 lcom3:0.748275862 loc:1151.0 dam:0.6 moa:4.0 mfa:0.0 cam:0.146153846 ic:0.0 cbm:0.0 amc:36.7 max_cc:20.0 avg_cc:2.9", "target": "1"}
{"source": "wmc:14.0 dit:2.0 noc:0.0 cbo:6.0 rfc:33.0 lcom:65.0 ca:2.0 ce:4.0 npm:12.0 lcom3:0.743589744 loc:229.0 dam:0.666666667 moa:0.0 mfa:0.5 cam:0.4 ic:1.0 cbm:6.0 amc:15.14285714 max_cc:2.0 avg_cc:1.0714", "target": "0"}
{"source": "wmc:30.0 dit:1.0 noc:0.0 cbo:3.0 rfc:53.0 lcom:331.0 ca:3.0 ce:0.0 npm:24.0 lcom3:0.873563218 loc:767.0 dam:0.0 moa:0.0 mfa:0.0 cam:0.391666667 ic:0.0 cbm:0.0 amc:24.36666667 max_cc:6.0 avg_cc:2.6333", "target": "0"}
{"source": "wmc:14.0 dit:2.0 noc:0.0 cbo:6.0 rfc:25.0 lcom:77.0 ca:3.0 ce:3.0 npm:11.0 lcom3:0.861538462 loc:212.0 dam:0.8 moa:0.0 mfa:0.5 cam:0.517857143 ic:1.0 cbm:5.0 amc:13.78571429 max_cc:2.0 avg_cc:1.0", "target": "0"}
{"source": "wmc:12.0 dit:1.0 noc:0.0 cbo:14.0 rfc:37.0 lcom:66.0 ca:14.0 ce:0.0 npm:10.0 lcom3:1.090909091 loc:494.0 dam:1.0 moa:0.0 mfa:0.0 cam:0.273809524 ic:0.0 cbm:0.0 amc:40.08333333 max_cc:10.0 avg_cc:2.5833", "target": "1"}
{"source": "wmc:12.0 dit:2.0 noc:0.0 cbo:6.0 rfc:22.0 lcom:46.0 ca:3.0 ce:3.0 npm:10.0 lcom3:0.818181818 loc:128.0 dam:0.5 moa:0.0 mfa:0.55 cam:0.4 ic:1.0 cbm:6.0 amc:9.5 max_cc:2.0 avg_cc:1.0", "target": "0"}
{"source": "wmc:4.0 dit:1.0 noc:0.0 cbo:3.0 rfc:4.0 lcom:6.0 ca:1.0 ce:2.0 npm:4.0 lcom3:2.0 loc:4.0 dam:0.0 moa:0.0 mfa:0.0 cam:0.583333333 ic:0.0 cbm:0.0 amc:0.0 max_cc:1.0 avg_cc:1.0", "target": "0"}
{"source": "wmc:23.0 dit:2.0 noc:0.0 cbo:7.0 rfc:37.0 lcom:219.0 ca:2.0 ce:5.0 npm:21.0 lcom3:0.850649351 loc:345.0 dam:0.857142857 moa:0.0 mfa:0.35483871 cam:0.347826087 ic:1.0 cbm:5.0 amc:13.69565217 max_cc:6.0 avg_cc:1.5652", "target": "0"}
{"source": "wmc:14.0 dit:2.0 noc:0.0 cbo:8.0 rfc:26.0 lcom:69.0 ca:4.0 ce:4.0 npm:12.0 lcom3:0.743589744 loc:187.0 dam:0.666666667 moa:0.0 mfa:0.5 cam:0.321428571 ic:1.0 cbm:6.0 amc:12.14285714 max_cc:3.0 avg_cc:1.1429", "target": "0"}
{"source": "wmc:29.0 dit:2.0 noc:0.0 cbo:7.0 rfc:53.0 lcom:100.0 ca:2.0 ce:6.0 npm:28.0 lcom3:0.75 loc:556.0 dam:0.888888889 moa:3.0 mfa:0.212121212 cam:0.221674877 ic:1.0 cbm:2.0 amc:17.86206897 max_cc:5.0 avg_cc:1.0345", "target": "1"}
{"source": "wmc:4.0 dit:1.0 noc:0.0 cbo:1.0 rfc:4.0 lcom:6.0 ca:1.0 ce:0.0 npm:4.0 lcom3:2.0 loc:4.0 dam:0.0 moa:0.0 mfa:0.0 cam:0.5 ic:0.0 cbm:0.0 amc:0.0 max_cc:1.0 avg_cc:1.0", "target": "0"}
{"source": "wmc:0.0 dit:1.0 noc:0.0 cbo:0.0 rfc:0.0 lcom:0.0 ca:0.0 ce:0.0 npm:0.0 lcom3:2.0 loc:7.0 dam:0.0 moa:0.0 mfa:0.0 cam:0.0 ic:0.0 cbm:0.0 amc:0.0 max_cc:0.0 avg_cc:0.0", "target": "0"}
{"source": "wmc:14.0 dit:2.0 noc:0.0 cbo:7.0 rfc:26.0 lcom:57.0 ca:3.0 ce:4.0 npm:12.0 lcom3:0.769230769 loc:195.0 dam:0.666666667 moa:0.0 mfa:0.5 cam:0.482142857 ic:1.0 cbm:6.0 amc:12.71428571 max_cc:2.0 avg_cc:0.8571", "target": "0"}
{"source": "wmc:25.0 dit:2.0 noc:0.0 cbo:11.0 rfc:41.0 lcom:258.0 ca:7.0 ce:4.0 npm:23.0 lcom3:0.758333333 loc:389.0 dam:0.8 moa:0.0 mfa:0.333333333 cam:0.257142857 ic:1.0 cbm:6.0 amc:14.36 max_cc:7.0 avg_cc:1.76", "target": "0"}
{"source": "wmc:1.0 dit:1.0 noc:0.0 cbo:4.0 rfc:1.0 lcom:0.0 ca:3.0 ce:1.0 npm:1.0 lcom3:2.0 loc:1.0 dam:0.0 moa:0.0 mfa:0.0 cam:1.0 ic:0.0 cbm:0.0 amc:0.0 max_cc:1.0 avg_cc:1.0", "target": "0"}
{"source": "wmc:2.0 dit:1.0 noc:0.0 cbo:3.0 rfc:4.0 lcom:0.0 ca:1.0 ce:3.0 npm:2.0 lcom3:0.0 loc:14.0 dam:0.0 moa:1.0 mfa:0.0 cam:0.666666667 ic:0.0 cbm:0.0 amc:5.5 max_cc:1.0 avg_cc:0.5", "target": "0"}
{"source": "wmc:11.0 dit:2.0 noc:0.0 cbo:4.0 rfc:16.0 lcom:55.0 ca:2.0 ce:3.0 npm:11.0 lcom3:1.1 loc:96.0 dam:0.333333333 moa:0.0 mfa:0.25 cam:0.272727273 ic:0.0 cbm:0.0 amc:7.454545455 max_cc:1.0 avg_cc:0.8182", "target": "0"}
{"source": "wmc:15.0 dit:2.0 noc:0.0 cbo:8.0 rfc:34.0 lcom:87.0 ca:3.0 ce:5.0 npm:12.0 lcom3:0.871428571 loc:230.0 dam:0.8 moa:0.0 mfa:0.47826087 cam:0.516666667 ic:1.0 cbm:5.0 amc:14.0 max_cc:2.0 avg_cc:1.0", "target": "0"}
{"source": "wmc:17.0 dit:2.0 noc:0.0 cbo:8.0 rfc:41.0 lcom:66.0 ca:4.0 ce:4.0 npm:15.0 lcom3:0.85 loc:319.0 dam:0.4 moa:0.0 mfa:0.44 cam:0.31372549 ic:1.0 cbm:6.0 amc:17.47058824 max_cc:3.0 avg_cc:1.2353", "target": "0"}
{"source": "wmc:23.0 dit:2.0 noc:0.0 cbo:9.0 rfc:36.0 lcom:221.0 ca:5.0 ce:4.0 npm:21.0 lcom3:0.727272727 loc:350.0 dam:0.75 moa:0.0 mfa:0.35483871 cam:0.304347826 ic:1.0 cbm:6.0 amc:14.04347826 max_cc:7.0 avg_cc:1.8261", "target": "0"}
{"source": "wmc:16.0 dit:2.0 noc:2.0 cbo:6.0 rfc:31.0 lcom:102.0 ca:3.0 ce:3.0 npm:11.0 lcom3:0.933333333 loc:9849.0 dam:0.75 moa:1.0 mfa:0.176470588 cam:0.19047619 ic:0.0 cbm:0.0 amc:614.0625 max_cc:5.0 avg_cc:1.1875", "target": "1"}
{"source": "wmc:20.0 dit:2.0 noc:0.0 cbo:5.0 rfc:35.0 lcom:114.0 ca:1.0 ce:4.0 npm:18.0 lcom3:0.877192982 loc:360.0 dam:0.555555556 moa:0.0 mfa:0.392857143 cam:0.45 ic:1.0 cbm:6.0 amc:16.55 max_cc:2.0 avg_cc:0.9", "target": "0"}
{"source": "wmc:13.0 dit:2.0 noc:0.0 cbo:3.0 rfc:24.0 lcom:64.0 ca:1.0 ce:2.0 npm:11.0 lcom3:0.883333333 loc:143.0 dam:0.6 moa:0.0 mfa:0.523809524 cam:0.5 ic:1.0 cbm:6.0 amc:9.615384615 max_cc:1.0 avg_cc:0.7692", "target": "0"}
{"source": "wmc:4.0 dit:1.0 noc:0.0 cbo:3.0 rfc:4.0 lcom:6.0 ca:3.0 ce:0.0 npm:4.0 lcom3:2.0 loc:4.0 dam:0.0 moa:0.0 mfa:0.0 cam:0.75 ic:0.0 cbm:0.0 amc:0.0 max_cc:1.0 avg_cc:1.0", "target": "0"}
{"source": "wmc:12.0 dit:2.0 noc:0.0 cbo:6.0 rfc:23.0 lcom:46.0 ca:2.0 ce:4.0 npm:10.0 lcom3:0.818181818 loc:122.0 dam:0.5 moa:0.0 mfa:0.55 cam:0.4 ic:1.0 cbm:6.0 amc:9.0 max_cc:2.0 avg_cc:0.8333", "target": "0"}
{"source": "wmc:1.0 dit:4.0 noc:0.0 cbo:124.0 rfc:2.0 lcom:0.0 ca:124.0 ce:0.0 npm:1.0 lcom3:2.0 loc:5.0 dam:0.0 moa:0.0 mfa:1.0 cam:1.0 ic:0.0 cbm:0.0 amc:4.0 max_cc:0.0 avg_cc:0.0", "target": "0"}
{"source": "wmc:7.0 dit:2.0 noc:0.0 cbo:3.0 rfc:10.0 lcom:9.0 ca:2.0 ce:2.0 npm:7.0 lcom3:0.944444444 loc:69.0 dam:0.666666667 moa:0.0 mfa:0.583333333 cam:0.428571429 ic:1.0 cbm:2.0 amc:8.428571429 max_cc:2.0 avg_cc:1.0", "target": "0"}
{"source": "wmc:1.0 dit:1.0 noc:0.0 cbo:1.0 rfc:2.0 lcom:0.0 ca:1.0 ce:0.0 npm:0.0 lcom3:2.0 loc:6.0 dam:0.0 moa:0.0 mfa:0.0 cam:1.0 ic:0.0 cbm:0.0 amc:3.0 max_cc:0.0 avg_cc:0.0", "target": "0"}
{"source": "wmc:14.0 dit:2.0 noc:0.0 cbo:3.0 rfc:30.0 lcom:35.0 ca:1.0 ce:2.0 npm:12.0 lcom3:0.673076923 loc:173.0 dam:0.0 moa:0.0 mfa:0.458333333 cam:0.328571429 ic:1.0 cbm:5.0 amc:11.07142857 max_cc:5.0 avg_cc:1.3571", "target": "0"}
{"source": "wmc:26.0 dit:1.0 noc:3.0 cbo:9.0 rfc:42.0 lcom:325.0 ca:8.0 ce:1.0 npm:22.0 lcom3:1.04 loc:693.0 dam:0.0 moa:0.0 mfa:0.0 cam:0.544871795 ic:0.0 cbm:0.0 amc:25.46153846 max_cc:10.0 avg_cc:1.9615", "target": "1"}
{"source": "wmc:9.0 dit:2.0 noc:0.0 cbo:5.0 rfc:22.0 lcom:2.0 ca:2.0 ce:4.0 npm:8.0 lcom3:0.666666667 loc:202.0 dam:0.166666667 moa:1.0 mfa:0.538461538 cam:0.333333333 ic:1.0 cbm:2.0 amc:20.77777778 max_cc:2.0 avg_cc:0.8889", "target": "0"}
{"source": "wmc:3.0 dit:1.0 noc:0.0 cbo:3.0 rfc:5.0 lcom:3.0 ca:3.0 ce:0.0 npm:2.0 lcom3:2.0 loc:43.0 dam:0.0 moa:0.0 mfa:0.0 cam:0.5 ic:0.0 cbm:0.0 amc:13.33333333 max_cc:1.0 avg_cc:0.6667", "target": "0"}
{"source": "wmc:3.0 dit:1.0 noc:0.0 cbo:7.0 rfc:10.0 lcom:0.0 ca:5.0 ce:2.0 npm:3.0 lcom3:0.25 loc:78.0 dam:1.0 moa:0.0 mfa:0.0 cam:0.666666667 ic:0.0 cbm:0.0 amc:24.33333333 max_cc:1.0 avg_cc:0.6667", "target": "0"}
{"source": "wmc:12.0 dit:2.0 noc:0.0 cbo:5.0 rfc:22.0 lcom:46.0 ca:2.0 ce:3.0 npm:10.0 lcom3:0.818181818 loc:127.0 dam:0.5 moa:0.0 mfa:0.55 cam:0.4 ic:1.0 cbm:6.0 amc:9.416666667 max_cc:2.0 avg_cc:1.0", "target": "0"}
{"source": "wmc:4.0 dit:2.0 noc:0.0 cbo:5.0 rfc:11.0 lcom:4.0 ca:1.0 ce:4.0 npm:2.0 lcom3:0.833333333 loc:108.0 dam:1.0 moa:1.0 mfa:0.5 cam:0.4 ic:1.0 cbm:1.0 amc:25.5 max_cc:3.0 avg_cc:1.25", "target": "0"}
{"source": "wmc:1.0 dit:1.0 noc:0.0 cbo:9.0 rfc:1.0 lcom:0.0 ca:9.0 ce:0.0 npm:1.0 lcom3:2.0 loc:1.0 dam:0.0 moa:0.0 mfa:0.0 cam:1.0 ic:0.0 cbm:0.0 amc:0.0 max_cc:1.0 avg_cc:1.0", "target": "0"}
{"source": "wmc:31.0 dit:2.0 noc:0.0 cbo:7.0 rfc:44.0 lcom:171.0 ca:3.0 ce:4.0 npm:28.0 lcom3:0.863888889 loc:406.0 dam:0.916666667 moa:9.0 mfa:0.289473684 cam:0.283333333 ic:1.0 cbm:6.0 amc:11.70967742 max_cc:2.0 avg_cc:0.9032", "target": "0"}
{"source": "wmc:36.0 dit:2.0 noc:0.0 cbo:6.0 rfc:57.0 lcom:196.0 ca:1.0 ce:5.0 npm:34.0 lcom3:0.90931677 loc:744.0 dam:0.565217391 moa:6.0 mfa:0.25 cam:0.277777778 ic:1.0 cbm:6.0 amc:19.02777778 max_cc:2.0 avg_cc:0.9444", "target": "0"}
{"source": "wmc:11.0 dit:1.0 noc:0.0 cbo:7.0 rfc:17.0 lcom:9.0 ca:4.0 ce:3.0 npm:11.0 lcom3:0.25 loc:85.0 dam:1.0 moa:0.0 mfa:0.0 cam:0.522727273 ic:0.0 cbm:0.0 amc:6.545454545 max_cc:1.0 avg_cc:0.6364", "target": "0"}
{"source": "wmc:3.0 dit:1.0 noc:0.0 cbo:1.0 rfc:9.0 lcom:0.0 ca:1.0 ce:0.0 npm:3.0 lcom3:0.0 loc:86.0 dam:0.0 moa:0.0 mfa:0.0 cam:0.5 ic:0.0 cbm:0.0 amc:26.66666667 max_cc:1.0 avg_cc:0.6667", "target": "0"}
{"source": "wmc:13.0 dit:2.0 noc:0.0 cbo:5.0 rfc:23.0 lcom:66.0 ca:2.0 ce:3.0 npm:11.0 lcom3:0.805555556 loc:140.0 dam:0.666666667 moa:0.0 mfa:0.523809524 cam:0.5 ic:1.0 cbm:6.0 amc:9.538461538 max_cc:2.0 avg_cc:0.8462", "target": "0"}
{"source": "wmc:17.0 dit:1.0 noc:0.0 cbo:36.0 rfc:95.0 lcom:106.0 ca:9.0 ce:28.0 npm:13.0 lcom3:0.354166667 loc:461.0 dam:1.0 moa:2.0 mfa:0.0 cam:0.14479638 ic:0.0 cbm:0.0 amc:25.94117647 max_cc:2.0 avg_cc:1.1176", "target": "0"}
{"source": "wmc:62.0 dit:2.0 noc:0.0 cbo:14.0 rfc:108.0 lcom:1491.0 ca:5.0 ce:10.0 npm:56.0 lcom3:0.957965532 loc:1284.0 dam:0.487179487 moa:0.0 mfa:0.15942029 cam:0.203629032 ic:1.0 cbm:6.0 amc:19.08064516 max_cc:6.0 avg_cc:1.4032", "target": "0"}
{"source": "wmc:19.0 dit:2.0 noc:0.0 cbo:5.0 rfc:35.0 lcom:109.0 ca:1.0 ce:4.0 npm:17.0 lcom3:0.817460317 loc:265.0 dam:0.857142857 moa:1.0 mfa:0.407407407 cam:0.368421053 ic:1.0 cbm:6.0 amc:12.57894737 max_cc:2.0 avg_cc:0.8947", "target": "0"}
{"source": "wmc:9.0 dit:2.0 noc:0.0 cbo:9.0 rfc:17.0 lcom:30.0 ca:3.0 ce:7.0 npm:6.0 lcom3:0.75 loc:55.0 dam:1.0 moa:1.0 mfa:0.529411765 cam:0.407407407 ic:1.0 cbm:1.0 amc:5.0 max_cc:1.0 avg_cc:0.8889", "target": "0"}
{"source": "wmc:2.0 dit:1.0 noc:0.0 cbo:6.0 rfc:8.0 lcom:1.0 ca:0.0 ce:6.0 npm:2.0 lcom3:2.0 loc:28.0 dam:0.0 moa:0.0 mfa:0.0 cam:0.5 ic:0.0 cbm:0.0 amc:13.0 max_cc:1.0 avg_cc:0.5", "target": "1"}
{"source": "wmc:20.0 dit:2.0 noc:0.0 cbo:5.0 rfc:35.0 lcom:114.0 ca:1.0 ce:4.0 npm:18.0 lcom3:0.855263158 loc:359.0 dam:0.625 moa:0.0 mfa:0.392857143 cam:0.45 ic:1.0 cbm:6.0 amc:16.55 max_cc:2.0 avg_cc:0.9", "target": "0"}
{"source": "wmc:9.0 dit:2.0 noc:0.0 cbo:4.0 rfc:13.0 lcom:36.0 ca:2.0 ce:2.0 npm:9.0 lcom3:1.125 loc:58.0 dam:0.0 moa:0.0 mfa:0.3 cam:0.333333333 ic:0.0 cbm:0.0 amc:5.333333333 max_cc:1.0 avg_cc:0.7778", "target": "0"}
{"source": "wmc:6.0 dit:1.0 noc:0.0 cbo:7.0 rfc:22.0 lcom:3.0 ca:1.0 ce:6.0 npm:6.0 lcom3:0.75 loc:111.0 dam:1.0 moa:2.0 mfa:0.0 cam:0.333333333 ic:0.0 cbm:0.0 amc:16.83333333 max_cc:1.0 avg_cc:0.8333", "target": "1"}
{"source": "wmc:25.0 dit:2.0 noc:0.0 cbo:6.0 rfc:39.0 lcom:106.0 ca:2.0 ce:4.0 npm:25.0 lcom3:0.753787879 loc:487.0 dam:0.909090909 moa:7.0 mfa:0.115384615 cam:0.18 ic:0.0 cbm:0.0 amc:18.04 max_cc:8.0 avg_cc:1.32", "target": "0"}
{"source": "wmc:8.0 dit:1.0 noc:0.0 cbo:2.0 rfc:12.0 lcom:8.0 ca:0.0 ce:2.0 npm:7.0 lcom3:0.821428571 loc:129.0 dam:0.083333333 moa:0.0 mfa:0.0 cam:0.642857143 ic:0.0 cbm:0.0 amc:13.625 max_cc:1.0 avg_cc:0.625", "target": "0"}
{"source": "wmc:25.0 dit:2.0 noc:0.0 cbo:9.0 rfc:51.0 lcom:228.0 ca:6.0 ce:3.0 npm:20.0 lcom3:0.770833333 loc:419.0 dam:0.833333333 moa:0.0 mfa:0.333333333 cam:0.251428571 ic:2.0 cbm:6.0 amc:15.52 max_cc:6.0 avg_cc:1.64", "target": "0"}
{"source": "wmc:22.0 dit:2.0 noc:0.0 cbo:7.0 rfc:46.0 lcom:105.0 ca:1.0 ce:6.0 npm:20.0 lcom3:0.920634921 loc:422.0 dam:0.4 moa:2.0 mfa:0.366666667 cam:0.253246753 ic:1.0 cbm:6.0 amc:17.5 max_cc:2.0 avg_cc:0.9091", "target": "0"}
{"source": "wmc:11.0 dit:1.0 noc:0.0 cbo:5.0 rfc:21.0 lcom:9.0 ca:2.0 ce:3.0 npm:11.0 lcom3:0.25 loc:92.0 dam:1.0 moa:0.0 mfa:0.0 cam:0.454545455 ic:0.0 cbm:0.0 amc:7.181818182 max_cc:1.0 avg_cc:0.6364", "target": "0"}
{"source": "wmc:0.0 dit:1.0 noc:0.0 cbo:0.0 rfc:0.0 lcom:0.0 ca:0.0 ce:0.0 npm:0.0 lcom3:2.0 loc:4.0 dam:0.0 moa:0.0 mfa:0.0 cam:0.0 ic:0.0 cbm:0.0 amc:0.0 max_cc:0.0 avg_cc:0.0", "target": "0"}
{"source": "wmc:16.0 dit:3.0 noc:0.0 cbo:4.0 rfc:28.0 lcom:120.0 ca:1.0 ce:3.0 npm:16.0 lcom3:1.066666667 loc:104.0 dam:0.0 moa:0.0 mfa:0.625 cam:0.53125 ic:0.0 cbm:0.0 amc:5.4375 max_cc:1.0 avg_cc:0.9375", "target": "0"}
{"source": "wmc:10.0 dit:2.0 noc:0.0 cbo:4.0 rfc:14.0 lcom:45.0 ca:2.0 ce:2.0 npm:10.0 lcom3:1.111111111 loc:67.0 dam:0.333333333 moa:0.0 mfa:0.272727273 cam:0.32 ic:0.0 cbm:0.0 amc:5.4 max_cc:1.0 avg_cc:0.8", "target": "1"}
{"source": "wmc:12.0 dit:1.0 noc:0.0 cbo:7.0 rfc:30.0 lcom:48.0 ca:2.0 ce:5.0 npm:9.0 lcom3:0.818181818 loc:322.0 dam:1.0 moa:2.0 mfa:0.0 cam:0.5 ic:0.0 cbm:0.0 amc:25.25 max_cc:4.0 avg_cc:1.4167", "target": "1"}
{"source": "wmc:0.0 dit:1.0 noc:0.0 cbo:4.0 rfc:0.0 lcom:0.0 ca:4.0 ce:0.0 npm:0.0 lcom3:2.0 loc:0.0 dam:0.0 moa:0.0 mfa:0.0 cam:0.0 ic:0.0 cbm:0.0 amc:0.0 max_cc:0.0 avg_cc:0.0", "target": "0"}
{"source": "wmc:15.0 dit:2.0 noc:0.0 cbo:4.0 rfc:25.0 lcom:87.0 ca:2.0 ce:2.0 npm:13.0 lcom3:0.803571429 loc:143.0 dam:0.75 moa:0.0 mfa:0.47826087 cam:0.483333333 ic:1.0 cbm:6.0 amc:8.266666667 max_cc:1.0 avg_cc:0.8", "target": "0"}
{"source": "wmc:5.0 dit:1.0 noc:0.0 cbo:5.0 rfc:6.0 lcom:2.0 ca:3.0 ce:2.0 npm:4.0 lcom3:0.75 loc:36.0 dam:1.0 moa:2.0 mfa:0.0 cam:0.36 ic:0.0 cbm:0.0 amc:5.4 max_cc:1.0 avg_cc:0.8", "target": "0"}
{"source": "wmc:12.0 dit:2.0 noc:0.0 cbo:5.0 rfc:24.0 lcom:46.0 ca:1.0 ce:4.0 npm:10.0 lcom3:1.0 loc:145.0 dam:0.166666667 moa:0.0 mfa:0.55 cam:0.5 ic:1.0 cbm:6.0 amc:10.58333333 max_cc:2.0 avg_cc:0.8333", "target": "0"}
{"source": "wmc:10.0 dit:2.0 noc:0.0 cbo:5.0 rfc:19.0 lcom:5.0 ca:2.0 ce:3.0 npm:8.0 lcom3:0.740740741 loc:223.0 dam:1.0 moa:0.0 mfa:0.3 cam:0.228571429 ic:1.0 cbm:2.0 amc:21.0 max_cc:3.0 avg_cc:1.2", "target": "0"}
{"source": "wmc:7.0 dit:1.0 noc:0.0 cbo:17.0 rfc:51.0 lcom:3.0 ca:0.0 ce:17.0 npm:6.0 lcom3:0.083333333 loc:282.0 dam:1.0 moa:1.0 mfa:0.0 cam:0.303571429 ic:0.0 cbm:0.0 amc:39.0 max_cc:6.0 avg_cc:1.8571", "target": "0"}
{"source": "wmc:9.0 dit:2.0 noc:0.0 cbo:4.0 rfc:13.0 lcom:36.0 ca:2.0 ce:2.0 npm:9.0 lcom3:1.125 loc:62.0 dam:0.0 moa:0.0 mfa:0.3 cam:0.333333333 ic:0.0 cbm:0.0 amc:5.666666667 max_cc:1.0 avg_cc:0.7778", "target": "0"}
{"source": "wmc:4.0 dit:1.0 noc:0.0 cbo:2.0 rfc:24.0 lcom:4.0 ca:1.0 ce:1.0 npm:2.0 lcom3:0.333333333 loc:146.0 dam:1.0 moa:0.0 mfa:0.0 cam:0.466666667 ic:0.0 cbm:0.0 amc:35.25 max_cc:3.0 avg_cc:1.25", "target": "0"}
{"source": "wmc:12.0 dit:2.0 noc:0.0 cbo:6.0 rfc:23.0 lcom:46.0 ca:2.0 ce:4.0 npm:10.0 lcom3:0.818181818 loc:122.0 dam:0.5 moa:0.0 mfa:0.55 cam:0.4 ic:1.0 cbm:6.0 amc:9.0 max_cc:2.0 avg_cc:0.8333", "target": "0"}
{"source": "wmc:25.0 dit:2.0 noc:0.0 cbo:13.0 rfc:74.0 lcom:94.0 ca:3.0 ce:10.0 npm:20.0 lcom3:0.897435897 loc:490.0 dam:0.384615385 moa:2.0 mfa:0.333333333 cam:0.262857143 ic:2.0 cbm:7.0 amc:18.08 max_cc:6.0 avg_cc:1.52", "target": "0"}
{"source": "wmc:6.0 dit:1.0 noc:0.0 cbo:17.0 rfc:45.0 lcom:5.0 ca:1.0 ce:17.0 npm:6.0 lcom3:0.55 loc:247.0 dam:0.0 moa:2.0 mfa:0.0 cam:0.375 ic:0.0 cbm:0.0 amc:39.5 max_cc:10.0 avg_cc:2.6667", "target": "1"}
{"source": "wmc:7.0 dit:2.0 noc:0.0 cbo:6.0 rfc:14.0 lcom:9.0 ca:5.0 ce:2.0 npm:5.0 lcom3:0.5 loc:48.0 dam:1.0 moa:1.0 mfa:0.848484848 cam:0.342857143 ic:0.0 cbm:0.0 amc:5.714285714 max_cc:1.0 avg_cc:0.7143", "target": "0"}
{"source": "wmc:4.0 dit:2.0 noc:0.0 cbo:1.0 rfc:12.0 lcom:4.0 ca:0.0 ce:1.0 npm:4.0 lcom3:0.666666667 loc:44.0 dam:1.0 moa:0.0 mfa:0.888888889 cam:0.5 ic:1.0 cbm:1.0 amc:9.75 max_cc:2.0 avg_cc:1.25", "target": "0"}
{"source": "wmc:12.0 dit:2.0 noc:0.0 cbo:6.0 rfc:18.0 lcom:54.0 ca:4.0 ce:2.0 npm:8.0 lcom3:0.924242424 loc:222.0 dam:1.0 moa:1.0 mfa:0.230769231 cam:0.3125 ic:1.0 cbm:2.0 amc:17.0 max_cc:5.0 avg_cc:1.3333", "target": "0"}
{"source": "wmc:0.0 dit:1.0 noc:0.0 cbo:1.0 rfc:0.0 lcom:0.0 ca:1.0 ce:0.0 npm:0.0 lcom3:2.0 loc:5.0 dam:0.0 moa:0.0 mfa:0.0 cam:0.0 ic:0.0 cbm:0.0 amc:0.0 max_cc:0.0 avg_cc:0.0", "target": "0"}
{"source": "wmc:48.0 dit:2.0 noc:0.0 cbo:7.0 rfc:64.0 lcom:162.0 ca:3.0 ce:4.0 npm:46.0 lcom3:0.861702128 loc:891.0 dam:0.95 moa:12.0 mfa:0.196428571 cam:0.325 ic:1.0 cbm:6.0 amc:17.14583333 max_cc:3.0 avg_cc:1.0", "target": "0"}
{"source": "wmc:14.0 dit:2.0 noc:0.0 cbo:8.0 rfc:26.0 lcom:69.0 ca:4.0 ce:4.0 npm:12.0 lcom3:0.743589744 loc:188.0 dam:0.666666667 moa:0.0 mfa:0.5 cam:0.321428571 ic:1.0 cbm:6.0 amc:12.21428571 max_cc:3.0 avg_cc:1.1429", "target": "0"}
{"source": "wmc:17.0 dit:2.0 noc:0.0 cbo:9.0 rfc:32.0 lcom:74.0 ca:5.0 ce:4.0 npm:13.0 lcom3:0.75 loc:224.0 dam:0.75 moa:0.0 mfa:0.44 cam:0.294117647 ic:1.0 cbm:6.0 amc:11.94117647 max_cc:2.0 avg_cc:1.1176", "target": "0"}
{"source": "wmc:5.0 dit:2.0 noc:18.0 cbo:21.0 rfc:6.0 lcom:10.0 ca:20.0 ce:1.0 npm:5.0 lcom3:1.25 loc:13.0 dam:0.0 moa:0.0 mfa:0.636363636 cam:0.6 ic:0.0 cbm:0.0 amc:1.0 max_cc:1.0 avg_cc:0.8", "target": "0"}
{"source": "wmc:11.0 dit:1.0 noc:0.0 cbo:5.0 rfc:21.0 lcom:9.0 ca:2.0 ce:3.0 npm:11.0 lcom3:0.25 loc:92.0 dam:1.0 moa:0.0 mfa:0.0 cam:0.454545455 ic:0.0 cbm:0.0 amc:7.181818182 max_cc:1.0 avg_cc:0.6364", "target": "0"}
{"source": "wmc:20.0 dit:2.0 noc:0.0 cbo:5.0 rfc:32.0 lcom:114.0 ca:1.0 ce:4.0 npm:18.0 lcom3:0.789473684 loc:357.0 dam:0.833333333 moa:0.0 mfa:0.392857143 cam:0.45 ic:1.0 cbm:6.0 amc:16.55 max_cc:2.0 avg_cc:0.9", "target": "0"}
{"source": "wmc:24.0 dit:2.0 noc:0.0 cbo:6.0 rfc:42.0 lcom:0.0 ca:1.0 ce:5.0 npm:22.0 lcom3:0.818181818 loc:423.0 dam:0.636363636 moa:5.0 mfa:0.34375 cam:0.291666667 ic:1.0 cbm:6.0 amc:16.16666667 max_cc:2.0 avg_cc:0.9167", "target": "0"}
{"source": "wmc:22.0 dit:2.0 noc:0.0 cbo:8.0 rfc:35.0 lcom:169.0 ca:5.0 ce:3.0 npm:20.0 lcom3:0.946778711 loc:316.0 dam:0.352941176 moa:0.0 mfa:0.366666667 cam:0.443181818 ic:1.0 cbm:6.0 amc:12.59090909 max_cc:2.0 avg_cc:0.9091", "target": "1"}
{"source": "wmc:5.0 dit:1.0 noc:0.0 cbo:2.0 rfc:6.0 lcom:0.0 ca:1.0 ce:1.0 npm:5.0 lcom3:0.583333333 loc:43.0 dam:1.0 moa:2.0 mfa:0.0 cam:0.4 ic:0.0 cbm:0.0 amc:7.0 max_cc:1.0 avg_cc:0.8", "target": "0"}
{"source": "wmc:9.0 dit:1.0 noc:0.0 cbo:4.0 rfc:17.0 lcom:0.0 ca:1.0 ce:3.0 npm:7.0 lcom3:0.5 loc:234.0 dam:1.0 moa:1.0 mfa:0.0 cam:0.511111111 ic:0.0 cbm:0.0 amc:24.55555556 max_cc:2.0 avg_cc:1.1111", "target": "0"}
{"source": "wmc:38.0 dit:2.0 noc:0.0 cbo:6.0 rfc:61.0 lcom:367.0 ca:1.0 ce:5.0 npm:36.0 lcom3:0.854054054 loc:807.0 dam:0.933333333 moa:4.0 mfa:0.239130435 cam:0.276315789 ic:1.0 cbm:6.0 amc:19.84210526 max_cc:2.0 avg_cc:0.9474", "target": "0"}
{"source": "wmc:4.0 dit:1.0 noc:4.0 cbo:5.0 rfc:6.0 lcom:6.0 ca:4.0 ce:1.0 npm:1.0 lcom3:2.0 loc:15.0 dam:0.0 moa:0.0 mfa:0.0 cam:0.666666667 ic:0.0 cbm:0.0 amc:2.75 max_cc:1.0 avg_cc:0.75", "target": "0"}
{"source": "wmc:11.0 dit:2.0 noc:0.0 cbo:7.0 rfc:29.0 lcom:43.0 ca:2.0 ce:5.0 npm:9.0 lcom3:0.85 loc:154.0 dam:0.5 moa:0.0 mfa:0.578947368 cam:0.418181818 ic:1.0 cbm:6.0 amc:12.81818182 max_cc:2.0 avg_cc:0.9091", "target": "0"}
{"source": "wmc:11.0 dit:2.0 noc:0.0 cbo:5.0 rfc:21.0 lcom:43.0 ca:2.0 ce:3.0 npm:9.0 lcom3:0.85 loc:117.0 dam:0.0 moa:0.0 mfa:0.578947368 cam:0.418181818 ic:1.0 cbm:6.0 amc:9.454545455 max_cc:2.0 avg_cc:1.0", "target": "0"}
{"source": "wmc:5.0 dit:2.0 noc:0.0 cbo:3.0 rfc:20.0 lcom:0.0 ca:0.0 ce:3.0 npm:4.0 lcom3:0.5 loc:138.0 dam:1.0 moa:0.0 mfa:0.888888889 cam:0.5 ic:1.0 cbm:1.0 amc:26.2 max_cc:12.0 avg_cc:4.8", "target": "1"}
{"source": "wmc:1.0 dit:1.0 noc:0.0 cbo:2.0 rfc:1.0 lcom:0.0 ca:1.0 ce:1.0 npm:1.0 lcom3:2.0 loc:1.0 dam:0.0 moa:0.0 mfa:0.0 cam:1.0 ic:0.0 cbm:0.0 amc:0.0 max_cc:1.0 avg_cc:1.0", "target": "0"}
{"source": "wmc:1.0 dit:1.0 noc:0.0 cbo:13.0 rfc:1.0 lcom:0.0 ca:13.0 ce:0.0 npm:1.0 lcom3:2.0 loc:1.0 dam:0.0 moa:0.0 mfa:0.0 cam:1.0 ic:0.0 cbm:0.0 amc:0.0 max_cc:1.0 avg_cc:1.0", "target": "0"}
{"source": "wmc:10.0 dit:2.0 noc:0.0 cbo:8.0 rfc:21.0 lcom:0.0 ca:5.0 ce:3.0 npm:7.0 lcom3:0.388888889 loc:156.0 dam:1.0 moa:0.0 mfa:0.578947368 cam:0.5 ic:1.0 cbm:6.0 amc:14.4 max_cc:3.0 avg_cc:1.1", "target": "0"}
{"source": "wmc:8.0 dit:2.0 noc:0.0 cbo:5.0 rfc:20.0 lcom:4.0 ca:2.0 ce:4.0 npm:7.0 lcom3:0.8 loc:148.0 dam:0.6 moa:0.0 mfa:0.583333333 cam:0.375 ic:1.0 cbm:2.0 amc:16.875 max_cc:1.0 avg_cc:0.625", "target": "0"}
{"source": "wmc:19.0 dit:3.0 noc:0.0 cbo:4.0 rfc:29.0 lcom:171.0 ca:1.0 ce:3.0 npm:19.0 lcom3:1.055555556 loc:128.0 dam:0.0 moa:0.0 mfa:0.581395349 cam:0.526315789 ic:0.0 cbm:0.0 amc:5.684210526 max_cc:1.0 avg_cc:0.9474", "target": "1"}
{"source": "wmc:1.0 dit:1.0 noc:0.0 cbo:4.0 rfc:1.0 lcom:0.0 ca:3.0 ce:1.0 npm:1.0 lcom3:2.0 loc:1.0 dam:0.0 moa:0.0 mfa:0.0 cam:1.0 ic:0.0 cbm:0.0 amc:0.0 max_cc:1.0 avg_cc:1.0", "target": "0"}
{"source": "wmc:12.0 dit:2.0 noc:0.0 cbo:6.0 rfc:22.0 lcom:46.0 ca:3.0 ce:3.0 npm:10.0 lcom3:0.818181818 loc:128.0 dam:0.5 moa:0.0 mfa:0.55 cam:0.4 ic:1.0 cbm:6.0 amc:9.5 max_cc:2.0 avg_cc:1.0", "target": "0"}
{"source": "wmc:8.0 dit:2.0 noc:1.0 cbo:11.0 rfc:37.0 lcom:0.0 ca:7.0 ce:5.0 npm:6.0 lcom3:0.357142857 loc:278.0 dam:1.0 moa:0.0 mfa:0.823529412 cam:0.375 ic:1.0 cbm:1.0 amc:33.5 max_cc:6.0 avg_cc:1.625", "target": "0"}
{"source": "wmc:22.0 dit:2.0 noc:0.0 cbo:9.0 rfc:51.0 lcom:89.0 ca:3.0 ce:7.0 npm:22.0 lcom3:0.721088435 loc:417.0 dam:0.857142857 moa:2.0 mfa:0.269230769 cam:0.233766234 ic:1.0 cbm:2.0 amc:17.63636364 max_cc:5.0 avg_cc:1.0455", "target": "0"}
{"source": "wmc:12.0 dit:2.0 noc:0.0 cbo:5.0 rfc:24.0 lcom:46.0 ca:1.0 ce:4.0 npm:10.0 lcom3:0.818181818 loc:141.0 dam:0.5 moa:0.0 mfa:0.55 cam:0.5 ic:1.0 cbm:6.0 amc:10.58333333 max_cc:2.0 avg_cc:0.8333", "target": "0"}
{"source": "wmc:18.0 dit:1.0 noc:0.0 cbo:32.0 rfc:19.0 lcom:107.0 ca:32.0 ce:0.0 npm:18.0 lcom3:0.382352941 loc:170.0 dam:1.0 moa:0.0 mfa:0.0 cam:0.433333333 ic:0.0 cbm:0.0 amc:8.333333333 max_cc:2.0 avg_cc:1.2222", "target": "0"}
{"source": "wmc:10.0 dit:2.0 noc:0.0 cbo:0.0 rfc:19.0 lcom:0.0 ca:0.0 ce:0.0 npm:10.0 lcom3:0.0 loc:86.0 dam:1.0 moa:0.0 mfa:0.5 cam:0.32 ic:1.0 cbm:2.0 amc:7.5 max_cc:1.0 avg_cc:0.9", "target": "0"}
{"source": "wmc:26.0 dit:2.0 noc:0.0 cbo:6.0 rfc:46.0 lcom:153.0 ca:1.0 ce:5.0 npm:24.0 lcom3:0.8 loc:501.0 dam:0.888888889 moa:2.0 mfa:0.323529412 cam:0.346153846 ic:1.0 cbm:6.0 amc:17.92307692 max_cc:2.0 avg_cc:0.9231", "target": "0"}
{"source": "wmc:11.0 dit:2.0 noc:0.0 cbo:5.0 rfc:21.0 lcom:49.0 ca:2.0 ce:3.0 npm:9.0 lcom3:0.975 loc:108.0 dam:0.25 moa:0.0 mfa:0.578947368 cam:0.522727273 ic:1.0 cbm:6.0 amc:8.454545455 max_cc:2.0 avg_cc:0.8182", "target": "0"}
{"source": "wmc:84.0 dit:1.0 noc:0.0 cbo:87.0 rfc:269.0 lcom:2582.0 ca:45.0 ce:43.0 npm:46.0 lcom3:0.907321594 loc:3213.0 dam:1.0 moa:4.0 mfa:0.0 cam:0.168674699 ic:0.0 cbm:0.0 amc:37.0952381 max_cc:19.0 avg_cc:1.9286", "target": "1"}
{"source": "wmc:6.0 dit:1.0 noc:0.0 cbo:2.0 rfc:8.0 lcom:15.0 ca:2.0 ce:0.0 npm:6.0 lcom3:1.2 loc:139.0 dam:0.0 moa:0.0 mfa:0.0 cam:0.333333333 ic:0.0 cbm:0.0 amc:22.0 max_cc:4.0 avg_cc:2.0", "target": "0"}
{"source": "wmc:10.0 dit:2.0 noc:0.0 cbo:4.0 rfc:14.0 lcom:45.0 ca:2.0 ce:2.0 npm:10.0 lcom3:1.111111111 loc:67.0 dam:0.333333333 moa:0.0 mfa:0.272727273 cam:0.32 ic:0.0 cbm:0.0 amc:5.4 max_cc:1.0 avg_cc:0.8", "target": "1"}
{"source": "wmc:23.0 dit:2.0 noc:0.0 cbo:2.0 rfc:24.0 lcom:253.0 ca:1.0 ce:1.0 npm:23.0 lcom3:2.0 loc:49.0 dam:0.0 moa:0.0 mfa:0.52173913 cam:0.669565217 ic:1.0 cbm:2.0 amc:1.130434783 max_cc:1.0 avg_cc:0.9565", "target": "1"}
{"source": "wmc:4.0 dit:4.0 noc:0.0 cbo:3.0 rfc:8.0 lcom:6.0 ca:2.0 ce:1.0 npm:4.0 lcom3:2.0 loc:20.0 dam:0.0 moa:0.0 mfa:1.0 cam:0.666666667 ic:0.0 cbm:0.0 amc:4.0 max_cc:0.0 avg_cc:0.0", "target": "0"}
{"source": "wmc:11.0 dit:2.0 noc:0.0 cbo:5.0 rfc:21.0 lcom:49.0 ca:2.0 ce:3.0 npm:9.0 lcom3:1.0 loc:109.0 dam:0.2 moa:0.0 mfa:0.578947368 cam:0.522727273 ic:1.0 cbm:6.0 amc:8.454545455 max_cc:2.0 avg_cc:0.8182", "target": "0"}
{"source": "wmc:14.0 dit:2.0 noc:0.0 cbo:5.0 rfc:24.0 lcom:69.0 ca:2.0 ce:3.0 npm:12.0 lcom3:0.769230769 loc:155.0 dam:0.666666667 moa:0.0 mfa:0.5 cam:0.482142857 ic:1.0 cbm:6.0 amc:9.857142857 max_cc:2.0 avg_cc:0.8571", "target": "0"}
{"source": "wmc:10.0 dit:1.0 noc:2.0 cbo:6.0 rfc:14.0 lcom:19.0 ca:3.0 ce:4.0 npm:6.0 lcom3:0.611111111 loc:71.0 dam:1.0 moa:2.0 mfa:0.0 cam:0.325 ic:0.0 cbm:0.0 amc:5.9 max_cc:3.0 avg_cc:1.3", "target": "0"}
{"source": "wmc:10.0 dit:2.0 noc:0.0 cbo:4.0 rfc:18.0 lcom:33.0 ca:2.0 ce:3.0 npm:9.0 lcom3:0.866666667 loc:89.0 dam:0.6 moa:0.0 mfa:0.5 cam:0.283333333 ic:1.0 cbm:2.0 amc:7.4 max_cc:1.0 avg_cc:0.7", "target": "0"}
{"source": "wmc:1.0 dit:1.0 noc:0.0 cbo:0.0 rfc:2.0 lcom:0.0 ca:0.0 ce:0.0 npm:1.0 lcom3:2.0 loc:51.0 dam:0.0 moa:0.0 mfa:0.0 cam:1.0 ic:0.0 cbm:0.0 amc:3.0 max_cc:0.0 avg_cc:0.0", "target": "0"}
{"source": "wmc:37.0 dit:2.0 noc:0.0 cbo:10.0 rfc:54.0 lcom:348.0 ca:6.0 ce:4.0 npm:35.0 lcom3:0.843253968 loc:661.0 dam:0.928571429 moa:5.0 mfa:0.244444444 cam:0.279279279 ic:1.0 cbm:6.0 amc:16.48648649 max_cc:4.0 avg_cc:1.1351", "target": "0"}
{"source": "wmc:12.0 dit:2.0 noc:0.0 cbo:5.0 rfc:22.0 lcom:54.0 ca:2.0 ce:3.0 npm:10.0 lcom3:0.818181818 loc:117.0 dam:0.5 moa:0.0 mfa:0.55 cam:0.5 ic:1.0 cbm:6.0 amc:8.583333333 max_cc:2.0 avg_cc:0.8333", "target": "0"}
{"source": "wmc:12.0 dit:2.0 noc:0.0 cbo:4.0 rfc:24.0 lcom:46.0 ca:0.0 ce:4.0 npm:10.0 lcom3:0.818181818 loc:141.0 dam:0.5 moa:0.0 mfa:0.55 cam:0.5 ic:1.0 cbm:6.0 amc:10.58333333 max_cc:2.0 avg_cc:0.8333", "target": "0"}
{"source": "wmc:22.0 dit:1.0 noc:1.0 cbo:14.0 rfc:56.0 lcom:197.0 ca:4.0 ce:10.0 npm:16.0 lcom3:0.813852814 loc:378.0 dam:0.545454545 moa:1.0 mfa:0.0 cam:0.369047619 ic:0.0 cbm:0.0 amc:15.68181818 max_cc:4.0 avg_cc:1.0455", "target": "1"}
{"source": "wmc:20.0 dit:2.0 noc:0.0 cbo:6.0 rfc:32.0 lcom:114.0 ca:2.0 ce:4.0 npm:18.0 lcom3:0.894736842 loc:361.0 dam:0.5 moa:0.0 mfa:0.392857143 cam:0.45 ic:1.0 cbm:6.0 amc:16.55 max_cc:2.0 avg_cc:0.9", "target": "0"}
{"source": "wmc:2.0 dit:1.0 noc:0.0 cbo:5.0 rfc:2.0 lcom:1.0 ca:5.0 ce:0.0 npm:2.0 lcom3:2.0 loc:2.0 dam:0.0 moa:0.0 mfa:0.0 cam:0.75 ic:0.0 cbm:0.0 amc:0.0 max_cc:1.0 avg_cc:1.0", "target": "0"}
{"source": "wmc:14.0 dit:2.0 noc:0.0 cbo:8.0 rfc:34.0 lcom:41.0 ca:1.0 ce:7.0 npm:12.0 lcom3:0.711538462 loc:225.0 dam:0.0 moa:0.0 mfa:0.458333333 cam:0.285714286 ic:1.0 cbm:5.0 amc:14.78571429 max_cc:9.0 avg_cc:2.0", "target": "1"}
{"source": "wmc:13.0 dit:2.0 noc:0.0 cbo:8.0 rfc:32.0 lcom:52.0 ca:4.0 ce:4.0 npm:11.0 lcom3:0.933333333 loc:1216.0 dam:0.4 moa:0.0 mfa:0.55 cam:0.415384615 ic:1.0 cbm:6.0 amc:92.15384615 max_cc:4.0 avg_cc:1.3846", "target": "1"}
{"source": "wmc:8.0 dit:1.0 noc:0.0 cbo:4.0 rfc:28.0 lcom:0.0 ca:2.0 ce:2.0 npm:7.0 lcom3:0.571428571 loc:426.0 dam:1.0 moa:1.0 mfa:0.0 cam:0.25 ic:0.0 cbm:0.0 amc:51.75 max_cc:7.0 avg_cc:3.0", "target": "0"}
{"source": "wmc:35.0 dit:1.0 noc:0.0 cbo:156.0 rfc:43.0 lcom:595.0 ca:154.0 ce:2.0 npm:32.0 lcom3:2.0 loc:379.0 dam:0.0 moa:0.0 mfa:0.0 cam:0.2 ic:0.0 cbm:0.0 amc:9.828571429 max_cc:2.0 avg_cc:1.2", "target": "0"}
{"source": "wmc:7.0 dit:2.0 noc:0.0 cbo:2.0 rfc:8.0 lcom:21.0 ca:0.0 ce:2.0 npm:7.0 lcom3:1.0 loc:26.0 dam:1.0 moa:0.0 mfa:0.583333333 cam:0.428571429 ic:1.0 cbm:2.0 amc:2.571428571 max_cc:1.0 avg_cc:0.7143", "target": "0"}
{"source": "wmc:2.0 dit:1.0 noc:0.0 cbo:5.0 rfc:2.0 lcom:1.0 ca:5.0 ce:0.0 npm:2.0 lcom3:2.0 loc:2.0 dam:0.0 moa:0.0 mfa:0.0 cam:0.75 ic:0.0 cbm:0.0 amc:0.0 max_cc:1.0 avg_cc:1.0", "target": "0"}
{"source": "wmc:11.0 dit:2.0 noc:0.0 cbo:5.0 rfc:21.0 lcom:49.0 ca:2.0 ce:3.0 npm:9.0 lcom3:0.933333333 loc:106.0 dam:0.333333333 moa:0.0 mfa:0.578947368 cam:0.522727273 ic:1.0 cbm:6.0 amc:8.363636364 max_cc:2.0 avg_cc:0.8182", "target": "0"}
{"source": "wmc:2.0 dit:1.0 noc:0.0 cbo:3.0 rfc:16.0 lcom:1.0 ca:1.0 ce:2.0 npm:2.0 lcom3:2.0 loc:231.0 dam:0.0 moa:0.0 mfa:0.0 cam:0.5 ic:0.0 cbm:0.0 amc:114.5 max_cc:17.0 avg_cc:8.5", "target": "0"}
{"source": "wmc:5.0 dit:1.0 noc:0.0 cbo:3.0 rfc:21.0 lcom:0.0 ca:2.0 ce:1.0 npm:4.0 lcom3:0.5 loc:149.0 dam:1.0 moa:1.0 mfa:0.0 cam:0.7 ic:0.0 cbm:0.0 amc:28.4 max_cc:2.0 avg_cc:1.2", "target": "0"}
{"source": "wmc:24.0 dit:2.0 noc:0.0 cbo:6.0 rfc:41.0 lcom:38.0 ca:1.0 ce:5.0 npm:22.0 lcom3:0.75 loc:429.0 dam:0.875 moa:4.0 mfa:0.34375 cam:0.35 ic:1.0 cbm:6.0 amc:16.54166667 max_cc:2.0 avg_cc:0.9167", "target": "0"}
{"source": "wmc:11.0 dit:2.0 noc:0.0 cbo:6.0 rfc:21.0 lcom:49.0 ca:3.0 ce:3.0 npm:9.0 lcom3:0.85 loc:106.0 dam:0.5 moa:0.0 mfa:0.578947368 cam:0.522727273 ic:1.0 cbm:6.0 amc:8.454545455 max_cc:2.0 avg_cc:0.8182", "target": "0"}
{"source": "wmc:10.0 dit:1.0 noc:0.0 cbo:15.0 rfc:62.0 lcom:15.0 ca:2.0 ce:13.0 npm:6.0 lcom3:0.644444444 loc:785.0 dam:1.0 moa:0.0 mfa:0.0 cam:0.172839506 ic:0.0 cbm:0.0 amc:77.0 max_cc:8.0 avg_cc:2.0", "target": "0"}
{"source": "wmc:54.0 dit:1.0 noc:0.0 cbo:32.0 rfc:140.0 lcom:651.0 ca:3.0 ce:29.0 npm:7.0 lcom3:0.766925638 loc:1806.0 dam:0.705882353 moa:1.0 mfa:0.0 cam:0.174004193 ic:0.0 cbm:0.0 amc:32.12962963 max_cc:14.0 avg_cc:3.0556", "target": "1"}
{"source": "wmc:8.0 dit:1.0 noc:0.0 cbo:8.0 rfc:19.0 lcom:0.0 ca:7.0 ce:1.0 npm:8.0 lcom3:0.642857143 loc:333.0 dam:0.5 moa:0.0 mfa:0.0 cam:0.46875 ic:0.0 cbm:0.0 amc:40.375 max_cc:6.0 avg_cc:2.125", "target": "0"}
{"source": "wmc:6.0 dit:1.0 noc:0.0 cbo:5.0 rfc:25.0 lcom:7.0 ca:2.0 ce:3.0 npm:4.0 lcom3:0.75 loc:230.0 dam:1.0 moa:0.0 mfa:0.0 cam:0.55 ic:0.0 cbm:0.0 amc:36.66666667 max_cc:9.0 avg_cc:2.0", "target": "1"}
{"source": "wmc:24.0 dit:2.0 noc:0.0 cbo:6.0 rfc:41.0 lcom:82.0 ca:1.0 ce:5.0 npm:22.0 lcom3:0.766304348 loc:438.0 dam:0.875 moa:3.0 mfa:0.34375 cam:0.35 ic:1.0 cbm:6.0 amc:16.91666667 max_cc:2.0 avg_cc:0.9167", "target": "0"}
{"source": "wmc:4.0 dit:1.0 noc:0.0 cbo:6.0 rfc:16.0 lcom:4.0 ca:1.0 ce:6.0 npm:4.0 lcom3:0.333333333 loc:82.0 dam:0.0 moa:0.0 mfa:0.0 cam:0.416666667 ic:0.0 cbm:0.0 amc:19.25 max_cc:3.0 avg_cc:1.25", "target": "1"}
{"source": "wmc:3.0 dit:1.0 noc:0.0 cbo:3.0 rfc:8.0 lcom:0.0 ca:3.0 ce:0.0 npm:3.0 lcom3:0.0 loc:32.0 dam:0.0 moa:0.0 mfa:0.0 cam:0.666666667 ic:0.0 cbm:0.0 amc:9.333333333 max_cc:1.0 avg_cc:0.6667", "target": "0"}
{"source": "wmc:37.0 dit:2.0 noc:0.0 cbo:12.0 rfc:80.0 lcom:470.0 ca:6.0 ce:6.0 npm:32.0 lcom3:0.863425926 loc:866.0 dam:0.833333333 moa:0.0 mfa:0.244444444 cam:0.219594595 ic:1.0 cbm:6.0 amc:22.08108108 max_cc:7.0 avg_cc:1.8919", "target": "0"}
{"source": "wmc:44.0 dit:2.0 noc:0.0 cbo:6.0 rfc:61.0 lcom:312.0 ca:1.0 ce:5.0 npm:42.0 lcom3:0.860465116 loc:933.0 dam:0.944444444 moa:8.0 mfa:0.211538462 cam:0.327272727 ic:1.0 cbm:6.0 amc:19.79545455 max_cc:2.0 avg_cc:0.9545", "target": "0"}
{"source": "wmc:6.0 dit:3.0 noc:0.0 cbo:1.0 rfc:15.0 lcom:15.0 ca:1.0 ce:0.0 npm:6.0 lcom3:1.178378378 loc:287.0 dam:0.054054054 moa:2.0 mfa:0.915254237 cam:0.3 ic:1.0 cbm:2.0 amc:40.66666667 max_cc:2.0 avg_cc:1.1667", "target": "0"}
{"source": "wmc:12.0 dit:2.0 noc:0.0 cbo:4.0 rfc:24.0 lcom:46.0 ca:0.0 ce:4.0 npm:10.0 lcom3:0.818181818 loc:141.0 dam:0.5 moa:0.0 mfa:0.55 cam:0.5 ic:1.0 cbm:6.0 amc:10.58333333 max_cc:2.0 avg_cc:0.8333", "target": "0"}
{"source": "wmc:2.0 dit:1.0 noc:0.0 cbo:3.0 rfc:5.0 lcom:0.0 ca:2.0 ce:1.0 npm:2.0 lcom3:0.0 loc:42.0 dam:0.0 moa:0.0 mfa:0.0 cam:0.833333333 ic:0.0 cbm:0.0 amc:19.0 max_cc:1.0 avg_cc:0.5", "target": "0"}
{"source": "wmc:4.0 dit:1.0 noc:0.0 cbo:6.0 rfc:4.0 lcom:6.0 ca:5.0 ce:2.0 npm:4.0 lcom3:2.0 loc:4.0 dam:0.0 moa:0.0 mfa:0.0 cam:0.666666667 ic:0.0 cbm:0.0 amc:0.0 max_cc:1.0 avg_cc:1.0", "target": "0"}
{"source": "wmc:22.0 dit:2.0 noc:0.0 cbo:5.0 rfc:34.0 lcom:141.0 ca:1.0 ce:4.0 npm:20.0 lcom3:0.957393484 loc:423.0 dam:0.315789474 moa:0.0 mfa:0.366666667 cam:0.443181818 ic:1.0 cbm:6.0 amc:17.36363636 max_cc:2.0 avg_cc:0.9091", "target": "0"}
{"source": "wmc:2.0 dit:1.0 noc:0.0 cbo:5.0 rfc:10.0 lcom:1.0 ca:1.0 ce:4.0 npm:0.0 lcom3:2.0 loc:82.0 dam:0.0 moa:0.0 mfa:0.0 cam:0.5 ic:0.0 cbm:0.0 amc:40.0 max_cc:1.0 avg_cc:0.5", "target": "0"}
{"source": "wmc:8.0 dit:2.0 noc:0.0 cbo:3.0 rfc:12.0 lcom:22.0 ca:1.0 ce:3.0 npm:7.0 lcom3:0.885714286 loc:102.0 dam:0.8 moa:0.0 mfa:0.583333333 cam:0.35 ic:1.0 cbm:2.0 amc:11.125 max_cc:1.0 avg_cc:0.625", "target": "0"}
{"source": "wmc:8.0 dit:3.0 noc:0.0 cbo:4.0 rfc:19.0 lcom:0.0 ca:2.0 ce:2.0 npm:7.0 lcom3:1.142857143 loc:161.0 dam:0.5 moa:0.0 mfa:0.772727273 cam:0.35 ic:1.0 cbm:5.0 amc:18.875 max_cc:1.0 avg_cc:0.625", "target": "0"}
{"source": "wmc:10.0 dit:2.0 noc:0.0 cbo:4.0 rfc:14.0 lcom:45.0 ca:2.0 ce:2.0 npm:10.0 lcom3:1.111111111 loc:52.0 dam:0.5 moa:0.0 mfa:0.272727273 cam:0.32 ic:0.0 cbm:0.0 amc:4.0 max_cc:1.0 avg_cc:0.8", "target": "0"}
{"source": "wmc:2.0 dit:1.0 noc:0.0 cbo:9.0 rfc:8.0 lcom:1.0 ca:2.0 ce:7.0 npm:2.0 lcom3:2.0 loc:24.0 dam:0.0 moa:0.0 mfa:0.0 cam:0.5 ic:0.0 cbm:0.0 amc:11.0 max_cc:1.0 avg_cc:0.5", "target": "0"}
{"source": "wmc:18.0 dit:2.0 noc:0.0 cbo:5.0 rfc:28.0 lcom:111.0 ca:2.0 ce:3.0 npm:16.0 lcom3:0.776470588 loc:231.0 dam:0.8 moa:0.0 mfa:0.423076923 cam:0.458333333 ic:1.0 cbm:6.0 amc:11.55555556 max_cc:2.0 avg_cc:0.8889", "target": "0"}
{"source": "wmc:16.0 dit:1.0 noc:0.0 cbo:3.0 rfc:17.0 lcom:78.0 ca:2.0 ce:1.0 npm:16.0 lcom3:0.533333333 loc:172.0 dam:1.0 moa:0.0 mfa:0.0 cam:0.291666667 ic:0.0 cbm:0.0 amc:9.5 max_cc:9.0 avg_cc:1.625", "target": "0"}
{"source": "wmc:6.0 dit:1.0 noc:0.0 cbo:6.0 rfc:6.0 lcom:15.0 ca:6.0 ce:1.0 npm:6.0 lcom3:2.0 loc:6.0 dam:0.0 moa:0.0 mfa:0.0 cam:0.583333333 ic:0.0 cbm:0.0 amc:0.0 max_cc:1.0 avg_cc:1.0", "target": "0"}
{"source": "wmc:5.0 dit:4.0 noc:2.0 cbo:5.0 rfc:7.0 lcom:4.0 ca:5.0 ce:0.0 npm:5.0 lcom3:0.5 loc:29.0 dam:1.0 moa:0.0 mfa:0.944444444 cam:0.6 ic:0.0 cbm:0.0 amc:4.6 max_cc:1.0 avg_cc:0.2", "target": "0"}
{"source": "wmc:8.0 dit:3.0 noc:0.0 cbo:3.0 rfc:15.0 lcom:26.0 ca:2.0 ce:1.0 npm:7.0 lcom3:0.857142857 loc:219.0 dam:0.25 moa:1.0 mfa:0.9 cam:0.342857143 ic:1.0 cbm:1.0 amc:25.875 max_cc:3.0 avg_cc:1.125", "target": "0"}
{"source": "wmc:24.0 dit:2.0 noc:0.0 cbo:5.0 rfc:41.0 lcom:0.0 ca:0.0 ce:5.0 npm:22.0 lcom3:0.717391304 loc:411.0 dam:0.875 moa:6.0 mfa:0.34375 cam:0.35 ic:1.0 cbm:6.0 amc:15.79166667 max_cc:2.0 avg_cc:0.9167", "target": "0"}
{"source": "wmc:5.0 dit:3.0 noc:0.0 cbo:3.0 rfc:7.0 lcom:4.0 ca:3.0 ce:0.0 npm:5.0 lcom3:0.5 loc:29.0 dam:1.0 moa:0.0 mfa:0.944444444 cam:0.6 ic:0.0 cbm:0.0 amc:4.6 max_cc:1.0 avg_cc:0.2", "target": "0"}
{"source": "wmc:9.0 dit:1.0 noc:0.0 cbo:121.0 rfc:151.0 lcom:32.0 ca:0.0 ce:121.0 npm:5.0 lcom3:0.75 loc:1303.0 dam:0.5 moa:0.0 mfa:0.0 cam:0.253968254 ic:0.0 cbm:0.0 amc:143.5555556 max_cc:117.0 avg_cc:14.2222", "target": "0"}
{"source": "wmc:12.0 dit:1.0 noc:0.0 cbo:8.0 rfc:25.0 lcom:24.0 ca:6.0 ce:2.0 npm:8.0 lcom3:0.863636364 loc:319.0 dam:1.0 moa:0.0 mfa:0.0 cam:0.214285714 ic:0.0 cbm:0.0 amc:25.25 max_cc:3.0 avg_cc:1.25", "target": "0"}
{"source": "wmc:5.0 dit:2.0 noc:0.0 cbo:8.0 rfc:16.0 lcom:10.0 ca:4.0 ce:4.0 npm:5.0 lcom3:2.0 loc:50.0 dam:0.0 moa:0.0 mfa:0.555555556 cam:0.5 ic:0.0 cbm:0.0 amc:9.0 max_cc:1.0 avg_cc:0.8", "target": "0"}
{"source": "wmc:5.0 dit:1.0 noc:0.0 cbo:8.0 rfc:24.0 lcom:2.0 ca:0.0 ce:8.0 npm:4.0 lcom3:0.666666667 loc:117.0 dam:0.0 moa:1.0 mfa:0.0 cam:0.36 ic:0.0 cbm:0.0 amc:21.8 max_cc:7.0 avg_cc:2.2", "target": "0"}
{"source": "wmc:13.0 dit:1.0 noc:0.0 cbo:41.0 rfc:35.0 lcom:60.0 ca:41.0 ce:0.0 npm:8.0 lcom3:0.333333333 loc:618.0 dam:0.666666667 moa:0.0 mfa:0.0 cam:0.212962963 ic:0.0 cbm:0.0 amc:46.30769231 max_cc:10.0 avg_cc:1.8462", "target": "1"}
{"source": "wmc:8.0 dit:1.0 noc:0.0 cbo:7.0 rfc:17.0 lcom:0.0 ca:2.0 ce:5.0 npm:7.0 lcom3:0.571428571 loc:134.0 dam:1.0 moa:2.0 mfa:0.0 cam:0.458333333 ic:0.0 cbm:0.0 amc:15.375 max_cc:3.0 avg_cc:1.375", "target": "1"}
{"source": "wmc:3.0 dit:1.0 noc:0.0 cbo:2.0 rfc:21.0 lcom:3.0 ca:0.0 ce:2.0 npm:2.0 lcom3:2.0 loc:112.0 dam:0.0 moa:0.0 mfa:0.0 cam:0.333333333 ic:0.0 cbm:0.0 amc:36.33333333 max_cc:4.0 avg_cc:2.3333", "target": "0"}
{"source": "wmc:12.0 dit:2.0 noc:0.0 cbo:5.0 rfc:22.0 lcom:54.0 ca:2.0 ce:3.0 npm:10.0 lcom3:0.981818182 loc:120.0 dam:0.2 moa:0.0 mfa:0.55 cam:0.5 ic:1.0 cbm:6.0 amc:8.583333333 max_cc:2.0 avg_cc:0.8333", "target": "0"}
{"source": "wmc:9.0 dit:2.0 noc:0.0 cbo:4.0 rfc:17.0 lcom:36.0 ca:1.0 ce:3.0 npm:7.0 lcom3:1.125 loc:72.0 dam:0.0 moa:0.0 mfa:0.647058824 cam:0.555555556 ic:1.0 cbm:6.0 amc:6.888888889 max_cc:2.0 avg_cc:0.7778", "target": "0"}
{"source": "wmc:4.0 dit:1.0 noc:0.0 cbo:5.0 rfc:5.0 lcom:0.0 ca:3.0 ce:2.0 npm:3.0 lcom3:0.666666667 loc:28.0 dam:1.0 moa:2.0 mfa:0.0 cam:0.4375 ic:0.0 cbm:0.0 amc:5.25 max_cc:1.0 avg_cc:0.75", "target": "0"}
{"source": "wmc:18.0 dit:2.0 noc:0.0 cbo:6.0 rfc:33.0 lcom:81.0 ca:1.0 ce:5.0 npm:16.0 lcom3:0.764705882 loc:308.0 dam:0.8 moa:0.0 mfa:0.423076923 cam:0.305555556 ic:1.0 cbm:6.0 amc:15.83333333 max_cc:2.0 avg_cc:0.8889", "target": "0"}
{"source": "wmc:10.0 dit:3.0 noc:0.0 cbo:5.0 rfc:13.0 lcom:3.0 ca:2.0 ce:3.0 npm:10.0 lcom3:0.722222222 loc:73.0 dam:0.5 moa:0.0 mfa:0.466666667 cam:0.4 ic:1.0 cbm:2.0 amc:6.1 max_cc:1.0 avg_cc:0.8", "target": "0"}
{"source": "wmc:4.0 dit:1.0 noc:0.0 cbo:5.0 rfc:8.0 lcom:0.0 ca:1.0 ce:4.0 npm:3.0 lcom3:0.0 loc:79.0 dam:1.0 moa:1.0 mfa:0.0 cam:0.5625 ic:0.0 cbm:0.0 amc:18.5 max_cc:5.0 avg_cc:2.0", "target": "0"}
{"source": "wmc:11.0 dit:1.0 noc:0.0 cbo:11.0 rfc:34.0 lcom:0.0 ca:2.0 ce:9.0 npm:10.0 lcom3:0.566666667 loc:210.0 dam:1.0 moa:1.0 mfa:0.0 cam:0.272727273 ic:0.0 cbm:0.0 amc:17.81818182 max_cc:3.0 avg_cc:1.0909", "target": "0"}
{"source": "wmc:11.0 dit:2.0 noc:0.0 cbo:5.0 rfc:21.0 lcom:43.0 ca:2.0 ce:3.0 npm:9.0 lcom3:0.85 loc:106.0 dam:0.5 moa:0.0 mfa:0.578947368 cam:0.522727273 ic:1.0 cbm:6.0 amc:8.454545455 max_cc:2.0 avg_cc:0.8182", "target": "0"}
{"source": "wmc:9.0 dit:1.0 noc:0.0 cbo:8.0 rfc:9.0 lcom:36.0 ca:5.0 ce:4.0 npm:9.0 lcom3:2.0 loc:9.0 dam:0.0 moa:0.0 mfa:0.0 cam:0.314814815 ic:0.0 cbm:0.0 amc:0.0 max_cc:1.0 avg_cc:1.0", "target": "0"}
{"source": "wmc:42.0 dit:1.0 noc:0.0 cbo:6.0 rfc:89.0 lcom:0.0 ca:4.0 ce:2.0 npm:41.0 lcom3:1.0 loc:361.0 dam:0.066666667 moa:1.0 mfa:0.0 cam:0.304761905 ic:0.0 cbm:0.0 amc:6.523809524 max_cc:5.0 avg_cc:1.0952", "target": "0"}
{"source": "wmc:13.0 dit:2.0 noc:0.0 cbo:5.0 rfc:24.0 lcom:56.0 ca:2.0 ce:3.0 npm:11.0 lcom3:0.777777778 loc:141.0 dam:0.666666667 moa:0.0 mfa:0.523809524 cam:0.5 ic:1.0 cbm:6.0 amc:9.615384615 max_cc:2.0 avg_cc:0.8462", "target": "0"}
{"source": "wmc:12.0 dit:2.0 noc:0.0 cbo:6.0 rfc:23.0 lcom:46.0 ca:2.0 ce:4.0 npm:10.0 lcom3:0.818181818 loc:122.0 dam:0.5 moa:0.0 mfa:0.55 cam:0.4 ic:1.0 cbm:6.0 amc:9.0 max_cc:2.0 avg_cc:0.8333", "target": "0"}
{"source": "wmc:10.0 dit:2.0 noc:0.0 cbo:3.0 rfc:12.0 lcom:3.0 ca:2.0 ce:2.0 npm:9.0 lcom3:0.916666667 loc:87.0 dam:0.5 moa:0.0 mfa:0.5 cam:0.283333333 ic:1.0 cbm:2.0 amc:7.3 max_cc:2.0 avg_cc:0.9", "target": "0"}
{"source": "wmc:11.0 dit:2.0 noc:0.0 cbo:5.0 rfc:21.0 lcom:49.0 ca:2.0 ce:3.0 npm:9.0 lcom3:0.85 loc:106.0 dam:0.5 moa:0.0 mfa:0.578947368 cam:0.522727273 ic:1.0 cbm:6.0 amc:8.454545455 max_cc:2.0 avg_cc:0.8182", "target": "0"}
{"source": "wmc:7.0 dit:2.0 noc:0.0 cbo:2.0 rfc:8.0 lcom:21.0 ca:1.0 ce:2.0 npm:7.0 lcom3:1.166666667 loc:32.0 dam:0.5 moa:0.0 mfa:0.583333333 cam:0.428571429 ic:1.0 cbm:2.0 amc:3.285714286 max_cc:1.0 avg_cc:0.7143", "target": "0"}
{"source": "wmc:26.0 dit:2.0 noc:0.0 cbo:6.0 rfc:46.0 lcom:117.0 ca:1.0 ce:5.0 npm:24.0 lcom3:0.936363636 loc:505.0 dam:0.363636364 moa:3.0 mfa:0.323529412 cam:0.346153846 ic:1.0 cbm:6.0 amc:17.57692308 max_cc:2.0 avg_cc:0.9231", "target": "0"}
{"source": "wmc:24.0 dit:2.0 noc:0.0 cbo:9.0 rfc:50.0 lcom:244.0 ca:3.0 ce:6.0 npm:22.0 lcom3:0.90821256 loc:402.0 dam:0.444444444 moa:0.0 mfa:0.34375 cam:0.284722222 ic:1.0 cbm:5.0 amc:15.375 max_cc:6.0 avg_cc:1.4583", "target": "0"}
{"source": "wmc:9.0 dit:2.0 noc:0.0 cbo:4.0 rfc:13.0 lcom:36.0 ca:2.0 ce:2.0 npm:9.0 lcom3:1.125 loc:62.0 dam:0.0 moa:0.0 mfa:0.3 cam:0.333333333 ic:0.0 cbm:0.0 amc:5.666666667 max_cc:1.0 avg_cc:0.7778", "target": "0"}
{"source": "wmc:7.0 dit:1.0 noc:0.0 cbo:7.0 rfc:20.0 lcom:9.0 ca:2.0 ce:5.0 npm:7.0 lcom3:0.833333333 loc:173.0 dam:1.0 moa:5.0 mfa:0.0 cam:0.571428571 ic:0.0 cbm:0.0 amc:22.85714286 max_cc:2.0 avg_cc:1.0", "target": "0"}
{"source": "wmc:11.0 dit:2.0 noc:0.0 cbo:5.0 rfc:21.0 lcom:49.0 ca:2.0 ce:3.0 npm:9.0 lcom3:0.933333333 loc:107.0 dam:0.333333333 moa:0.0 mfa:0.578947368 cam:0.522727273 ic:1.0 cbm:6.0 amc:8.454545455 max_cc:2.0 avg_cc:0.8182", "target": "0"}
{"source": "wmc:4.0 dit:1.0 noc:0.0 cbo:10.0 rfc:49.0 lcom:0.0 ca:0.0 ce:10.0 npm:4.0 lcom3:0.0 loc:492.0 dam:1.0 moa:2.0 mfa:0.0 cam:0.5625 ic:0.0 cbm:0.0 amc:121.0 max_cc:8.0 avg_cc:2.0", "target": "0"}
{"source": "wmc:9.0 dit:2.0 noc:0.0 cbo:4.0 rfc:13.0 lcom:36.0 ca:2.0 ce:2.0 npm:9.0 lcom3:1.125 loc:59.0 dam:0.0 moa:0.0 mfa:0.3 cam:0.333333333 ic:0.0 cbm:0.0 amc:5.333333333 max_cc:1.0 avg_cc:0.7778", "target": "0"}
{"source": "wmc:16.0 dit:1.0 noc:0.0 cbo:20.0 rfc:55.0 lcom:0.0 ca:9.0 ce:14.0 npm:14.0 lcom3:0.5 loc:453.0 dam:1.0 moa:3.0 mfa:0.0 cam:0.198863636 ic:0.0 cbm:0.0 amc:27.0625 max_cc:6.0 avg_cc:1.0625", "target": "0"}
{"source": "wmc:9.0 dit:2.0 noc:0.0 cbo:5.0 rfc:17.0 lcom:36.0 ca:2.0 ce:3.0 npm:7.0 lcom3:1.125 loc:72.0 dam:0.0 moa:0.0 mfa:0.647058824 cam:0.555555556 ic:1.0 cbm:6.0 amc:6.888888889 max_cc:2.0 avg_cc:0.7778", "target": "0"}
{"source": "wmc:9.0 dit:1.0 noc:0.0 cbo:10.0 rfc:20.0 lcom:0.0 ca:10.0 ce:0.0 npm:9.0 lcom3:0.25 loc:294.0 dam:1.0 moa:0.0 mfa:0.0 cam:0.311111111 ic:1.0 cbm:1.0 amc:31.44444444 max_cc:7.0 avg_cc:1.8889", "target": "1"}
{"source": "wmc:32.0 dit:1.0 noc:3.0 cbo:19.0 rfc:65.0 lcom:290.0 ca:13.0 ce:6.0 npm:18.0 lcom3:0.962648557 loc:732.0 dam:1.0 moa:16.0 mfa:0.0 cam:0.17578125 ic:0.0 cbm:0.0 amc:20.6875 max_cc:3.0 avg_cc:1.1563", "target": "0"}
{"source": "wmc:14.0 dit:2.0 noc:0.0 cbo:6.0 rfc:28.0 lcom:61.0 ca:3.0 ce:3.0 npm:11.0 lcom3:0.807692308 loc:245.0 dam:0.5 moa:0.0 mfa:0.5 cam:0.5 ic:1.0 cbm:5.0 amc:16.35714286 max_cc:4.0 avg_cc:1.0714", "target": "0"}
{"source": "wmc:6.0 dit:1.0 noc:48.0 cbo:49.0 rfc:56.0 lcom:15.0 ca:49.0 ce:46.0 npm:6.0 lcom3:1.2 loc:923.0 dam:1.0 moa:0.0 mfa:0.0 cam:0.666666667 ic:0.0 cbm:0.0 amc:152.5 max_cc:1.0 avg_cc:0.8333", "target": "0"}
{"source": "wmc:12.0 dit:2.0 noc:0.0 cbo:5.0 rfc:22.0 lcom:54.0 ca:2.0 ce:3.0 npm:10.0 lcom3:0.954545455 loc:119.0 dam:0.25 moa:0.0 mfa:0.55 cam:0.5 ic:1.0 cbm:6.0 amc:8.583333333 max_cc:2.0 avg_cc:0.8333", "target": "0"}
{"source": "wmc:17.0 dit:2.0 noc:0.0 cbo:7.0 rfc:32.0 lcom:72.0 ca:3.0 ce:4.0 npm:15.0 lcom3:0.791666667 loc:282.0 dam:0.833333333 moa:0.0 mfa:0.44 cam:0.268907563 ic:1.0 cbm:6.0 amc:15.23529412 max_cc:4.0 avg_cc:1.2941", "target": "0"}
{"source": "wmc:12.0 dit:2.0 noc:0.0 cbo:5.0 rfc:22.0 lcom:46.0 ca:2.0 ce:3.0 npm:10.0 lcom3:0.818181818 loc:127.0 dam:0.5 moa:0.0 mfa:0.55 cam:0.4 ic:1.0 cbm:6.0 amc:9.416666667 max_cc:2.0 avg_cc:1.0", "target": "0"}
{"source": "wmc:10.0 dit:2.0 noc:0.0 cbo:6.0 rfc:18.0 lcom:45.0 ca:3.0 ce:3.0 npm:8.0 lcom3:1.111111111 loc:79.0 dam:0.0 moa:0.0 mfa:0.611111111 cam:0.525 ic:1.0 cbm:6.0 amc:6.8 max_cc:2.0 avg_cc:0.8", "target": "0"}
{"source": "wmc:9.0 dit:2.0 noc:0.0 cbo:4.0 rfc:13.0 lcom:36.0 ca:2.0 ce:2.0 npm:9.0 lcom3:1.125 loc:62.0 dam:0.0 moa:0.0 mfa:0.3 cam:0.333333333 ic:0.0 cbm:0.0 amc:5.666666667 max_cc:1.0 avg_cc:0.7778", "target": "0"}
{"source": "wmc:12.0 dit:2.0 noc:0.0 cbo:5.0 rfc:24.0 lcom:46.0 ca:1.0 ce:4.0 npm:10.0 lcom3:0.981818182 loc:144.0 dam:0.2 moa:0.0 mfa:0.55 cam:0.5 ic:1.0 cbm:6.0 amc:10.58333333 max_cc:2.0 avg_cc:0.8333", "target": "0"}
{"source": "wmc:2.0 dit:1.0 noc:0.0 cbo:3.0 rfc:5.0 lcom:0.0 ca:1.0 ce:2.0 npm:1.0 lcom3:0.0 loc:49.0 dam:1.0 moa:1.0 mfa:0.0 cam:0.6 ic:0.0 cbm:0.0 amc:22.0 max_cc:5.0 avg_cc:2.5", "target": "0"}
{"source": "wmc:12.0 dit:2.0 noc:0.0 cbo:4.0 rfc:24.0 lcom:36.0 ca:1.0 ce:3.0 npm:10.0 lcom3:0.772727273 loc:143.0 dam:0.5 moa:0.0 mfa:0.55 cam:0.4 ic:1.0 cbm:6.0 amc:10.75 max_cc:2.0 avg_cc:0.8333", "target": "0"}
{"source": "wmc:12.0 dit:1.0 noc:16.0 cbo:46.0 rfc:56.0 lcom:60.0 ca:25.0 ce:35.0 npm:12.0 lcom3:1.0 loc:415.0 dam:0.25 moa:0.0 mfa:0.0 cam:0.283333333 ic:0.0 cbm:0.0 amc:33.25 max_cc:4.0 avg_cc:1.1667", "target": "1"}
{"source": "wmc:10.0 dit:2.0 noc:0.0 cbo:4.0 rfc:14.0 lcom:45.0 ca:2.0 ce:2.0 npm:10.0 lcom3:1.111111111 loc:63.0 dam:0.333333333 moa:0.0 mfa:0.272727273 cam:0.32 ic:0.0 cbm:0.0 amc:5.0 max_cc:1.0 avg_cc:0.8", "target": "0"}
{"source": "wmc:20.0 dit:2.0 noc:0.0 cbo:14.0 rfc:65.0 lcom:94.0 ca:3.0 ce:14.0 npm:15.0 lcom3:0.649122807 loc:327.0 dam:1.0 moa:2.0 mfa:0.321428571 cam:0.154545455 ic:1.0 cbm:1.0 amc:15.2 max_cc:3.0 avg_cc:1.15", "target": "0"}
{"source": "wmc:3.0 dit:1.0 noc:0.0 cbo:1.0 rfc:30.0 lcom:3.0 ca:0.0 ce:1.0 npm:2.0 lcom3:2.0 loc:315.0 dam:0.0 moa:0.0 mfa:0.0 cam:0.333333333 ic:0.0 cbm:0.0 amc:104.0 max_cc:1.0 avg_cc:0.6667", "target": "0"}
{"source": "wmc:10.0 dit:2.0 noc:0.0 cbo:4.0 rfc:18.0 lcom:45.0 ca:1.0 ce:3.0 npm:8.0 lcom3:1.111111111 loc:87.0 dam:0.0 moa:0.0 mfa:0.611111111 cam:0.525 ic:1.0 cbm:6.0 amc:7.6 max_cc:2.0 avg_cc:0.8", "target": "0"}
{"source": "wmc:10.0 dit:1.0 noc:0.0 cbo:13.0 rfc:10.0 lcom:45.0 ca:13.0 ce:0.0 npm:10.0 lcom3:2.0 loc:10.0 dam:0.0 moa:0.0 mfa:0.0 cam:0.4 ic:0.0 cbm:0.0 amc:0.0 max_cc:1.0 avg_cc:1.0", "target": "0"}
{"source": "wmc:11.0 dit:2.0 noc:0.0 cbo:5.0 rfc:21.0 lcom:49.0 ca:2.0 ce:3.0 npm:9.0 lcom3:0.85 loc:106.0 dam:0.5 moa:0.0 mfa:0.578947368 cam:0.522727273 ic:1.0 cbm:6.0 amc:8.454545455 max_cc:2.0 avg_cc:0.8182", "target": "0"}
{"source": "wmc:11.0 dit:2.0 noc:0.0 cbo:5.0 rfc:21.0 lcom:43.0 ca:2.0 ce:3.0 npm:9.0 lcom3:0.85 loc:116.0 dam:0.5 moa:0.0 mfa:0.578947368 cam:0.418181818 ic:1.0 cbm:6.0 amc:9.363636364 max_cc:2.0 avg_cc:1.0", "target": "0"}
{"source": "wmc:10.0 dit:1.0 noc:0.0 cbo:4.0 rfc:31.0 lcom:3.0 ca:1.0 ce:3.0 npm:9.0 lcom3:0.222222222 loc:183.0 dam:0.0 moa:0.0 mfa:0.0 cam:0.333333333 ic:0.0 cbm:0.0 amc:17.2 max_cc:2.0 avg_cc:1.3", "target": "0"}
{"source": "wmc:12.0 dit:1.0 noc:0.0 cbo:6.0 rfc:30.0 lcom:34.0 ca:6.0 ce:0.0 npm:9.0 lcom3:0.690909091 loc:306.0 dam:1.0 moa:0.0 mfa:0.0 cam:0.375 ic:0.0 cbm:0.0 amc:24.08333333 max_cc:6.0 avg_cc:1.5833", "target": "0"}
{"source": "wmc:12.0 dit:2.0 noc:0.0 cbo:5.0 rfc:23.0 lcom:54.0 ca:2.0 ce:3.0 npm:10.0 lcom3:0.909090909 loc:117.0 dam:0.333333333 moa:0.0 mfa:0.55 cam:0.4 ic:1.0 cbm:6.0 amc:8.5 max_cc:2.0 avg_cc:0.8333", "target": "0"}
{"source": "wmc:10.0 dit:2.0 noc:0.0 cbo:4.0 rfc:18.0 lcom:39.0 ca:2.0 ce:3.0 npm:9.0 lcom3:0.851851852 loc:78.0 dam:0.333333333 moa:0.0 mfa:0.5 cam:0.283333333 ic:1.0 cbm:2.0 amc:6.5 max_cc:1.0 avg_cc:0.7", "target": "0"}
{"source": "wmc:4.0 dit:4.0 noc:0.0 cbo:3.0 rfc:8.0 lcom:6.0 ca:2.0 ce:1.0 npm:4.0 lcom3:2.0 loc:20.0 dam:0.0 moa:0.0 mfa:1.0 cam:0.666666667 ic:0.0 cbm:0.0 amc:4.0 max_cc:0.0 avg_cc:0.0", "target": "0"}
{"source": "wmc:8.0 dit:1.0 noc:0.0 cbo:3.0 rfc:20.0 lcom:0.0 ca:2.0 ce:2.0 npm:3.0 lcom3:0.369047619 loc:441.0 dam:1.0 moa:1.0 mfa:0.0 cam:0.416666667 ic:0.0 cbm:0.0 amc:52.625 max_cc:6.0 avg_cc:2.375", "target": "0"}
{"source": "wmc:12.0 dit:2.0 noc:0.0 cbo:5.0 rfc:24.0 lcom:46.0 ca:1.0 ce:4.0 npm:10.0 lcom3:0.818181818 loc:141.0 dam:0.5 moa:0.0 mfa:0.55 cam:0.5 ic:1.0 cbm:6.0 amc:10.58333333 max_cc:2.0 avg_cc:0.8333", "target": "0"}
{"source": "wmc:9.0 dit:2.0 noc:0.0 cbo:4.0 rfc:13.0 lcom:36.0 ca:2.0 ce:2.0 npm:9.0 lcom3:1.125 loc:64.0 dam:0.0 moa:0.0 mfa:0.3 cam:0.333333333 ic:0.0 cbm:0.0 amc:5.888888889 max_cc:1.0 avg_cc:0.7778", "target": "0"}
{"source": "wmc:5.0 dit:3.0 noc:3.0 cbo:4.0 rfc:7.0 lcom:4.0 ca:4.0 ce:0.0 npm:5.0 lcom3:0.5 loc:29.0 dam:1.0 moa:0.0 mfa:0.944444444 cam:0.6 ic:0.0 cbm:0.0 amc:4.6 max_cc:1.0 avg_cc:0.2", "target": "0"}
{"source": "wmc:20.0 dit:2.0 noc:0.0 cbo:7.0 rfc:40.0 lcom:142.0 ca:3.0 ce:4.0 npm:18.0 lcom3:0.798245614 loc:342.0 dam:0.833333333 moa:0.0 mfa:0.392857143 cam:0.3 ic:1.0 cbm:6.0 amc:15.8 max_cc:10.0 avg_cc:1.5", "target": "0"}
{"source": "wmc:3.0 dit:1.0 noc:0.0 cbo:4.0 rfc:4.0 lcom:3.0 ca:1.0 ce:3.0 npm:3.0 lcom3:2.0 loc:7.0 dam:0.0 moa:0.0 mfa:0.0 cam:0.833333333 ic:0.0 cbm:0.0 amc:1.333333333 max_cc:1.0 avg_cc:0.6667", "target": "1"}
{"source": "wmc:20.0 dit:2.0 noc:0.0 cbo:5.0 rfc:31.0 lcom:138.0 ca:2.0 ce:3.0 npm:18.0 lcom3:0.827067669 loc:306.0 dam:0.857142857 moa:0.0 mfa:0.392857143 cam:0.36 ic:1.0 cbm:6.0 amc:13.95 max_cc:2.0 avg_cc:0.9", "target": "0"}
{"source": "wmc:4.0 dit:1.0 noc:0.0 cbo:6.0 rfc:15.0 lcom:4.0 ca:4.0 ce:2.0 npm:2.0 lcom3:0.333333333 loc:55.0 dam:1.0 moa:0.0 mfa:0.0 cam:0.333333333 ic:0.0 cbm:0.0 amc:12.5 max_cc:2.0 avg_cc:0.75", "target": "0"}
{"source": "wmc:30.0 dit:2.0 noc:0.0 cbo:6.0 rfc:50.0 lcom:327.0 ca:2.0 ce:4.0 npm:28.0 lcom3:0.775862069 loc:505.0 dam:0.833333333 moa:0.0 mfa:0.289473684 cam:0.216666667 ic:1.0 cbm:6.0 amc:15.63333333 max_cc:8.0 avg_cc:2.0667", "target": "0"}
{"source": "wmc:18.0 dit:2.0 noc:0.0 cbo:6.0 rfc:35.0 lcom:37.0 ca:1.0 ce:5.0 npm:16.0 lcom3:0.806722689 loc:287.0 dam:0.571428571 moa:2.0 mfa:0.423076923 cam:0.366666667 ic:1.0 cbm:6.0 amc:14.55555556 max_cc:2.0 avg_cc:0.8889", "target": "0"}
{"source": "wmc:12.0 dit:2.0 noc:0.0 cbo:5.0 rfc:22.0 lcom:46.0 ca:2.0 ce:3.0 npm:10.0 lcom3:0.818181818 loc:128.0 dam:0.0 moa:0.0 mfa:0.55 cam:0.4 ic:1.0 cbm:6.0 amc:9.5 max_cc:2.0 avg_cc:1.0", "target": "0"}
{"source": "wmc:0.0 dit:1.0 noc:0.0 cbo:2.0 rfc:0.0 lcom:0.0 ca:2.0 ce:0.0 npm:0.0 lcom3:2.0 loc:10.0 dam:0.0 moa:0.0 mfa:0.0 cam:0.0 ic:0.0 cbm:0.0 amc:0.0 max_cc:0.0 avg_cc:0.0", "target": "0"}
{"source": "wmc:7.0 dit:3.0 noc:0.0 cbo:4.0 rfc:17.0 lcom:0.0 ca:2.0 ce:2.0 npm:6.0 lcom3:0.888888889 loc:120.0 dam:0.333333333 moa:0.0 mfa:0.772727273 cam:0.523809524 ic:1.0 cbm:5.0 amc:15.71428571 max_cc:1.0 avg_cc:0.7143", "target": "0"}
{"source": "wmc:9.0 dit:1.0 noc:0.0 cbo:11.0 rfc:43.0 lcom:28.0 ca:0.0 ce:11.0 npm:6.0 lcom3:0.6875 loc:416.0 dam:1.0 moa:0.0 mfa:0.0 cam:0.333333333 ic:0.0 cbm:0.0 amc:45.0 max_cc:13.0 avg_cc:3.2222", "target": "0"}
{"source": "wmc:7.0 dit:1.0 noc:0.0 cbo:4.0 rfc:22.0 lcom:0.0 ca:1.0 ce:3.0 npm:5.0 lcom3:0.166666667 loc:88.0 dam:1.0 moa:2.0 mfa:0.0 cam:0.428571429 ic:0.0 cbm:0.0 amc:11.28571429 max_cc:2.0 avg_cc:1.0", "target": "1"}
{"source": "wmc:12.0 dit:1.0 noc:0.0 cbo:7.0 rfc:35.0 lcom:16.0 ca:2.0 ce:6.0 npm:8.0 lcom3:0.727272727 loc:359.0 dam:0.555555556 moa:2.0 mfa:0.0 cam:0.319444444 ic:0.0 cbm:0.0 amc:28.16666667 max_cc:9.0 avg_cc:2.0", "target": "0"}
{"source": "wmc:39.0 dit:1.0 noc:0.0 cbo:3.0 rfc:78.0 lcom:0.0 ca:2.0 ce:1.0 npm:38.0 lcom3:0.9 loc:261.0 dam:0.0 moa:1.0 mfa:0.0 cam:0.302564103 ic:0.0 cbm:0.0 amc:5.435897436 max_cc:2.0 avg_cc:1.0256", "target": "0"}
{"source": "wmc:8.0 dit:2.0 noc:0.0 cbo:3.0 rfc:15.0 lcom:4.0 ca:3.0 ce:0.0 npm:5.0 lcom3:0.428571429 loc:90.0 dam:1.0 moa:0.0 mfa:0.416666667 cam:0.425 ic:1.0 cbm:1.0 amc:9.875 max_cc:1.0 avg_cc:0.875", "target": "0"}
{"source": "wmc:18.0 dit:2.0 noc:0.0 cbo:6.0 rfc:40.0 lcom:103.0 ca:2.0 ce:4.0 npm:16.0 lcom3:0.848739496 loc:327.0 dam:0.0 moa:1.0 mfa:0.423076923 cam:0.472222222 ic:1.0 cbm:6.0 amc:16.77777778 max_cc:2.0 avg_cc:1.1667", "target": "0"}
{"source": "wmc:13.0 dit:2.0 noc:0.0 cbo:5.0 rfc:22.0 lcom:66.0 ca:2.0 ce:3.0 npm:11.0 lcom3:0.805555556 loc:140.0 dam:0.666666667 moa:0.0 mfa:0.523809524 cam:0.4 ic:1.0 cbm:6.0 amc:9.538461538 max_cc:2.0 avg_cc:0.8462", "target": "0"}
{"source": "wmc:4.0 dit:4.0 noc:0.0 cbo:4.0 rfc:8.0 lcom:6.0 ca:3.0 ce:1.0 npm:4.0 lcom3:2.0 loc:20.0 dam:0.0 moa:0.0 mfa:1.0 cam:0.666666667 ic:0.0 cbm:0.0 amc:4.0 max_cc:0.0 avg_cc:0.0", "target": "0"}
{"source": "wmc:7.0 dit:1.0 noc:0.0 cbo:12.0 rfc:29.0 lcom:1.0 ca:7.0 ce:6.0 npm:1.0 lcom3:0.0 loc:257.0 dam:1.0 moa:1.0 mfa:0.0 cam:0.514285714 ic:0.0 cbm:0.0 amc:35.57142857 max_cc:2.0 avg_cc:0.7143", "target": "0"}
{"source": "wmc:57.0 dit:2.0 noc:0.0 cbo:18.0 rfc:87.0 lcom:1362.0 ca:17.0 ce:7.0 npm:17.0 lcom3:0.927083333 loc:1806.0 dam:1.0 moa:1.0 mfa:0.25 cam:0.265306122 ic:1.0 cbm:7.0 amc:30.47368421 max_cc:19.0 avg_cc:2.5263", "target": "0"}
{"source": "wmc:6.0 dit:1.0 noc:0.0 cbo:4.0 rfc:22.0 lcom:0.0 ca:1.0 ce:3.0 npm:0.0 lcom3:0.333333333 loc:163.0 dam:1.0 moa:0.0 mfa:0.0 cam:0.5 ic:0.0 cbm:0.0 amc:25.66666667 max_cc:5.0 avg_cc:2.3333", "target": "0"}
{"source": "wmc:6.0 dit:1.0 noc:0.0 cbo:10.0 rfc:19.0 lcom:15.0 ca:2.0 ce:8.0 npm:5.0 lcom3:2.0 loc:171.0 dam:0.0 moa:0.0 mfa:0.0 cam:0.666666667 ic:0.0 cbm:0.0 amc:27.5 max_cc:1.0 avg_cc:0.8333", "target": "0"}
{"source": "wmc:9.0 dit:2.0 noc:0.0 cbo:4.0 rfc:17.0 lcom:36.0 ca:1.0 ce:3.0 npm:7.0 lcom3:1.125 loc:72.0 dam:0.0 moa:0.0 mfa:0.647058824 cam:0.555555556 ic:1.0 cbm:6.0 amc:6.888888889 max_cc:2.0 avg_cc:0.7778", "target": "0"}
{"source": "wmc:28.0 dit:1.0 noc:0.0 cbo:2.0 rfc:35.0 lcom:198.0 ca:1.0 ce:1.0 npm:28.0 lcom3:0.841750842 loc:388.0 dam:1.0 moa:0.0 mfa:0.0 cam:0.383928571 ic:0.0 cbm:0.0 amc:12.46428571 max_cc:12.0 avg_cc:1.75", "target": "0"}
{"source": "wmc:49.0 dit:2.0 noc:0.0 cbo:8.0 rfc:66.0 lcom:664.0 ca:4.0 ce:4.0 npm:46.0 lcom3:0.902083333 loc:728.0 dam:0.95 moa:8.0 mfa:0.196428571 cam:0.270833333 ic:1.0 cbm:6.0 amc:13.44897959 max_cc:2.0 avg_cc:0.9388", "target": "0"}
{"source": "wmc:12.0 dit:2.0 noc:0.0 cbo:5.0 rfc:24.0 lcom:46.0 ca:1.0 ce:4.0 npm:10.0 lcom3:0.818181818 loc:141.0 dam:0.5 moa:0.0 mfa:0.55 cam:0.5 ic:1.0 cbm:6.0 amc:10.58333333 max_cc:2.0 avg_cc:0.8333", "target": "0"}
{"source": "wmc:11.0 dit:2.0 noc:0.0 cbo:5.0 rfc:21.0 lcom:43.0 ca:2.0 ce:3.0 npm:9.0 lcom3:0.85 loc:116.0 dam:0.5 moa:0.0 mfa:0.578947368 cam:0.418181818 ic:1.0 cbm:6.0 amc:9.363636364 max_cc:2.0 avg_cc:1.0", "target": "0"}
{"source": "wmc:24.0 dit:2.0 noc:0.0 cbo:7.0 rfc:39.0 lcom:204.0 ca:2.0 ce:5.0 npm:21.0 lcom3:0.882608696 loc:418.0 dam:0.7 moa:1.0 mfa:0.34375 cam:0.298611111 ic:1.0 cbm:6.0 amc:16.0 max_cc:4.0 avg_cc:1.2917", "target": "0"}
{"source": "wmc:34.0 dit:2.0 noc:0.0 cbo:10.0 rfc:60.0 lcom:187.0 ca:4.0 ce:7.0 npm:34.0 lcom3:0.747474747 loc:728.0 dam:0.888888889 moa:2.0 mfa:0.184210526 cam:0.198529412 ic:2.0 cbm:3.0 amc:20.14705882 max_cc:8.0 avg_cc:1.4118", "target": "1"}
{"source": "wmc:9.0 dit:2.0 noc:0.0 cbo:4.0 rfc:13.0 lcom:36.0 ca:2.0 ce:2.0 npm:9.0 lcom3:1.125 loc:62.0 dam:0.0 moa:0.0 mfa:0.3 cam:0.333333333 ic:0.0 cbm:0.0 amc:5.666666667 max_cc:1.0 avg_cc:0.7778", "target": "0"}
{"source": "wmc:11.0 dit:2.0 noc:0.0 cbo:5.0 rfc:21.0 lcom:49.0 ca:2.0 ce:3.0 npm:9.0 lcom3:0.933333333 loc:107.0 dam:0.333333333 moa:0.0 mfa:0.578947368 cam:0.522727273 ic:1.0 cbm:6.0 amc:8.454545455 max_cc:2.0 avg_cc:0.8182", "target": "1"}
{"source": "wmc:6.0 dit:1.0 noc:0.0 cbo:0.0 rfc:27.0 lcom:15.0 ca:0.0 ce:0.0 npm:5.0 lcom3:2.0 loc:264.0 dam:0.0 moa:0.0 mfa:0.0 cam:0.291666667 ic:0.0 cbm:0.0 amc:43.0 max_cc:1.0 avg_cc:0.8333", "target": "0"}
{"source": "wmc:40.0 dit:2.0 noc:0.0 cbo:6.0 rfc:60.0 lcom:90.0 ca:1.0 ce:5.0 npm:38.0 lcom3:0.838141026 loc:786.0 dam:0.9375 moa:9.0 mfa:0.229166667 cam:0.275 ic:1.0 cbm:6.0 amc:18.25 max_cc:2.0 avg_cc:0.95", "target": "0"}
{"source": "wmc:24.0 dit:1.0 noc:0.0 cbo:8.0 rfc:51.0 lcom:86.0 ca:3.0 ce:5.0 npm:16.0 lcom3:0.673913043 loc:447.0 dam:0.833333333 moa:3.0 mfa:0.0 cam:0.183333333 ic:0.0 cbm:0.0 amc:17.375 max_cc:5.0 avg_cc:1.7083", "target": "1"}
{"source": "wmc:16.0 dit:2.0 noc:0.0 cbo:5.0 rfc:28.0 lcom:72.0 ca:1.0 ce:4.0 npm:14.0 lcom3:0.933333333 loc:254.0 dam:0.333333333 moa:0.0 mfa:0.458333333 cam:0.46875 ic:1.0 cbm:6.0 amc:14.3125 max_cc:2.0 avg_cc:0.875", "target": "0"}
{"source": "wmc:12.0 dit:2.0 noc:0.0 cbo:5.0 rfc:24.0 lcom:46.0 ca:1.0 ce:4.0 npm:10.0 lcom3:0.818181818 loc:141.0 dam:0.5 moa:0.0 mfa:0.55 cam:0.5 ic:1.0 cbm:6.0 amc:10.58333333 max_cc:2.0 avg_cc:0.8333", "target": "0"}
{"source": "wmc:11.0 dit:2.0 noc:0.0 cbo:5.0 rfc:21.0 lcom:49.0 ca:2.0 ce:3.0 npm:9.0 lcom3:0.85 loc:106.0 dam:0.5 moa:0.0 mfa:0.578947368 cam:0.522727273 ic:1.0 cbm:6.0 amc:8.454545455 max_cc:2.0 avg_cc:0.8182", "target": "0"}
{"source": "wmc:18.0 dit:2.0 noc:0.0 cbo:5.0 rfc:31.0 lcom:91.0 ca:1.0 ce:4.0 npm:16.0 lcom3:0.776470588 loc:303.0 dam:0.8 moa:0.0 mfa:0.423076923 cam:0.458333333 ic:1.0 cbm:6.0 amc:15.55555556 max_cc:2.0 avg_cc:0.8889", "target": "0"}
{"source": "wmc:2.0 dit:1.0 noc:0.0 cbo:2.0 rfc:4.0 lcom:1.0 ca:2.0 ce:0.0 npm:1.0 lcom3:2.0 loc:39.0 dam:0.0 moa:0.0 mfa:0.0 cam:0.5 ic:0.0 cbm:0.0 amc:18.5 max_cc:3.0 avg_cc:1.5", "target": "0"}
{"source": "wmc:16.0 dit:1.0 noc:0.0 cbo:2.0 rfc:30.0 lcom:88.0 ca:1.0 ce:1.0 npm:14.0 lcom3:0.683333333 loc:250.0 dam:0.0 moa:1.0 mfa:0.0 cam:0.21875 ic:0.0 cbm:0.0 amc:14.375 max_cc:4.0 avg_cc:1.125", "target": "0"}
{"source": "wmc:38.0 dit:2.0 noc:0.0 cbo:9.0 rfc:56.0 lcom:511.0 ca:4.0 ce:5.0 npm:35.0 lcom3:0.938063063 loc:604.0 dam:0.625 moa:4.0 mfa:0.244444444 cam:0.239382239 ic:1.0 cbm:6.0 amc:14.26315789 max_cc:3.0 avg_cc:1.0", "target": "0"}
{"source": "wmc:25.0 dit:2.0 noc:0.0 cbo:8.0 rfc:40.0 lcom:258.0 ca:4.0 ce:4.0 npm:23.0 lcom3:0.758333333 loc:390.0 dam:0.8 moa:0.0 mfa:0.333333333 cam:0.3 ic:1.0 cbm:6.0 amc:14.4 max_cc:7.0 avg_cc:1.76", "target": "0"}
{"source": "wmc:62.0 dit:2.0 noc:0.0 cbo:6.0 rfc:85.0 lcom:611.0 ca:1.0 ce:5.0 npm:60.0 lcom3:0.953972257 loc:1390.0 dam:0.5 moa:14.0 mfa:0.157142857 cam:0.266129032 ic:1.0 cbm:6.0 amc:20.58064516 max_cc:2.0 avg_cc:0.9677", "target": "0"}
{"source": "wmc:15.0 dit:2.0 noc:0.0 cbo:7.0 rfc:32.0 lcom:79.0 ca:4.0 ce:3.0 npm:13.0 lcom3:0.785714286 loc:251.0 dam:0.666666667 moa:0.0 mfa:0.47826087 cam:0.483333333 ic:1.0 cbm:6.0 amc:15.53333333 max_cc:3.0 avg_cc:1.2", "target": "0"}
{"source": "wmc:20.0 dit:2.0 noc:0.0 cbo:6.0 rfc:37.0 lcom:0.0 ca:1.0 ce:5.0 npm:18.0 lcom3:0.684210526 loc:321.0 dam:0.833333333 moa:4.0 mfa:0.392857143 cam:0.36 ic:1.0 cbm:6.0 amc:14.75 max_cc:2.0 avg_cc:0.9", "target": "0"}
{"source": "wmc:0.0 dit:1.0 noc:0.0 cbo:0.0 rfc:0.0 lcom:0.0 ca:0.0 ce:0.0 npm:0.0 lcom3:2.0 loc:4.0 dam:0.0 moa:0.0 mfa:0.0 cam:0.0 ic:0.0 cbm:0.0 amc:0.0 max_cc:0.0 avg_cc:0.0", "target": "0"}
{"source": "wmc:10.0 dit:2.0 noc:2.0 cbo:5.0 rfc:20.0 lcom:0.0 ca:2.0 ce:3.0 npm:10.0 lcom3:0.0 loc:53.0 dam:1.0 moa:1.0 mfa:0.64 cam:0.55 ic:1.0 cbm:2.0 amc:4.2 max_cc:1.0 avg_cc:0.9", "target": "0"}
{"source": "wmc:12.0 dit:2.0 noc:0.0 cbo:5.0 rfc:22.0 lcom:54.0 ca:2.0 ce:3.0 npm:10.0 lcom3:0.818181818 loc:117.0 dam:0.5 moa:0.0 mfa:0.55 cam:0.5 ic:1.0 cbm:6.0 amc:8.583333333 max_cc:2.0 avg_cc:0.8333", "target": "0"}
{"source": "wmc:75.0 dit:1.0 noc:0.0 cbo:26.0 rfc:200.0 lcom:281.0 ca:3.0 ce:23.0 npm:63.0 lcom3:0.923141892 loc:1168.0 dam:0.4375 moa:3.0 mfa:0.0 cam:0.141891892 ic:0.0 cbm:0.0 amc:14.36 max_cc:18.0 avg_cc:1.68", "target": "0"}
{"source": "wmc:1.0 dit:1.0 noc:0.0 cbo:7.0 rfc:1.0 lcom:0.0 ca:6.0 ce:1.0 npm:1.0 lcom3:2.0 loc:1.0 dam:0.0 moa:0.0 mfa:0.0 cam:1.0 ic:0.0 cbm:0.0 amc:0.0 max_cc:1.0 avg_cc:1.0", "target": "0"}
{"source": "wmc:53.0 dit:1.0 noc:0.0 cbo:32.0 rfc:172.0 lcom:106.0 ca:2.0 ce:30.0 npm:44.0 lcom3:0.877622378 loc:1743.0 dam:0.727272727 moa:4.0 mfa:0.0 cam:0.146449704 ic:0.0 cbm:0.0 amc:31.67924528 max_cc:32.0 avg_cc:2.0943", "target": "1"}
{"source": "wmc:38.0 dit:2.0 noc:0.0 cbo:6.0 rfc:52.0 lcom:479.0 ca:2.0 ce:4.0 npm:35.0 lcom3:0.898648649 loc:536.0 dam:0.9375 moa:6.0 mfa:0.244444444 cam:0.335135135 ic:1.0 cbm:6.0 amc:12.68421053 max_cc:2.0 avg_cc:0.9211", "target": "0"}
{"source": "wmc:27.0 dit:2.0 noc:0.0 cbo:6.0 rfc:42.0 lcom:209.0 ca:2.0 ce:4.0 npm:24.0 lcom3:0.846153846 loc:372.0 dam:0.9 moa:3.0 mfa:0.323529412 cam:0.346153846 ic:1.0 cbm:6.0 amc:12.40740741 max_cc:2.0 avg_cc:0.8889", "target": "0"}
{"source": "wmc:8.0 dit:2.0 noc:0.0 cbo:8.0 rfc:19.0 lcom:0.0 ca:2.0 ce:6.0 npm:6.0 lcom3:0.821428571 loc:324.0 dam:1.0 moa:6.0 mfa:0.3 cam:0.583333333 ic:1.0 cbm:2.0 amc:38.5 max_cc:4.0 avg_cc:1.375", "target": "0"}
{"source": "wmc:4.0 dit:1.0 noc:0.0 cbo:5.0 rfc:4.0 lcom:6.0 ca:4.0 ce:1.0 npm:4.0 lcom3:2.0 loc:4.0 dam:0.0 moa:0.0 mfa:0.0 cam:0.583333333 ic:0.0 cbm:0.0 amc:0.0 max_cc:1.0 avg_cc:1.0", "target": "0"}
{"source": "wmc:96.0 dit:2.0 noc:0.0 cbo:9.0 rfc:117.0 lcom:3214.0 ca:5.0 ce:4.0 npm:93.0 lcom3:0.981194559 loc:1478.0 dam:0.483146067 moa:34.0 mfa:0.106796117 cam:0.313684211 ic:1.0 cbm:6.0 amc:13.46875 max_cc:3.0 avg_cc:0.9896", "target": "1"}
{"source": "wmc:9.0 dit:2.0 noc:0.0 cbo:4.0 rfc:13.0 lcom:36.0 ca:2.0 ce:2.0 npm:9.0 lcom3:1.125 loc:62.0 dam:0.0 moa:0.0 mfa:0.3 cam:0.333333333 ic:0.0 cbm:0.0 amc:5.666666667 max_cc:1.0 avg_cc:0.7778", "target": "0"}
{"source": "wmc:4.0 dit:5.0 noc:0.0 cbo:2.0 rfc:8.0 lcom:6.0 ca:1.0 ce:1.0 npm:4.0 lcom3:2.0 loc:20.0 dam:0.0 moa:0.0 mfa:1.0 cam:0.666666667 ic:0.0 cbm:0.0 amc:4.0 max_cc:0.0 avg_cc:0.0", "target": "0"}
{"source": "wmc:18.0 dit:2.0 noc:0.0 cbo:5.0 rfc:30.0 lcom:107.0 ca:2.0 ce:3.0 npm:16.0 lcom3:0.794117647 loc:259.0 dam:0.833333333 moa:0.0 mfa:0.423076923 cam:0.458333333 ic:1.0 cbm:6.0 amc:13.05555556 max_cc:2.0 avg_cc:0.8889", "target": "0"}
{"source": "wmc:10.0 dit:2.0 noc:0.0 cbo:4.0 rfc:14.0 lcom:45.0 ca:2.0 ce:2.0 npm:10.0 lcom3:1.111111111 loc:59.0 dam:0.333333333 moa:0.0 mfa:0.272727273 cam:0.32 ic:0.0 cbm:0.0 amc:4.6 max_cc:1.0 avg_cc:0.8", "target": "0"}
{"source": "wmc:7.0 dit:1.0 noc:0.0 cbo:15.0 rfc:56.0 lcom:9.0 ca:4.0 ce:11.0 npm:5.0 lcom3:0.722222222 loc:713.0 dam:1.0 moa:0.0 mfa:0.0 cam:0.166666667 ic:0.0 cbm:0.0 amc:100.4285714 max_cc:8.0 avg_cc:2.0", "target": "0"}
{"source": "wmc:108.0 dit:1.0 noc:0.0 cbo:60.0 rfc:341.0 lcom:4268.0 ca:5.0 ce:55.0 npm:75.0 lcom3:0.93564753 loc:3365.0 dam:0.714285714 moa:16.0 mfa:0.0 cam:0.078971963 ic:0.0 cbm:0.0 amc:29.83333333 max_cc:34.0 avg_cc:2.0556", "target": "1"}
{"source": "wmc:1.0 dit:1.0 noc:0.0 cbo:7.0 rfc:1.0 lcom:0.0 ca:6.0 ce:1.0 npm:1.0 lcom3:2.0 loc:1.0 dam:0.0 moa:0.0 mfa:0.0 cam:1.0 ic:0.0 cbm:0.0 amc:0.0 max_cc:1.0 avg_cc:1.0", "target": "0"}
{"source": "wmc:11.0 dit:2.0 noc:0.0 cbo:6.0 rfc:23.0 lcom:25.0 ca:3.0 ce:3.0 npm:9.0 lcom3:0.8 loc:183.0 dam:0.5 moa:0.0 mfa:0.55 cam:0.431818182 ic:1.0 cbm:6.0 amc:15.27272727 max_cc:3.0 avg_cc:1.1818", "target": "0"}
{"source": "wmc:1.0 dit:2.0 noc:1.0 cbo:2.0 rfc:2.0 lcom:0.0 ca:1.0 ce:1.0 npm:1.0 lcom3:2.0 loc:4.0 dam:0.0 moa:0.0 mfa:1.0 cam:1.0 ic:0.0 cbm:0.0 amc:3.0 max_cc:0.0 avg_cc:0.0", "target": "0"}
{"source": "wmc:14.0 dit:2.0 noc:0.0 cbo:5.0 rfc:27.0 lcom:57.0 ca:1.0 ce:4.0 npm:12.0 lcom3:0.769230769 loc:195.0 dam:0.666666667 moa:0.0 mfa:0.5 cam:0.482142857 ic:1.0 cbm:6.0 amc:12.71428571 max_cc:2.0 avg_cc:0.8571", "target": "0"}
{"source": "wmc:4.0 dit:5.0 noc:0.0 cbo:1.0 rfc:8.0 lcom:6.0 ca:0.0 ce:1.0 npm:4.0 lcom3:2.0 loc:20.0 dam:0.0 moa:0.0 mfa:1.0 cam:0.666666667 ic:0.0 cbm:0.0 amc:4.0 max_cc:0.0 avg_cc:0.0", "target": "0"}
{"source": "wmc:3.0 dit:3.0 noc:0.0 cbo:8.0 rfc:10.0 lcom:3.0 ca:6.0 ce:2.0 npm:1.0 lcom3:2.0 loc:27.0 dam:0.0 moa:0.0 mfa:0.971428571 cam:0.666666667 ic:1.0 cbm:1.0 amc:8.0 max_cc:1.0 avg_cc:0.3333", "target": "0"}
{"source": "wmc:10.0 dit:2.0 noc:0.0 cbo:4.0 rfc:15.0 lcom:45.0 ca:1.0 ce:3.0 npm:10.0 lcom3:1.111111111 loc:59.0 dam:0.333333333 moa:0.0 mfa:0.272727273 cam:0.32 ic:0.0 cbm:0.0 amc:4.6 max_cc:1.0 avg_cc:0.8", "target": "0"}
{"source": "wmc:5.0 dit:2.0 noc:0.0 cbo:5.0 rfc:12.0 lcom:10.0 ca:1.0 ce:4.0 npm:5.0 lcom3:2.0 loc:32.0 dam:0.0 moa:0.0 mfa:0.555555556 cam:0.5 ic:0.0 cbm:0.0 amc:5.4 max_cc:1.0 avg_cc:0.8", "target": "0"}
{"source": "wmc:28.0 dit:2.0 noc:0.0 cbo:8.0 rfc:51.0 lcom:0.0 ca:3.0 ce:5.0 npm:26.0 lcom3:0.731481481 loc:237.0 dam:0.75 moa:3.0 mfa:0.297297297 cam:0.198412698 ic:1.0 cbm:6.0 amc:7.321428571 max_cc:3.0 avg_cc:1.1786", "target": "0"}
{"source": "wmc:13.0 dit:2.0 noc:0.0 cbo:13.0 rfc:23.0 lcom:0.0 ca:10.0 ce:3.0 npm:11.0 lcom3:0.642857143 loc:271.0 dam:1.0 moa:1.0 mfa:0.45 cam:0.256410256 ic:1.0 cbm:2.0 amc:19.30769231 max_cc:2.0 avg_cc:0.9231", "target": "0"}
{"source": "wmc:11.0 dit:2.0 noc:0.0 cbo:3.0 rfc:14.0 lcom:33.0 ca:1.0 ce:3.0 npm:11.0 lcom3:0.9 loc:66.0 dam:0.75 moa:0.0 mfa:0.4375 cam:0.327272727 ic:1.0 cbm:2.0 amc:4.636363636 max_cc:1.0 avg_cc:0.8182", "target": "0"}
{"source": "wmc:20.0 dit:1.0 noc:0.0 cbo:4.0 rfc:39.0 lcom:0.0 ca:3.0 ce:1.0 npm:19.0 lcom3:0.978947368 loc:140.0 dam:0.133333333 moa:1.0 mfa:0.0 cam:0.258333333 ic:0.0 cbm:0.0 amc:5.25 max_cc:1.0 avg_cc:0.95", "target": "1"}
{"source": "wmc:18.0 dit:2.0 noc:0.0 cbo:6.0 rfc:35.0 lcom:1.0 ca:1.0 ce:5.0 npm:16.0 lcom3:0.670588235 loc:276.0 dam:0.8 moa:3.0 mfa:0.423076923 cam:0.366666667 ic:1.0 cbm:6.0 amc:14.05555556 max_cc:2.0 avg_cc:0.8889", "target": "0"}
{"source": "wmc:4.0 dit:1.0 noc:0.0 cbo:6.0 rfc:4.0 lcom:6.0 ca:6.0 ce:0.0 npm:4.0 lcom3:2.0 loc:4.0 dam:0.0 moa:0.0 mfa:0.0 cam:1.0 ic:0.0 cbm:0.0 amc:0.0 max_cc:1.0 avg_cc:1.0", "target": "0"}
{"source": "wmc:1.0 dit:1.0 noc:0.0 cbo:7.0 rfc:1.0 lcom:0.0 ca:6.0 ce:1.0 npm:1.0 lcom3:2.0 loc:1.0 dam:0.0 moa:0.0 mfa:0.0 cam:1.0 ic:0.0 cbm:0.0 amc:0.0 max_cc:1.0 avg_cc:1.0", "target": "0"}
{"source": "wmc:4.0 dit:1.0 noc:0.0 cbo:2.0 rfc:18.0 lcom:0.0 ca:1.0 ce:1.0 npm:4.0 lcom3:0.222222222 loc:129.0 dam:1.0 moa:1.0 mfa:0.0 cam:0.4375 ic:1.0 cbm:1.0 amc:30.5 max_cc:6.0 avg_cc:2.5", "target": "0"}
{"source": "wmc:12.0 dit:2.0 noc:0.0 cbo:5.0 rfc:24.0 lcom:46.0 ca:1.0 ce:4.0 npm:10.0 lcom3:0.818181818 loc:141.0 dam:0.5 moa:0.0 mfa:0.55 cam:0.5 ic:1.0 cbm:6.0 amc:10.58333333 max_cc:2.0 avg_cc:0.8333", "target": "0"}
{"source": "wmc:12.0 dit:2.0 noc:0.0 cbo:7.0 rfc:22.0 lcom:46.0 ca:4.0 ce:3.0 npm:10.0 lcom3:0.818181818 loc:127.0 dam:0.5 moa:0.0 mfa:0.55 cam:0.4 ic:1.0 cbm:6.0 amc:9.416666667 max_cc:2.0 avg_cc:1.0", "target": "0"}
{"source": "wmc:11.0 dit:1.0 noc:0.0 cbo:4.0 rfc:15.0 lcom:21.0 ca:1.0 ce:3.0 npm:11.0 lcom3:0.533333333 loc:90.0 dam:1.0 moa:0.0 mfa:0.0 cam:0.454545455 ic:0.0 cbm:0.0 amc:6.909090909 max_cc:1.0 avg_cc:0.6364", "target": "0"}
{"source": "wmc:6.0 dit:1.0 noc:2.0 cbo:5.0 rfc:13.0 lcom:0.0 ca:2.0 ce:3.0 npm:4.0 lcom3:0.5 loc:107.0 dam:1.0 moa:2.0 mfa:0.0 cam:0.458333333 ic:0.0 cbm:0.0 amc:16.5 max_cc:3.0 avg_cc:1.1667", "target": "0"}
{"source": "wmc:12.0 dit:2.0 noc:0.0 cbo:5.0 rfc:22.0 lcom:54.0 ca:2.0 ce:3.0 npm:10.0 lcom3:0.818181818 loc:117.0 dam:0.5 moa:0.0 mfa:0.55 cam:0.5 ic:1.0 cbm:6.0 amc:8.583333333 max_cc:2.0 avg_cc:0.8333", "target": "0"}
{"source": "wmc:19.0 dit:2.0 noc:0.0 cbo:6.0 rfc:38.0 lcom:21.0 ca:2.0 ce:5.0 npm:18.0 lcom3:0.685185185 loc:284.0 dam:0.833333333 moa:2.0 mfa:0.304347826 cam:0.22556391 ic:1.0 cbm:2.0 amc:13.63157895 max_cc:3.0 avg_cc:0.9474", "target": "0"}
{"source": "wmc:11.0 dit:2.0 noc:0.0 cbo:5.0 rfc:25.0 lcom:43.0 ca:2.0 ce:3.0 npm:9.0 lcom3:0.8 loc:182.0 dam:0.0 moa:0.0 mfa:0.578947368 cam:0.418181818 ic:1.0 cbm:6.0 amc:15.36363636 max_cc:2.0 avg_cc:1.0909", "target": "0"}
{"source": "wmc:15.0 dit:1.0 noc:125.0 cbo:146.0 rfc:23.0 lcom:105.0 ca:146.0 ce:0.0 npm:12.0 lcom3:2.0 loc:84.0 dam:0.0 moa:0.0 mfa:0.0 cam:0.483333333 ic:0.0 cbm:0.0 amc:4.6 max_cc:1.0 avg_cc:0.8", "target": "0"}
{"source": "wmc:13.0 dit:2.0 noc:0.0 cbo:4.0 rfc:27.0 lcom:46.0 ca:1.0 ce:3.0 npm:11.0 lcom3:0.777777778 loc:201.0 dam:0.333333333 moa:0.0 mfa:0.523809524 cam:0.333333333 ic:1.0 cbm:6.0 amc:14.23076923 max_cc:2.0 avg_cc:1.0769", "target": "0"}
{"source": "wmc:11.0 dit:1.0 noc:0.0 cbo:2.0 rfc:26.0 lcom:53.0 ca:1.0 ce:2.0 npm:6.0 lcom3:1.033333333 loc:226.0 dam:1.0 moa:0.0 mfa:0.0 cam:0.157142857 ic:0.0 cbm:0.0 amc:19.27272727 max_cc:24.0 avg_cc:3.6364", "target": "1"}
{"source": "wmc:12.0 dit:2.0 noc:0.0 cbo:5.0 rfc:22.0 lcom:46.0 ca:2.0 ce:3.0 npm:10.0 lcom3:0.818181818 loc:128.0 dam:0.5 moa:0.0 mfa:0.55 cam:0.4 ic:1.0 cbm:6.0 amc:9.5 max_cc:2.0 avg_cc:1.0", "target": "0"}
{"source": "wmc:25.0 dit:1.0 noc:0.0 cbo:0.0 rfc:29.0 lcom:0.0 ca:0.0 ce:0.0 npm:24.0 lcom3:0.388888889 loc:629.0 dam:1.0 moa:0.0 mfa:0.0 cam:0.313333333 ic:1.0 cbm:1.0 amc:24.04 max_cc:9.0 avg_cc:2.6", "target": "0"}
{"source": "wmc:16.0 dit:1.0 noc:0.0 cbo:2.0 rfc:30.0 lcom:88.0 ca:1.0 ce:1.0 npm:14.0 lcom3:0.683333333 loc:250.0 dam:0.0 moa:1.0 mfa:0.0 cam:0.21875 ic:0.0 cbm:0.0 amc:14.375 max_cc:4.0 avg_cc:1.125", "target": "0"}
{"source": "wmc:12.0 dit:2.0 noc:0.0 cbo:6.0 rfc:22.0 lcom:46.0 ca:3.0 ce:3.0 npm:10.0 lcom3:0.818181818 loc:128.0 dam:0.5 moa:0.0 mfa:0.55 cam:0.4 ic:1.0 cbm:6.0 amc:9.5 max_cc:2.0 avg_cc:1.0", "target": "0"}
{"source": "wmc:25.0 dit:1.0 noc:0.0 cbo:4.0 rfc:29.0 lcom:0.0 ca:4.0 ce:0.0 npm:24.0 lcom3:0.388888889 loc:629.0 dam:1.0 moa:0.0 mfa:0.0 cam:0.36 ic:1.0 cbm:1.0 amc:24.04 max_cc:9.0 avg_cc:2.6", "target": "0"}
