{"source": "wmc:14.0 dit:2.0 noc:0.0 cbo:11.0 rfc:52.0 lcom:43.0 ca:0.0 ce:11.0 npm:12.0 lcom3:0.955128205 loc:467.0 dam:0.166666667 moa:1.0 mfa:0.5 cam:0.276923077 ic:2.0 cbm:3.0 amc:31.5 max_cc:12.0 avg_cc:2.2143", "target": "1"}
{"source": "wmc:3.0 dit:3.0 noc:0.0 cbo:7.0 rfc:6.0 lcom:3.0 ca:4.0 ce:4.0 npm:3.0 lcom3:2.0 loc:16.0 dam:0.0 moa:0.0 mfa:0.972222222 cam:0.533333333 ic:1.0 cbm:1.0 amc:4.333333333 max_cc:1.0 avg_cc:0.3333", "target": "0"}
{"source": "wmc:25.0 dit:1.0 noc:0.0 cbo:7.0 rfc:78.0 lcom:194.0 ca:2.0 ce:5.0 npm:17.0 lcom3:0.878787879 loc:530.0 dam:0.727272727 moa:3.0 mfa:0.0 cam:0.261904762 ic:0.0 cbm:0.0 amc:19.76 max_cc:3.0 avg_cc:1.04", "target": "0"}
{"source": "wmc:18.0 dit:3.0 noc:0.0 cbo:10.0 rfc:62.0 lcom:149.0 ca:0.0 ce:10.0 npm:6.0 lcom3:1.019607843 loc:417.0 dam:0.444444444 moa:1.0 mfa:0.6 cam:0.338235294 ic:1.0 cbm:2.0 amc:21.66666667 max_cc:5.0 avg_cc:1.1111", "target": "0"}
{"source": "wmc:16.0 dit:2.0 noc:0.0 cbo:3.0 rfc:24.0 lcom:106.0 ca:1.0 ce:2.0 npm:11.0 lcom3:0.333333333 loc:151.0 dam:1.0 moa:1.0 mfa:0.605263158 cam:0.5 ic:1.0 cbm:6.0 amc:8.25 max_cc:2.0 avg_cc:1.0625", "target": "0"}
{"source": "wmc:11.0 dit:2.0 noc:0.0 cbo:7.0 rfc:39.0 lcom:7.0 ca:1.0 ce:6.0 npm:9.0 lcom3:0.666666667 loc:245.0 dam:0.0 moa:1.0 mfa:0.72972973 cam:0.333333333 ic:0.0 cbm:0.0 amc:21.0 max_cc:5.0 avg_cc:1.9091", "target": "1"}
{"source": "wmc:8.0 dit:2.0 noc:0.0 cbo:14.0 rfc:43.0 lcom:8.0 ca:4.0 ce:12.0 npm:8.0 lcom3:0.628571429 loc:376.0 dam:1.0 moa:1.0 mfa:0.833333333 cam:0.265625 ic:1.0 cbm:2.0 amc:45.375 max_cc:5.0 avg_cc:1.875", "target": "0"}
{"source": "wmc:3.0 dit:2.0 noc:0.0 cbo:5.0 rfc:6.0 lcom:3.0 ca:4.0 ce:3.0 npm:3.0 lcom3:2.0 loc:17.0 dam:0.0 moa:0.0 mfa:0.967741935 cam:0.533333333 ic:0.0 cbm:0.0 amc:4.666666667 max_cc:1.0 avg_cc:0.3333", "target": "0"}
{"source": "wmc:4.0 dit:1.0 noc:0.0 cbo:4.0 rfc:17.0 lcom:0.0 ca:1.0 ce:3.0 npm:4.0 lcom3:0.333333333 loc:120.0 dam:0.75 moa:1.0 mfa:0.0 cam:0.583333333 ic:0.0 cbm:0.0 amc:28.0 max_cc:4.0 avg_cc:1.5", "target": "0"}
{"source": "wmc:3.0 dit:2.0 noc:0.0 cbo:2.0 rfc:6.0 lcom:3.0 ca:0.0 ce:2.0 npm:1.0 lcom3:2.0 loc:12.0 dam:0.0 moa:0.0 mfa:0.714285714 cam:0.666666667 ic:1.0 cbm:2.0 amc:3.0 max_cc:1.0 avg_cc:0.6667", "target": "0"}
{"source": "wmc:8.0 dit:2.0 noc:0.0 cbo:18.0 rfc:41.0 lcom:0.0 ca:5.0 ce:15.0 npm:8.0 lcom3:0.642857143 loc:218.0 dam:1.0 moa:1.0 mfa:0.833333333 cam:0.28125 ic:1.0 cbm:1.0 amc:25.75 max_cc:1.0 avg_cc:0.75", "target": "1"}
{"source": "wmc:12.0 dit:1.0 noc:0.0 cbo:21.0 rfc:35.0 lcom:66.0 ca:6.0 ce:15.0 npm:9.0 lcom3:2.0 loc:337.0 dam:0.0 moa:0.0 mfa:0.0 cam:0.295454545 ic:0.0 cbm:0.0 amc:27.08333333 max_cc:7.0 avg_cc:2.0", "target": "0"}
{"source": "wmc:13.0 dit:2.0 noc:1.0 cbo:5.0 rfc:18.0 lcom:58.0 ca:1.0 ce:4.0 npm:13.0 lcom3:0.666666667 loc:103.0 dam:1.0 moa:1.0 mfa:0.633333333 cam:0.461538462 ic:0.0 cbm:0.0 amc:6.846153846 max_cc:4.0 avg_cc:1.4615", "target": "0"}
{"source": "wmc:6.0 dit:3.0 noc:0.0 cbo:2.0 rfc:19.0 lcom:15.0 ca:2.0 ce:0.0 npm:4.0 lcom3:1.12 loc:184.0 dam:0.0 moa:0.0 mfa:0.8125 cam:0.5 ic:1.0 cbm:1.0 amc:28.83333333 max_cc:14.0 avg_cc:2.8333", "target": "0"}
{"source": "wmc:4.0 dit:2.0 noc:0.0 cbo:4.0 rfc:18.0 lcom:0.0 ca:1.0 ce:3.0 npm:2.0 lcom3:0.555555556 loc:116.0 dam:0.333333333 moa:0.0 mfa:0.571428571 cam:0.45 ic:0.0 cbm:0.0 amc:27.25 max_cc:6.0 avg_cc:2.0", "target": "1"}
{"source": "wmc:37.0 dit:1.0 noc:0.0 cbo:16.0 rfc:92.0 lcom:0.0 ca:3.0 ce:13.0 npm:34.0 lcom3:0.5 loc:438.0 dam:1.0 moa:1.0 mfa:0.0 cam:0.177777778 ic:1.0 cbm:1.0 amc:10.78378378 max_cc:12.0 avg_cc:1.1351", "target": "0"}
{"source": "wmc:9.0 dit:1.0 noc:1.0 cbo:12.0 rfc:51.0 lcom:0.0 ca:1.0 ce:11.0 npm:6.0 lcom3:0.714285714 loc:316.0 dam:0.571428571 moa:1.0 mfa:0.0 cam:0.377777778 ic:0.0 cbm:0.0 amc:33.33333333 max_cc:3.0 avg_cc:1.6667", "target": "1"}
{"source": "wmc:1.0 dit:1.0 noc:0.0 cbo:7.0 rfc:1.0 lcom:0.0 ca:7.0 ce:0.0 npm:1.0 lcom3:2.0 loc:1.0 dam:0.0 moa:0.0 mfa:0.0 cam:1.0 ic:0.0 cbm:0.0 amc:0.0 max_cc:1.0 avg_cc:1.0", "target": "0"}
{"source": "wmc:5.0 dit:2.0 noc:0.0 cbo:11.0 rfc:18.0 lcom:10.0 ca:4.0 ce:9.0 npm:5.0 lcom3:2.0 loc:129.0 dam:0.0 moa:0.0 mfa:0.909090909 cam:0.4 ic:1.0 cbm:1.0 amc:24.8 max_cc:1.0 avg_cc:0.6", "target": "1"}
{"source": "wmc:6.0 dit:2.0 noc:0.0 cbo:11.0 rfc:24.0 lcom:15.0 ca:4.0 ce:9.0 npm:5.0 lcom3:2.0 loc:207.0 dam:0.0 moa:0.0 mfa:0.882352941 cam:0.333333333 ic:2.0 cbm:2.0 amc:33.5 max_cc:2.0 avg_cc:0.8333", "target": "0"}
{"source": "wmc:153.0 dit:1.0 noc:0.0 cbo:68.0 rfc:250.0 lcom:8092.0 ca:49.0 ce:61.0 npm:50.0 lcom3:0.743421053 loc:8270.0 dam:0.807692308 moa:10.0 mfa:0.0 cam:0.145559211 ic:0.0 cbm:0.0 amc:52.88235294 max_cc:12.0 avg_cc:2.6275", "target": "1"}
{"source": "wmc:12.0 dit:1.0 noc:0.0 cbo:3.0 rfc:19.0 lcom:42.0 ca:1.0 ce:2.0 npm:9.0 lcom3:0.818181818 loc:159.0 dam:0.5 moa:0.0 mfa:0.0 cam:0.361111111 ic:0.0 cbm:0.0 amc:11.91666667 max_cc:5.0 avg_cc:1.6667", "target": "1"}
{"source": "wmc:9.0 dit:4.0 noc:0.0 cbo:5.0 rfc:19.0 lcom:8.0 ca:1.0 ce:4.0 npm:8.0 lcom3:0.75 loc:263.0 dam:1.0 moa:0.0 mfa:0.75 cam:0.333333333 ic:1.0 cbm:2.0 amc:28.0 max_cc:10.0 avg_cc:2.0", "target": "0"}
{"source": "wmc:5.0 dit:2.0 noc:0.0 cbo:9.0 rfc:8.0 lcom:10.0 ca:0.0 ce:9.0 npm:5.0 lcom3:2.0 loc:22.0 dam:0.0 moa:0.0 mfa:0.692307692 cam:0.44 ic:0.0 cbm:0.0 amc:3.4 max_cc:1.0 avg_cc:0.8", "target": "1"}
{"source": "wmc:4.0 dit:4.0 noc:6.0 cbo:38.0 rfc:7.0 lcom:0.0 ca:37.0 ce:1.0 npm:4.0 lcom3:0.666666667 loc:35.0 dam:1.0 moa:0.0 mfa:0.928571429 cam:0.666666667 ic:0.0 cbm:0.0 amc:7.25 max_cc:1.0 avg_cc:0.25", "target": "0"}
{"source": "wmc:4.0 dit:2.0 noc:0.0 cbo:7.0 rfc:10.0 lcom:6.0 ca:4.0 ce:5.0 npm:4.0 lcom3:2.0 loc:28.0 dam:0.0 moa:0.0 mfa:0.9375 cam:0.392857143 ic:0.0 cbm:0.0 amc:6.0 max_cc:1.0 avg_cc:0.5", "target": "1"}
{"source": "wmc:89.0 dit:1.0 noc:0.0 cbo:5.0 rfc:123.0 lcom:492.0 ca:1.0 ce:4.0 npm:10.0 lcom3:0.80815508 loc:13175.0 dam:0.382352941 moa:1.0 mfa:0.0 cam:0.339015152 ic:0.0 cbm:0.0 amc:146.6516854 max_cc:209.0 avg_cc:13.4831", "target": "1"}
{"source": "wmc:5.0 dit:1.0 noc:0.0 cbo:6.0 rfc:9.0 lcom:0.0 ca:2.0 ce:4.0 npm:4.0 lcom3:0.25 loc:37.0 dam:1.0 moa:1.0 mfa:0.0 cam:0.433333333 ic:0.0 cbm:0.0 amc:6.2 max_cc:1.0 avg_cc:0.8", "target": "1"}
{"source": "wmc:3.0 dit:3.0 noc:0.0 cbo:9.0 rfc:14.0 lcom:3.0 ca:4.0 ce:6.0 npm:3.0 lcom3:2.0 loc:48.0 dam:0.0 moa:0.0 mfa:0.972222222 cam:0.533333333 ic:2.0 cbm:2.0 amc:15.0 max_cc:3.0 avg_cc:1.0", "target": "0"}
{"source": "wmc:7.0 dit:2.0 noc:0.0 cbo:21.0 rfc:44.0 lcom:0.0 ca:5.0 ce:18.0 npm:6.0 lcom3:0.5 loc:427.0 dam:1.0 moa:1.0 mfa:0.857142857 cam:0.387755102 ic:1.0 cbm:2.0 amc:59.42857143 max_cc:2.0 avg_cc:0.8571", "target": "1"}
{"source": "wmc:7.0 dit:2.0 noc:1.0 cbo:8.0 rfc:13.0 lcom:0.0 ca:1.0 ce:7.0 npm:7.0 lcom3:0.166666667 loc:71.0 dam:1.0 moa:1.0 mfa:0.571428571 cam:0.476190476 ic:0.0 cbm:0.0 amc:9.0 max_cc:1.0 avg_cc:0.8571", "target": "1"}
{"source": "wmc:19.0 dit:2.0 noc:0.0 cbo:1.0 rfc:29.0 lcom:61.0 ca:1.0 ce:0.0 npm:14.0 lcom3:0.709876543 loc:342.0 dam:0.666666667 moa:0.0 mfa:0.464285714 cam:0.305555556 ic:1.0 cbm:2.0 amc:16.52631579 max_cc:2.0 avg_cc:0.8421", "target": "0"}
{"source": "wmc:2.0 dit:1.0 noc:0.0 cbo:6.0 rfc:13.0 lcom:1.0 ca:1.0 ce:5.0 npm:2.0 lcom3:2.0 loc:53.0 dam:0.0 moa:0.0 mfa:0.0 cam:0.5 ic:0.0 cbm:0.0 amc:25.5 max_cc:1.0 avg_cc:0.5", "target": "1"}
{"source": "wmc:3.0 dit:2.0 noc:0.0 cbo:5.0 rfc:6.0 lcom:3.0 ca:4.0 ce:3.0 npm:3.0 lcom3:2.0 loc:17.0 dam:0.0 moa:0.0 mfa:0.967741935 cam:0.533333333 ic:0.0 cbm:0.0 amc:4.666666667 max_cc:1.0 avg_cc:0.3333", "target": "0"}
{"source": "wmc:9.0 dit:2.0 noc:0.0 cbo:9.0 rfc:55.0 lcom:2.0 ca:0.0 ce:9.0 npm:6.0 lcom3:0.583333333 loc:476.0 dam:1.0 moa:0.0 mfa:0.6 cam:0.377777778 ic:2.0 cbm:2.0 amc:51.55555556 max_cc:9.0 avg_cc:3.1111", "target": "1"}
{"source": "wmc:5.0 dit:1.0 noc:0.0 cbo:4.0 rfc:5.0 lcom:10.0 ca:2.0 ce:2.0 npm:5.0 lcom3:2.0 loc:5.0 dam:0.0 moa:0.0 mfa:0.0 cam:0.5 ic:0.0 cbm:0.0 amc:0.0 max_cc:1.0 avg_cc:1.0", "target": "0"}
{"source": "wmc:43.0 dit:2.0 noc:0.0 cbo:44.0 rfc:52.0 lcom:897.0 ca:0.0 ce:44.0 npm:41.0 lcom3:0.011904762 loc:340.0 dam:1.0 moa:0.0 mfa:0.505882353 cam:0.06760411 ic:0.0 cbm:0.0 amc:6.860465116 max_cc:4.0 avg_cc:1.0698", "target": "1"}
{"source": "wmc:1.0 dit:1.0 noc:0.0 cbo:8.0 rfc:1.0 lcom:0.0 ca:7.0 ce:1.0 npm:1.0 lcom3:2.0 loc:1.0 dam:0.0 moa:0.0 mfa:0.0 cam:1.0 ic:0.0 cbm:0.0 amc:0.0 max_cc:1.0 avg_cc:1.0", "target": "0"}
{"source": "wmc:4.0 dit:2.0 noc:0.0 cbo:9.0 rfc:19.0 lcom:6.0 ca:4.0 ce:7.0 npm:4.0 lcom3:2.0 loc:133.0 dam:0.0 moa:0.0 mfa:0.9375 cam:0.416666667 ic:1.0 cbm:1.0 amc:32.25 max_cc:1.0 avg_cc:0.5", "target": "0"}
{"source": "wmc:5.0 dit:3.0 noc:2.0 cbo:16.0 rfc:18.0 lcom:0.0 ca:15.0 ce:1.0 npm:4.0 lcom3:0.666666667 loc:388.0 dam:0.5 moa:1.0 mfa:0.866666667 cam:0.4 ic:1.0 cbm:1.0 amc:75.4 max_cc:14.0 avg_cc:4.8", "target": "0"}
{"source": "wmc:5.0 dit:1.0 noc:3.0 cbo:6.0 rfc:6.0 lcom:0.0 ca:5.0 ce:1.0 npm:4.0 lcom3:0.625 loc:30.0 dam:1.0 moa:1.0 mfa:0.0 cam:0.466666667 ic:0.0 cbm:0.0 amc:4.6 max_cc:2.0 avg_cc:1.0", "target": "0"}
{"source": "wmc:3.0 dit:2.0 noc:0.0 cbo:5.0 rfc:15.0 lcom:0.0 ca:1.0 ce:4.0 npm:2.0 lcom3:0.25 loc:116.0 dam:1.0 moa:1.0 mfa:0.666666667 cam:0.611111111 ic:0.0 cbm:0.0 amc:37.0 max_cc:2.0 avg_cc:1.0", "target": "0"}
{"source": "wmc:10.0 dit:2.0 noc:0.0 cbo:9.0 rfc:46.0 lcom:0.0 ca:1.0 ce:8.0 npm:8.0 lcom3:0.555555556 loc:296.0 dam:0.5 moa:1.0 mfa:0.75 cam:0.385714286 ic:0.0 cbm:0.0 amc:28.2 max_cc:9.0 avg_cc:2.6", "target": "1"}
{"source": "wmc:20.0 dit:2.0 noc:0.0 cbo:8.0 rfc:27.0 lcom:118.0 ca:5.0 ce:3.0 npm:17.0 lcom3:0.473684211 loc:129.0 dam:1.0 moa:1.0 mfa:0.547619048 cam:0.316666667 ic:1.0 cbm:3.0 amc:5.4 max_cc:1.0 avg_cc:0.95", "target": "0"}
{"source": "wmc:6.0 dit:2.0 noc:0.0 cbo:11.0 rfc:24.0 lcom:15.0 ca:4.0 ce:9.0 npm:5.0 lcom3:2.0 loc:197.0 dam:0.0 moa:0.0 mfa:0.882352941 cam:0.333333333 ic:2.0 cbm:2.0 amc:31.83333333 max_cc:2.0 avg_cc:0.8333", "target": "0"}
{"source": "wmc:9.0 dit:1.0 noc:0.0 cbo:2.0 rfc:27.0 lcom:18.0 ca:0.0 ce:2.0 npm:7.0 lcom3:0.825 loc:236.0 dam:0.4 moa:0.0 mfa:0.0 cam:0.4 ic:0.0 cbm:0.0 amc:24.66666667 max_cc:5.0 avg_cc:1.8889", "target": "1"}
{"source": "wmc:28.0 dit:1.0 noc:0.0 cbo:12.0 rfc:60.0 lcom:0.0 ca:3.0 ce:9.0 npm:28.0 lcom3:0.0 loc:278.0 dam:1.0 moa:1.0 mfa:0.0 cam:0.25 ic:0.0 cbm:0.0 amc:8.892857143 max_cc:2.0 avg_cc:0.9286", "target": "1"}
{"source": "wmc:6.0 dit:1.0 noc:0.0 cbo:2.0 rfc:20.0 lcom:3.0 ca:0.0 ce:2.0 npm:5.0 lcom3:0.95 loc:110.0 dam:0.25 moa:0.0 mfa:0.0 cam:0.466666667 ic:0.0 cbm:0.0 amc:16.66666667 max_cc:3.0 avg_cc:1.5", "target": "0"}
{"source": "wmc:3.0 dit:1.0 noc:1.0 cbo:6.0 rfc:9.0 lcom:1.0 ca:1.0 ce:5.0 npm:1.0 lcom3:0.5 loc:52.0 dam:1.0 moa:2.0 mfa:0.0 cam:0.466666667 ic:0.0 cbm:0.0 amc:15.66666667 max_cc:1.0 avg_cc:0.6667", "target": "0"}
{"source": "wmc:5.0 dit:2.0 noc:0.0 cbo:11.0 rfc:12.0 lcom:10.0 ca:5.0 ce:8.0 npm:5.0 lcom3:2.0 loc:62.0 dam:0.0 moa:0.0 mfa:0.909090909 cam:0.4 ic:1.0 cbm:2.0 amc:11.4 max_cc:1.0 avg_cc:0.6", "target": "0"}
{"source": "wmc:5.0 dit:1.0 noc:0.0 cbo:4.0 rfc:26.0 lcom:0.0 ca:0.0 ce:4.0 npm:5.0 lcom3:0.916666667 loc:121.0 dam:0.333333333 moa:0.0 mfa:0.0 cam:0.48 ic:0.0 cbm:0.0 amc:22.6 max_cc:2.0 avg_cc:1.4", "target": "1"}
{"source": "wmc:8.0 dit:5.0 noc:0.0 cbo:46.0 rfc:14.0 lcom:6.0 ca:43.0 ce:3.0 npm:8.0 lcom3:0.80952381 loc:79.0 dam:1.0 moa:0.0 mfa:0.666666667 cam:0.375 ic:1.0 cbm:1.0 amc:8.125 max_cc:1.0 avg_cc:0.875", "target": "0"}
{"source": "wmc:1.0 dit:1.0 noc:0.0 cbo:4.0 rfc:1.0 lcom:0.0 ca:3.0 ce:1.0 npm:1.0 lcom3:2.0 loc:1.0 dam:0.0 moa:0.0 mfa:0.0 cam:1.0 ic:0.0 cbm:0.0 amc:0.0 max_cc:1.0 avg_cc:1.0", "target": "0"}
{"source": "wmc:25.0 dit:1.0 noc:2.0 cbo:80.0 rfc:46.0 lcom:298.0 ca:76.0 ce:5.0 npm:21.0 lcom3:0.166666667 loc:198.0 dam:1.0 moa:1.0 mfa:0.0 cam:0.213333333 ic:0.0 cbm:0.0 amc:6.88 max_cc:3.0 avg_cc:1.04", "target": "0"}
{"source": "wmc:6.0 dit:1.0 noc:0.0 cbo:7.0 rfc:27.0 lcom:5.0 ca:4.0 ce:4.0 npm:3.0 lcom3:1.076923077 loc:151.0 dam:0.307692308 moa:2.0 mfa:0.0 cam:0.333333333 ic:0.0 cbm:0.0 amc:22.0 max_cc:5.0 avg_cc:2.1667", "target": "1"}
{"source": "wmc:4.0 dit:2.0 noc:0.0 cbo:9.0 rfc:8.0 lcom:6.0 ca:4.0 ce:7.0 npm:4.0 lcom3:2.0 loc:23.0 dam:0.0 moa:0.0 mfa:0.9375 cam:0.392857143 ic:0.0 cbm:0.0 amc:4.75 max_cc:1.0 avg_cc:0.5", "target": "1"}
{"source": "wmc:24.0 dit:1.0 noc:0.0 cbo:11.0 rfc:74.0 lcom:274.0 ca:11.0 ce:0.0 npm:23.0 lcom3:0.956521739 loc:731.0 dam:1.0 moa:0.0 mfa:0.0 cam:0.168478261 ic:0.0 cbm:0.0 amc:29.41666667 max_cc:8.0 avg_cc:2.5833", "target": "0"}
{"source": "wmc:4.0 dit:2.0 noc:0.0 cbo:10.0 rfc:10.0 lcom:6.0 ca:4.0 ce:8.0 npm:4.0 lcom3:2.0 loc:37.0 dam:0.0 moa:0.0 mfa:0.9375 cam:0.392857143 ic:1.0 cbm:1.0 amc:8.25 max_cc:1.0 avg_cc:0.5", "target": "0"}
{"source": "wmc:5.0 dit:2.0 noc:0.0 cbo:10.0 rfc:11.0 lcom:10.0 ca:4.0 ce:8.0 npm:5.0 lcom3:2.0 loc:32.0 dam:0.0 moa:0.0 mfa:0.909090909 cam:0.371428571 ic:1.0 cbm:2.0 amc:5.4 max_cc:1.0 avg_cc:0.6", "target": "0"}
{"source": "wmc:5.0 dit:1.0 noc:0.0 cbo:6.0 rfc:19.0 lcom:10.0 ca:2.0 ce:4.0 npm:5.0 lcom3:2.0 loc:247.0 dam:0.0 moa:0.0 mfa:0.0 cam:0.3 ic:0.0 cbm:0.0 amc:48.4 max_cc:12.0 avg_cc:4.2", "target": "0"}
{"source": "wmc:3.0 dit:1.0 noc:0.0 cbo:1.0 rfc:10.0 lcom:1.0 ca:1.0 ce:0.0 npm:2.0 lcom3:0.5 loc:84.0 dam:0.0 moa:0.0 mfa:0.0 cam:0.5 ic:0.0 cbm:0.0 amc:26.66666667 max_cc:10.0 avg_cc:3.3333", "target": "0"}
{"source": "wmc:15.0 dit:1.0 noc:0.0 cbo:18.0 rfc:63.0 lcom:9.0 ca:1.0 ce:17.0 npm:8.0 lcom3:0.603174603 loc:830.0 dam:1.0 moa:3.0 mfa:0.0 cam:0.333333333 ic:0.0 cbm:0.0 amc:53.73333333 max_cc:12.0 avg_cc:3.6", "target": "0"}
{"source": "wmc:4.0 dit:3.0 noc:0.0 cbo:8.0 rfc:11.0 lcom:6.0 ca:4.0 ce:5.0 npm:3.0 lcom3:2.0 loc:46.0 dam:0.0 moa:0.0 mfa:0.945945946 cam:0.458333333 ic:2.0 cbm:3.0 amc:10.5 max_cc:5.0 avg_cc:1.5", "target": "0"}
{"source": "wmc:9.0 dit:2.0 noc:0.0 cbo:12.0 rfc:29.0 lcom:34.0 ca:2.0 ce:10.0 npm:7.0 lcom3:0.75 loc:199.0 dam:1.0 moa:0.0 mfa:0.5625 cam:0.263888889 ic:0.0 cbm:0.0 amc:21.0 max_cc:5.0 avg_cc:1.4444", "target": "1"}
{"source": "wmc:41.0 dit:1.0 noc:0.0 cbo:48.0 rfc:41.0 lcom:820.0 ca:43.0 ce:41.0 npm:41.0 lcom3:2.0 loc:41.0 dam:0.0 moa:0.0 mfa:0.0 cam:0.069767442 ic:0.0 cbm:0.0 amc:0.0 max_cc:1.0 avg_cc:1.0", "target": "1"}
{"source": "wmc:7.0 dit:1.0 noc:0.0 cbo:1.0 rfc:26.0 lcom:1.0 ca:0.0 ce:1.0 npm:6.0 lcom3:0.0 loc:149.0 dam:1.0 moa:0.0 mfa:0.0 cam:0.464285714 ic:0.0 cbm:0.0 amc:20.14285714 max_cc:4.0 avg_cc:1.0", "target": "0"}
{"source": "wmc:1.0 dit:5.0 noc:0.0 cbo:4.0 rfc:2.0 lcom:0.0 ca:3.0 ce:1.0 npm:1.0 lcom3:2.0 loc:5.0 dam:0.0 moa:0.0 mfa:1.0 cam:1.0 ic:0.0 cbm:0.0 amc:4.0 max_cc:0.0 avg_cc:0.0", "target": "0"}
{"source": "wmc:4.0 dit:3.0 noc:0.0 cbo:4.0 rfc:21.0 lcom:4.0 ca:1.0 ce:3.0 npm:3.0 lcom3:0.555555556 loc:206.0 dam:0.333333333 moa:0.0 mfa:0.5 cam:0.458333333 ic:1.0 cbm:1.0 amc:49.0 max_cc:21.0 avg_cc:5.75", "target": "0"}
{"source": "wmc:6.0 dit:2.0 noc:0.0 cbo:6.0 rfc:9.0 lcom:13.0 ca:4.0 ce:4.0 npm:5.0 lcom3:0.8 loc:28.0 dam:1.0 moa:0.0 mfa:0.909090909 cam:0.4 ic:0.0 cbm:0.0 amc:3.5 max_cc:1.0 avg_cc:0.5", "target": "0"}
{"source": "wmc:6.0 dit:1.0 noc:0.0 cbo:3.0 rfc:6.0 lcom:15.0 ca:2.0 ce:1.0 npm:6.0 lcom3:2.0 loc:6.0 dam:0.0 moa:0.0 mfa:0.0 cam:0.916666667 ic:0.0 cbm:0.0 amc:0.0 max_cc:1.0 avg_cc:1.0", "target": "0"}
{"source": "wmc:8.0 dit:2.0 noc:0.0 cbo:9.0 rfc:39.0 lcom:8.0 ca:0.0 ce:9.0 npm:5.0 lcom3:0.5 loc:288.0 dam:1.0 moa:0.0 mfa:0.631578947 cam:0.375 ic:1.0 cbm:1.0 amc:34.75 max_cc:7.0 avg_cc:2.25", "target": "0"}
{"source": "wmc:4.0 dit:1.0 noc:0.0 cbo:0.0 rfc:12.0 lcom:6.0 ca:0.0 ce:0.0 npm:4.0 lcom3:2.0 loc:50.0 dam:0.0 moa:0.0 mfa:0.0 cam:0.5 ic:0.0 cbm:0.0 amc:11.5 max_cc:2.0 avg_cc:1.0", "target": "0"}
{"source": "wmc:3.0 dit:2.0 noc:0.0 cbo:2.0 rfc:6.0 lcom:3.0 ca:0.0 ce:2.0 npm:1.0 lcom3:2.0 loc:12.0 dam:0.0 moa:0.0 mfa:0.714285714 cam:0.666666667 ic:1.0 cbm:2.0 amc:3.0 max_cc:1.0 avg_cc:0.6667", "target": "0"}
{"source": "wmc:6.0 dit:1.0 noc:0.0 cbo:8.0 rfc:30.0 lcom:0.0 ca:0.0 ce:8.0 npm:4.0 lcom3:0.333333333 loc:163.0 dam:1.0 moa:1.0 mfa:0.0 cam:0.416666667 ic:0.0 cbm:0.0 amc:25.66666667 max_cc:2.0 avg_cc:1.3333", "target": "0"}
{"source": "wmc:32.0 dit:1.0 noc:39.0 cbo:65.0 rfc:56.0 lcom:418.0 ca:54.0 ce:14.0 npm:31.0 lcom3:0.913978495 loc:405.0 dam:0.916666667 moa:7.0 mfa:0.0 cam:0.175 ic:1.0 cbm:1.0 amc:11.28125 max_cc:4.0 avg_cc:1.3438", "target": "1"}
{"source": "wmc:15.0 dit:2.0 noc:0.0 cbo:28.0 rfc:83.0 lcom:25.0 ca:7.0 ce:23.0 npm:13.0 lcom3:0.735294118 loc:1221.0 dam:0.941176471 moa:1.0 mfa:0.697674419 cam:0.251851852 ic:1.0 cbm:2.0 amc:79.26666667 max_cc:18.0 avg_cc:2.2", "target": "1"}
{"source": "wmc:6.0 dit:4.0 noc:0.0 cbo:6.0 rfc:14.0 lcom:0.0 ca:2.0 ce:4.0 npm:5.0 lcom3:0.9 loc:239.0 dam:1.0 moa:0.0 mfa:0.75 cam:0.375 ic:1.0 cbm:3.0 amc:38.5 max_cc:10.0 avg_cc:3.0", "target": "1"}
{"source": "wmc:1.0 dit:1.0 noc:0.0 cbo:5.0 rfc:1.0 lcom:0.0 ca:4.0 ce:1.0 npm:1.0 lcom3:2.0 loc:1.0 dam:0.0 moa:0.0 mfa:0.0 cam:1.0 ic:0.0 cbm:0.0 amc:0.0 max_cc:1.0 avg_cc:1.0", "target": "0"}
{"source": "wmc:4.0 dit:2.0 noc:0.0 cbo:7.0 rfc:17.0 lcom:0.0 ca:1.0 ce:6.0 npm:3.0 lcom3:0.166666667 loc:94.0 dam:1.0 moa:1.0 mfa:0.666666667 cam:0.5 ic:0.0 cbm:0.0 amc:22.0 max_cc:1.0 avg_cc:0.5", "target": "0"}
{"source": "wmc:5.0 dit:2.0 noc:0.0 cbo:9.0 rfc:10.0 lcom:10.0 ca:5.0 ce:6.0 npm:5.0 lcom3:2.0 loc:53.0 dam:0.0 moa:0.0 mfa:0.909090909 cam:0.4 ic:1.0 cbm:1.0 amc:9.6 max_cc:1.0 avg_cc:0.6", "target": "0"}
{"source": "wmc:7.0 dit:1.0 noc:0.0 cbo:3.0 rfc:9.0 lcom:11.0 ca:3.0 ce:0.0 npm:7.0 lcom3:0.611111111 loc:43.0 dam:1.0 moa:0.0 mfa:0.0 cam:0.523809524 ic:0.0 cbm:0.0 amc:4.714285714 max_cc:1.0 avg_cc:0.8571", "target": "0"}
{"source": "wmc:5.0 dit:1.0 noc:1.0 cbo:3.0 rfc:6.0 lcom:10.0 ca:1.0 ce:2.0 npm:5.0 lcom3:2.0 loc:13.0 dam:0.0 moa:0.0 mfa:0.0 cam:0.48 ic:0.0 cbm:0.0 amc:1.6 max_cc:1.0 avg_cc:0.8", "target": "1"}
{"source": "wmc:5.0 dit:2.0 noc:0.0 cbo:14.0 rfc:31.0 lcom:10.0 ca:0.0 ce:14.0 npm:5.0 lcom3:2.0 loc:239.0 dam:0.0 moa:0.0 mfa:0.692307692 cam:0.44 ic:0.0 cbm:0.0 amc:46.8 max_cc:1.0 avg_cc:0.8", "target": "1"}
{"source": "wmc:2.0 dit:2.0 noc:0.0 cbo:2.0 rfc:4.0 lcom:1.0 ca:0.0 ce:2.0 npm:2.0 lcom3:2.0 loc:10.0 dam:0.0 moa:0.0 mfa:0.888888889 cam:0.666666667 ic:0.0 cbm:0.0 amc:4.0 max_cc:1.0 avg_cc:0.5", "target": "0"}
{"source": "wmc:16.0 dit:1.0 noc:0.0 cbo:11.0 rfc:52.0 lcom:112.0 ca:11.0 ce:0.0 npm:12.0 lcom3:0.826666667 loc:854.0 dam:0.533333333 moa:0.0 mfa:0.0 cam:0.226666667 ic:0.0 cbm:0.0 amc:51.4375 max_cc:18.0 avg_cc:4.5625", "target": "0"}
{"source": "wmc:8.0 dit:2.0 noc:0.0 cbo:7.0 rfc:41.0 lcom:2.0 ca:0.0 ce:7.0 npm:6.0 lcom3:0.6 loc:425.0 dam:0.8 moa:0.0 mfa:0.631578947 cam:0.325 ic:1.0 cbm:2.0 amc:51.5 max_cc:6.0 avg_cc:1.875", "target": "0"}
{"source": "wmc:40.0 dit:1.0 noc:0.0 cbo:19.0 rfc:78.0 lcom:0.0 ca:3.0 ce:16.0 npm:39.0 lcom3:0.025641026 loc:208.0 dam:1.0 moa:1.0 mfa:0.0 cam:0.105128205 ic:0.0 cbm:0.0 amc:4.175 max_cc:1.0 avg_cc:0.95", "target": "1"}
{"source": "wmc:3.0 dit:1.0 noc:0.0 cbo:2.0 rfc:3.0 lcom:3.0 ca:1.0 ce:2.0 npm:3.0 lcom3:2.0 loc:3.0 dam:0.0 moa:0.0 mfa:0.0 cam:0.555555556 ic:0.0 cbm:0.0 amc:0.0 max_cc:1.0 avg_cc:1.0", "target": "0"}
{"source": "wmc:1.0 dit:1.0 noc:0.0 cbo:2.0 rfc:1.0 lcom:0.0 ca:2.0 ce:0.0 npm:1.0 lcom3:2.0 loc:1.0 dam:0.0 moa:0.0 mfa:0.0 cam:1.0 ic:0.0 cbm:0.0 amc:0.0 max_cc:1.0 avg_cc:1.0", "target": "0"}
{"source": "wmc:5.0 dit:2.0 noc:0.0 cbo:6.0 rfc:11.0 lcom:8.0 ca:4.0 ce:4.0 npm:5.0 lcom3:0.875 loc:37.0 dam:0.5 moa:0.0 mfa:0.909090909 cam:0.4 ic:0.0 cbm:0.0 amc:6.0 max_cc:1.0 avg_cc:0.6", "target": "1"}
{"source": "wmc:3.0 dit:1.0 noc:0.0 cbo:6.0 rfc:3.0 lcom:3.0 ca:6.0 ce:0.0 npm:3.0 lcom3:2.0 loc:3.0 dam:0.0 moa:0.0 mfa:0.0 cam:0.666666667 ic:0.0 cbm:0.0 amc:0.0 max_cc:1.0 avg_cc:1.0", "target": "0"}
{"source": "wmc:5.0 dit:1.0 noc:0.0 cbo:15.0 rfc:5.0 lcom:10.0 ca:11.0 ce:4.0 npm:5.0 lcom3:2.0 loc:5.0 dam:0.0 moa:0.0 mfa:0.0 cam:0.68 ic:0.0 cbm:0.0 amc:0.0 max_cc:1.0 avg_cc:1.0", "target": "1"}
{"source": "wmc:4.0 dit:1.0 noc:0.0 cbo:9.0 rfc:14.0 lcom:6.0 ca:9.0 ce:0.0 npm:3.0 lcom3:2.0 loc:66.0 dam:0.0 moa:0.0 mfa:0.0 cam:0.416666667 ic:0.0 cbm:0.0 amc:15.5 max_cc:5.0 avg_cc:1.75", "target": "1"}
{"source": "wmc:2.0 dit:2.0 noc:0.0 cbo:2.0 rfc:5.0 lcom:1.0 ca:1.0 ce:1.0 npm:1.0 lcom3:2.0 loc:11.0 dam:0.0 moa:0.0 mfa:0.941176471 cam:0.833333333 ic:1.0 cbm:2.0 amc:4.5 max_cc:1.0 avg_cc:0.5", "target": "0"}
{"source": "wmc:3.0 dit:1.0 noc:0.0 cbo:6.0 rfc:3.0 lcom:3.0 ca:6.0 ce:0.0 npm:3.0 lcom3:2.0 loc:3.0 dam:0.0 moa:0.0 mfa:0.0 cam:0.666666667 ic:0.0 cbm:0.0 amc:0.0 max_cc:1.0 avg_cc:1.0", "target": "0"}
{"source": "wmc:12.0 dit:1.0 noc:0.0 cbo:4.0 rfc:12.0 lcom:66.0 ca:4.0 ce:0.0 npm:12.0 lcom3:2.0 loc:12.0 dam:0.0 moa:0.0 mfa:0.0 cam:0.583333333 ic:0.0 cbm:0.0 amc:0.0 max_cc:1.0 avg_cc:1.0", "target": "0"}
{"source": "wmc:3.0 dit:1.0 noc:0.0 cbo:25.0 rfc:4.0 lcom:3.0 ca:25.0 ce:0.0 npm:3.0 lcom3:1.4375 loc:23.0 dam:0.0 moa:2.0 mfa:0.0 cam:0.5 ic:0.0 cbm:0.0 amc:4.0 max_cc:2.0 avg_cc:1.0", "target": "0"}
{"source": "wmc:3.0 dit:2.0 noc:0.0 cbo:2.0 rfc:6.0 lcom:3.0 ca:0.0 ce:2.0 npm:1.0 lcom3:2.0 loc:12.0 dam:0.0 moa:0.0 mfa:0.714285714 cam:0.666666667 ic:1.0 cbm:2.0 amc:3.0 max_cc:1.0 avg_cc:0.6667", "target": "0"}
{"source": "wmc:5.0 dit:2.0 noc:0.0 cbo:9.0 rfc:10.0 lcom:10.0 ca:5.0 ce:6.0 npm:5.0 lcom3:2.0 loc:53.0 dam:0.0 moa:0.0 mfa:0.909090909 cam:0.4 ic:1.0 cbm:1.0 amc:9.6 max_cc:1.0 avg_cc:0.6", "target": "0"}
{"source": "wmc:12.0 dit:1.0 noc:0.0 cbo:2.0 rfc:25.0 lcom:0.0 ca:1.0 ce:1.0 npm:12.0 lcom3:0.436363636 loc:253.0 dam:1.0 moa:0.0 mfa:0.0 cam:0.395833333 ic:0.0 cbm:0.0 amc:19.66666667 max_cc:3.0 avg_cc:1.3333", "target": "0"}
{"source": "wmc:4.0 dit:1.0 noc:0.0 cbo:8.0 rfc:4.0 lcom:6.0 ca:8.0 ce:0.0 npm:4.0 lcom3:2.0 loc:4.0 dam:0.0 moa:0.0 mfa:0.0 cam:1.0 ic:0.0 cbm:0.0 amc:0.0 max_cc:1.0 avg_cc:1.0", "target": "0"}
{"source": "wmc:6.0 dit:1.0 noc:0.0 cbo:5.0 rfc:34.0 lcom:0.0 ca:1.0 ce:4.0 npm:6.0 lcom3:0.4 loc:211.0 dam:1.0 moa:1.0 mfa:0.0 cam:0.5 ic:0.0 cbm:0.0 amc:33.5 max_cc:2.0 avg_cc:1.1667", "target": "0"}
{"source": "wmc:14.0 dit:1.0 noc:0.0 cbo:7.0 rfc:33.0 lcom:47.0 ca:1.0 ce:6.0 npm:9.0 lcom3:0.721153846 loc:344.0 dam:1.0 moa:0.0 mfa:0.0 cam:0.384615385 ic:0.0 cbm:0.0 amc:23.0 max_cc:9.0 avg_cc:2.5714", "target": "1"}
{"source": "wmc:5.0 dit:5.0 noc:0.0 cbo:28.0 rfc:7.0 lcom:0.0 ca:25.0 ce:3.0 npm:5.0 lcom3:0.6875 loc:45.0 dam:1.0 moa:0.0 mfa:0.823529412 cam:0.5 ic:0.0 cbm:0.0 amc:7.2 max_cc:1.0 avg_cc:0.6", "target": "0"}
{"source": "wmc:3.0 dit:2.0 noc:1.0 cbo:16.0 rfc:13.0 lcom:3.0 ca:11.0 ce:5.0 npm:3.0 lcom3:2.0 loc:74.0 dam:0.0 moa:0.0 mfa:0.666666667 cam:0.444444444 ic:0.0 cbm:0.0 amc:23.66666667 max_cc:1.0 avg_cc:0.3333", "target": "0"}
{"source": "wmc:10.0 dit:1.0 noc:9.0 cbo:26.0 rfc:11.0 lcom:31.0 ca:19.0 ce:8.0 npm:10.0 lcom3:0.777777778 loc:54.0 dam:1.0 moa:1.0 mfa:0.0 cam:0.271428571 ic:0.0 cbm:0.0 amc:4.0 max_cc:1.0 avg_cc:0.9", "target": "1"}
{"source": "wmc:2.0 dit:2.0 noc:0.0 cbo:2.0 rfc:3.0 lcom:1.0 ca:0.0 ce:2.0 npm:2.0 lcom3:2.0 loc:6.0 dam:0.0 moa:0.0 mfa:0.8 cam:0.666666667 ic:0.0 cbm:0.0 amc:2.0 max_cc:1.0 avg_cc:0.5", "target": "0"}
{"source": "wmc:5.0 dit:2.0 noc:0.0 cbo:5.0 rfc:10.0 lcom:8.0 ca:0.0 ce:5.0 npm:5.0 lcom3:0.75 loc:31.0 dam:0.0 moa:0.0 mfa:0.692307692 cam:0.44 ic:0.0 cbm:0.0 amc:5.0 max_cc:1.0 avg_cc:0.8", "target": "1"}
{"source": "wmc:4.0 dit:2.0 noc:0.0 cbo:4.0 rfc:18.0 lcom:0.0 ca:1.0 ce:3.0 npm:2.0 lcom3:0.555555556 loc:128.0 dam:0.333333333 moa:0.0 mfa:0.571428571 cam:0.45 ic:0.0 cbm:0.0 amc:30.25 max_cc:7.0 avg_cc:2.25", "target": "1"}
{"source": "wmc:6.0 dit:2.0 noc:0.0 cbo:14.0 rfc:38.0 lcom:1.0 ca:1.0 ce:13.0 npm:5.0 lcom3:0.6 loc:297.0 dam:1.0 moa:1.0 mfa:0.642857143 cam:0.361111111 ic:0.0 cbm:0.0 amc:47.66666667 max_cc:5.0 avg_cc:1.6667", "target": "1"}
{"source": "wmc:1.0 dit:1.0 noc:0.0 cbo:6.0 rfc:1.0 lcom:0.0 ca:2.0 ce:4.0 npm:1.0 lcom3:2.0 loc:1.0 dam:0.0 moa:0.0 mfa:0.0 cam:1.0 ic:0.0 cbm:0.0 amc:0.0 max_cc:1.0 avg_cc:1.0", "target": "0"}
{"source": "wmc:3.0 dit:3.0 noc:0.0 cbo:7.0 rfc:6.0 lcom:3.0 ca:4.0 ce:4.0 npm:3.0 lcom3:2.0 loc:16.0 dam:0.0 moa:0.0 mfa:0.972222222 cam:0.533333333 ic:1.0 cbm:1.0 amc:4.333333333 max_cc:1.0 avg_cc:0.3333", "target": "0"}
{"source": "wmc:6.0 dit:1.0 noc:1.0 cbo:21.0 rfc:8.0 lcom:9.0 ca:21.0 ce:1.0 npm:5.0 lcom3:0.6 loc:41.0 dam:1.0 moa:0.0 mfa:0.0 cam:0.444444444 ic:0.0 cbm:0.0 amc:5.333333333 max_cc:1.0 avg_cc:0.6667", "target": "0"}
{"source": "wmc:20.0 dit:1.0 noc:1.0 cbo:7.0 rfc:31.0 lcom:110.0 ca:2.0 ce:5.0 npm:19.0 lcom3:0.881578947 loc:160.0 dam:1.0 moa:2.0 mfa:0.0 cam:0.18125 ic:0.0 cbm:0.0 amc:6.6 max_cc:2.0 avg_cc:1.05", "target": "1"}
{"source": "wmc:44.0 dit:1.0 noc:1.0 cbo:44.0 rfc:86.0 lcom:946.0 ca:1.0 ce:43.0 npm:44.0 lcom3:1.0 loc:344.0 dam:1.0 moa:1.0 mfa:0.0 cam:0.064646465 ic:0.0 cbm:0.0 amc:6.772727273 max_cc:1.0 avg_cc:0.9773", "target": "1"}
{"source": "wmc:1.0 dit:1.0 noc:0.0 cbo:6.0 rfc:1.0 lcom:0.0 ca:5.0 ce:1.0 npm:1.0 lcom3:2.0 loc:1.0 dam:0.0 moa:0.0 mfa:0.0 cam:1.0 ic:0.0 cbm:0.0 amc:0.0 max_cc:1.0 avg_cc:1.0", "target": "0"}
{"source": "wmc:2.0 dit:2.0 noc:0.0 cbo:11.0 rfc:16.0 lcom:1.0 ca:6.0 ce:6.0 npm:2.0 lcom3:2.0 loc:87.0 dam:0.0 moa:0.0 mfa:0.947368421 cam:1.0 ic:1.0 cbm:1.0 amc:42.5 max_cc:1.0 avg_cc:0.5", "target": "0"}
{"source": "wmc:4.0 dit:3.0 noc:0.0 cbo:1.0 rfc:8.0 lcom:0.0 ca:1.0 ce:0.0 npm:4.0 lcom3:0.0 loc:31.0 dam:1.0 moa:0.0 mfa:0.918918919 cam:0.666666667 ic:2.0 cbm:9.0 amc:6.5 max_cc:1.0 avg_cc:0.75", "target": "0"}
{"source": "wmc:5.0 dit:2.0 noc:0.0 cbo:5.0 rfc:10.0 lcom:10.0 ca:1.0 ce:4.0 npm:5.0 lcom3:2.0 loc:32.0 dam:0.0 moa:0.0 mfa:0.862068966 cam:0.666666667 ic:0.0 cbm:0.0 amc:5.4 max_cc:1.0 avg_cc:0.8", "target": "0"}
{"source": "wmc:18.0 dit:1.0 noc:0.0 cbo:3.0 rfc:36.0 lcom:133.0 ca:2.0 ce:3.0 npm:18.0 lcom3:0.764705882 loc:298.0 dam:0.0 moa:1.0 mfa:0.0 cam:0.333333333 ic:0.0 cbm:0.0 amc:15.5 max_cc:4.0 avg_cc:1.3889", "target": "0"}
{"source": "wmc:5.0 dit:1.0 noc:0.0 cbo:2.0 rfc:6.0 lcom:0.0 ca:2.0 ce:0.0 npm:4.0 lcom3:0.416666667 loc:103.0 dam:1.0 moa:0.0 mfa:0.0 cam:0.466666667 ic:0.0 cbm:0.0 amc:19.0 max_cc:3.0 avg_cc:1.4", "target": "0"}
{"source": "wmc:3.0 dit:1.0 noc:0.0 cbo:3.0 rfc:11.0 lcom:3.0 ca:1.0 ce:2.0 npm:2.0 lcom3:2.0 loc:41.0 dam:0.0 moa:0.0 mfa:0.0 cam:0.666666667 ic:0.0 cbm:0.0 amc:12.66666667 max_cc:2.0 avg_cc:1.0", "target": "0"}
{"source": "wmc:4.0 dit:1.0 noc:0.0 cbo:1.0 rfc:7.0 lcom:0.0 ca:1.0 ce:0.0 npm:4.0 lcom3:0.333333333 loc:23.0 dam:1.0 moa:0.0 mfa:0.0 cam:0.625 ic:0.0 cbm:0.0 amc:4.5 max_cc:1.0 avg_cc:0.75", "target": "0"}
{"source": "wmc:13.0 dit:1.0 noc:6.0 cbo:17.0 rfc:33.0 lcom:48.0 ca:12.0 ce:6.0 npm:12.0 lcom3:0.847222222 loc:255.0 dam:0.833333333 moa:2.0 mfa:0.0 cam:0.241758242 ic:0.0 cbm:0.0 amc:18.15384615 max_cc:7.0 avg_cc:1.4615", "target": "1"}
{"source": "wmc:10.0 dit:1.0 noc:1.0 cbo:12.0 rfc:46.0 lcom:0.0 ca:1.0 ce:11.0 npm:7.0 lcom3:0.814814815 loc:357.0 dam:0.5 moa:1.0 mfa:0.0 cam:0.422222222 ic:0.0 cbm:0.0 amc:34.1 max_cc:2.0 avg_cc:1.1", "target": "1"}
{"source": "wmc:22.0 dit:3.0 noc:0.0 cbo:12.0 rfc:84.0 lcom:177.0 ca:0.0 ce:12.0 npm:20.0 lcom3:0.928571429 loc:565.0 dam:1.0 moa:0.0 mfa:0.637931034 cam:0.309090909 ic:1.0 cbm:1.0 amc:24.13636364 max_cc:5.0 avg_cc:1.1364", "target": "0"}
{"source": "wmc:3.0 dit:2.0 noc:0.0 cbo:4.0 rfc:7.0 lcom:3.0 ca:0.0 ce:4.0 npm:3.0 lcom3:2.0 loc:18.0 dam:0.0 moa:0.0 mfa:0.714285714 cam:0.5 ic:0.0 cbm:0.0 amc:5.0 max_cc:1.0 avg_cc:0.6667", "target": "0"}
{"source": "wmc:2.0 dit:1.0 noc:0.0 cbo:4.0 rfc:2.0 lcom:1.0 ca:2.0 ce:2.0 npm:2.0 lcom3:2.0 loc:2.0 dam:0.0 moa:0.0 mfa:0.0 cam:0.666666667 ic:0.0 cbm:0.0 amc:0.0 max_cc:1.0 avg_cc:1.0", "target": "0"}
{"source": "wmc:5.0 dit:2.0 noc:0.0 cbo:11.0 rfc:18.0 lcom:10.0 ca:4.0 ce:9.0 npm:5.0 lcom3:2.0 loc:130.0 dam:0.0 moa:0.0 mfa:0.909090909 cam:0.4 ic:1.0 cbm:1.0 amc:25.0 max_cc:1.0 avg_cc:0.6", "target": "1"}
{"source": "wmc:2.0 dit:1.0 noc:0.0 cbo:1.0 rfc:10.0 lcom:1.0 ca:0.0 ce:1.0 npm:2.0 lcom3:2.0 loc:42.0 dam:0.0 moa:0.0 mfa:0.0 cam:0.75 ic:0.0 cbm:0.0 amc:20.0 max_cc:4.0 avg_cc:2.0", "target": "0"}
{"source": "wmc:6.0 dit:1.0 noc:1.0 cbo:5.0 rfc:17.0 lcom:3.0 ca:3.0 ce:2.0 npm:5.0 lcom3:0.4 loc:121.0 dam:1.0 moa:0.0 mfa:0.0 cam:0.388888889 ic:0.0 cbm:0.0 amc:18.83333333 max_cc:5.0 avg_cc:1.8333", "target": "1"}
{"source": "wmc:6.0 dit:2.0 noc:0.0 cbo:18.0 rfc:48.0 lcom:13.0 ca:0.0 ce:18.0 npm:5.0 lcom3:0.8 loc:325.0 dam:1.0 moa:1.0 mfa:0.642857143 cam:0.357142857 ic:0.0 cbm:0.0 amc:52.0 max_cc:1.0 avg_cc:0.8333", "target": "1"}
{"source": "wmc:3.0 dit:1.0 noc:0.0 cbo:5.0 rfc:3.0 lcom:3.0 ca:5.0 ce:0.0 npm:3.0 lcom3:2.0 loc:3.0 dam:0.0 moa:0.0 mfa:0.0 cam:1.0 ic:0.0 cbm:0.0 amc:0.0 max_cc:1.0 avg_cc:1.0", "target": "0"}
{"source": "wmc:5.0 dit:2.0 noc:0.0 cbo:8.0 rfc:13.0 lcom:0.0 ca:4.0 ce:6.0 npm:5.0 lcom3:0.25 loc:62.0 dam:1.0 moa:0.0 mfa:0.909090909 cam:0.433333333 ic:0.0 cbm:0.0 amc:11.2 max_cc:1.0 avg_cc:0.6", "target": "0"}
{"source": "wmc:30.0 dit:1.0 noc:0.0 cbo:10.0 rfc:60.0 lcom:435.0 ca:0.0 ce:10.0 npm:30.0 lcom3:2.0 loc:133.0 dam:0.0 moa:0.0 mfa:0.0 cam:0.133333333 ic:0.0 cbm:0.0 amc:3.433333333 max_cc:1.0 avg_cc:0.9667", "target": "0"}
{"source": "wmc:9.0 dit:1.0 noc:0.0 cbo:3.0 rfc:29.0 lcom:30.0 ca:1.0 ce:2.0 npm:4.0 lcom3:1.0 loc:465.0 dam:0.75 moa:0.0 mfa:0.0 cam:0.236111111 ic:0.0 cbm:0.0 amc:50.22222222 max_cc:17.0 avg_cc:5.1111", "target": "1"}
{"source": "wmc:9.0 dit:1.0 noc:2.0 cbo:26.0 rfc:45.0 lcom:10.0 ca:2.0 ce:24.0 npm:8.0 lcom3:0.8 loc:374.0 dam:0.4 moa:2.0 mfa:0.0 cam:0.365079365 ic:0.0 cbm:0.0 amc:40.0 max_cc:1.0 avg_cc:0.8889", "target": "1"}
{"source": "wmc:5.0 dit:1.0 noc:0.0 cbo:32.0 rfc:5.0 lcom:10.0 ca:32.0 ce:0.0 npm:5.0 lcom3:2.0 loc:5.0 dam:0.0 moa:0.0 mfa:0.0 cam:0.666666667 ic:0.0 cbm:0.0 amc:0.0 max_cc:1.0 avg_cc:1.0", "target": "0"}
{"source": "wmc:5.0 dit:2.0 noc:0.0 cbo:17.0 rfc:38.0 lcom:0.0 ca:4.0 ce:15.0 npm:5.0 lcom3:0.416666667 loc:310.0 dam:1.0 moa:1.0 mfa:0.909090909 cam:0.466666667 ic:0.0 cbm:0.0 amc:60.4 max_cc:1.0 avg_cc:0.6", "target": "0"}
{"source": "wmc:4.0 dit:2.0 noc:0.0 cbo:8.0 rfc:12.0 lcom:6.0 ca:4.0 ce:6.0 npm:4.0 lcom3:2.0 loc:43.0 dam:0.0 moa:0.0 mfa:0.9375 cam:0.416666667 ic:1.0 cbm:1.0 amc:9.75 max_cc:1.0 avg_cc:0.5", "target": "0"}
{"source": "wmc:4.0 dit:1.0 noc:0.0 cbo:2.0 rfc:12.0 lcom:6.0 ca:2.0 ce:0.0 npm:3.0 lcom3:1.0 loc:437.0 dam:0.0 moa:0.0 mfa:0.0 cam:0.375 ic:0.0 cbm:0.0 amc:106.25 max_cc:63.0 avg_cc:23.0", "target": "0"}
{"source": "wmc:6.0 dit:1.0 noc:0.0 cbo:7.0 rfc:20.0 lcom:9.0 ca:7.0 ce:0.0 npm:4.0 lcom3:0.7 loc:185.0 dam:0.25 moa:0.0 mfa:0.0 cam:0.4 ic:0.0 cbm:0.0 amc:29.16666667 max_cc:6.0 avg_cc:2.0", "target": "0"}
{"source": "wmc:5.0 dit:2.0 noc:0.0 cbo:10.0 rfc:11.0 lcom:10.0 ca:6.0 ce:6.0 npm:5.0 lcom3:2.0 loc:31.0 dam:0.0 moa:0.0 mfa:0.909090909 cam:0.4 ic:1.0 cbm:2.0 amc:5.2 max_cc:1.0 avg_cc:0.6", "target": "0"}
{"source": "wmc:5.0 dit:2.0 noc:0.0 cbo:11.0 rfc:18.0 lcom:10.0 ca:4.0 ce:9.0 npm:5.0 lcom3:2.0 loc:129.0 dam:0.0 moa:0.0 mfa:0.909090909 cam:0.4 ic:1.0 cbm:1.0 amc:24.8 max_cc:1.0 avg_cc:0.6", "target": "1"}
{"source": "wmc:2.0 dit:1.0 noc:0.0 cbo:5.0 rfc:2.0 lcom:1.0 ca:5.0 ce:1.0 npm:2.0 lcom3:2.0 loc:2.0 dam:0.0 moa:0.0 mfa:0.0 cam:0.75 ic:0.0 cbm:0.0 amc:0.0 max_cc:1.0 avg_cc:1.0", "target": "0"}
{"source": "wmc:11.0 dit:2.0 noc:0.0 cbo:9.0 rfc:44.0 lcom:27.0 ca:0.0 ce:9.0 npm:6.0 lcom3:0.728571429 loc:559.0 dam:1.0 moa:0.0 mfa:0.545454545 cam:0.285714286 ic:1.0 cbm:1.0 amc:49.18181818 max_cc:5.0 avg_cc:1.9091", "target": "0"}
{"source": "wmc:10.0 dit:3.0 noc:0.0 cbo:7.0 rfc:20.0 lcom:3.0 ca:5.0 ce:2.0 npm:10.0 lcom3:0.555555556 loc:86.0 dam:1.0 moa:0.0 mfa:0.833333333 cam:0.38 ic:1.0 cbm:4.0 amc:7.4 max_cc:1.0 avg_cc:0.6", "target": "0"}
{"source": "wmc:5.0 dit:2.0 noc:0.0 cbo:27.0 rfc:35.0 lcom:0.0 ca:13.0 ce:15.0 npm:5.0 lcom3:0.25 loc:319.0 dam:1.0 moa:1.0 mfa:0.818181818 cam:0.5 ic:1.0 cbm:1.0 amc:62.6 max_cc:1.0 avg_cc:0.8", "target": "1"}
{"source": "wmc:9.0 dit:5.0 noc:0.0 cbo:33.0 rfc:19.0 lcom:0.0 ca:28.0 ce:5.0 npm:9.0 lcom3:0.625 loc:204.0 dam:1.0 moa:0.0 mfa:0.777777778 cam:0.355555556 ic:0.0 cbm:0.0 amc:21.11111111 max_cc:1.0 avg_cc:0.4444", "target": "0"}
{"source": "wmc:4.0 dit:2.0 noc:0.0 cbo:7.0 rfc:24.0 lcom:0.0 ca:1.0 ce:6.0 npm:2.0 lcom3:0.333333333 loc:126.0 dam:1.0 moa:1.0 mfa:0.571428571 cam:0.541666667 ic:0.0 cbm:0.0 amc:30.25 max_cc:2.0 avg_cc:1.0", "target": "0"}
{"source": "wmc:1.0 dit:1.0 noc:0.0 cbo:5.0 rfc:1.0 lcom:0.0 ca:4.0 ce:1.0 npm:1.0 lcom3:2.0 loc:1.0 dam:0.0 moa:0.0 mfa:0.0 cam:1.0 ic:0.0 cbm:0.0 amc:0.0 max_cc:1.0 avg_cc:1.0", "target": "0"}
{"source": "wmc:4.0 dit:2.0 noc:0.0 cbo:9.0 rfc:16.0 lcom:2.0 ca:0.0 ce:9.0 npm:4.0 lcom3:0.666666667 loc:67.0 dam:0.0 moa:1.0 mfa:0.727272727 cam:0.4375 ic:1.0 cbm:1.0 amc:15.5 max_cc:1.0 avg_cc:0.75", "target": "1"}
{"source": "wmc:6.0 dit:1.0 noc:4.0 cbo:12.0 rfc:18.0 lcom:7.0 ca:4.0 ce:8.0 npm:3.0 lcom3:0.666666667 loc:99.0 dam:1.0 moa:1.0 mfa:0.0 cam:0.416666667 ic:0.0 cbm:0.0 amc:15.0 max_cc:4.0 avg_cc:1.8333", "target": "0"}
{"source": "wmc:0.0 dit:1.0 noc:0.0 cbo:1.0 rfc:0.0 lcom:0.0 ca:1.0 ce:0.0 npm:0.0 lcom3:2.0 loc:2.0 dam:0.0 moa:0.0 mfa:0.0 cam:0.0 ic:0.0 cbm:0.0 amc:0.0 max_cc:0.0 avg_cc:0.0", "target": "0"}
{"source": "wmc:10.0 dit:1.0 noc:0.0 cbo:15.0 rfc:81.0 lcom:9.0 ca:0.0 ce:15.0 npm:5.0 lcom3:0.747474747 loc:659.0 dam:0.727272727 moa:3.0 mfa:0.0 cam:0.44 ic:0.0 cbm:0.0 amc:63.8 max_cc:3.0 avg_cc:1.2", "target": "1"}
{"source": "wmc:3.0 dit:1.0 noc:0.0 cbo:9.0 rfc:3.0 lcom:3.0 ca:8.0 ce:1.0 npm:3.0 lcom3:2.0 loc:3.0 dam:0.0 moa:0.0 mfa:0.0 cam:0.666666667 ic:0.0 cbm:0.0 amc:0.0 max_cc:1.0 avg_cc:1.0", "target": "0"}
{"source": "wmc:4.0 dit:1.0 noc:0.0 cbo:6.0 rfc:4.0 lcom:6.0 ca:6.0 ce:0.0 npm:4.0 lcom3:2.0 loc:4.0 dam:0.0 moa:0.0 mfa:0.0 cam:0.5 ic:0.0 cbm:0.0 amc:0.0 max_cc:1.0 avg_cc:1.0", "target": "0"}
{"source": "wmc:5.0 dit:1.0 noc:3.0 cbo:6.0 rfc:6.0 lcom:0.0 ca:5.0 ce:1.0 npm:4.0 lcom3:0.625 loc:30.0 dam:1.0 moa:1.0 mfa:0.0 cam:0.466666667 ic:0.0 cbm:0.0 amc:4.6 max_cc:2.0 avg_cc:1.0", "target": "0"}
{"source": "wmc:2.0 dit:1.0 noc:0.0 cbo:4.0 rfc:5.0 lcom:1.0 ca:1.0 ce:3.0 npm:2.0 lcom3:2.0 loc:20.0 dam:0.0 moa:0.0 mfa:0.0 cam:0.5 ic:0.0 cbm:0.0 amc:9.0 max_cc:4.0 avg_cc:2.0", "target": "0"}
{"source": "wmc:3.0 dit:2.0 noc:0.0 cbo:3.0 rfc:6.0 lcom:3.0 ca:0.0 ce:3.0 npm:3.0 lcom3:2.0 loc:17.0 dam:0.0 moa:0.0 mfa:0.967741935 cam:0.533333333 ic:0.0 cbm:0.0 amc:4.666666667 max_cc:1.0 avg_cc:0.3333", "target": "0"}
{"source": "wmc:25.0 dit:1.0 noc:0.0 cbo:13.0 rfc:59.0 lcom:300.0 ca:1.0 ce:12.0 npm:25.0 lcom3:2.0 loc:220.0 dam:0.0 moa:0.0 mfa:0.0 cam:0.16 ic:0.0 cbm:0.0 amc:7.8 max_cc:2.0 avg_cc:1.0", "target": "1"}
{"source": "wmc:10.0 dit:1.0 noc:0.0 cbo:3.0 rfc:40.0 lcom:39.0 ca:0.0 ce:3.0 npm:4.0 lcom3:0.962962963 loc:470.0 dam:1.0 moa:0.0 mfa:0.0 cam:0.388888889 ic:0.0 cbm:0.0 amc:45.7 max_cc:8.0 avg_cc:2.3", "target": "0"}
{"source": "wmc:3.0 dit:2.0 noc:0.0 cbo:3.0 rfc:6.0 lcom:3.0 ca:0.0 ce:3.0 npm:3.0 lcom3:2.0 loc:17.0 dam:0.0 moa:0.0 mfa:0.967741935 cam:0.533333333 ic:0.0 cbm:0.0 amc:4.666666667 max_cc:1.0 avg_cc:0.3333", "target": "0"}
{"source": "wmc:9.0 dit:2.0 noc:0.0 cbo:18.0 rfc:44.0 lcom:6.0 ca:4.0 ce:14.0 npm:9.0 lcom3:0.763888889 loc:415.0 dam:1.0 moa:1.0 mfa:0.529411765 cam:0.25 ic:0.0 cbm:0.0 amc:44.11111111 max_cc:2.0 avg_cc:1.0", "target": "1"}
{"source": "wmc:3.0 dit:2.0 noc:0.0 cbo:5.0 rfc:6.0 lcom:3.0 ca:4.0 ce:3.0 npm:3.0 lcom3:2.0 loc:17.0 dam:0.0 moa:0.0 mfa:0.967741935 cam:0.533333333 ic:0.0 cbm:0.0 amc:4.666666667 max_cc:1.0 avg_cc:0.3333", "target": "0"}
{"source": "wmc:15.0 dit:1.0 noc:0.0 cbo:17.0 rfc:28.0 lcom:29.0 ca:9.0 ce:10.0 npm:15.0 lcom3:0.69047619 loc:371.0 dam:0.833333333 moa:0.0 mfa:0.0 cam:0.177777778 ic:0.0 cbm:0.0 amc:23.33333333 max_cc:7.0 avg_cc:1.8667", "target": "0"}
{"source": "wmc:7.0 dit:3.0 noc:0.0 cbo:13.0 rfc:31.0 lcom:9.0 ca:0.0 ce:13.0 npm:5.0 lcom3:0.5 loc:298.0 dam:1.0 moa:0.0 mfa:0.625 cam:0.428571429 ic:0.0 cbm:0.0 amc:41.28571429 max_cc:1.0 avg_cc:0.8571", "target": "1"}
{"source": "wmc:7.0 dit:1.0 noc:0.0 cbo:8.0 rfc:20.0 lcom:11.0 ca:0.0 ce:8.0 npm:6.0 lcom3:0.5 loc:91.0 dam:0.333333333 moa:0.0 mfa:0.0 cam:0.5 ic:0.0 cbm:0.0 amc:11.57142857 max_cc:2.0 avg_cc:1.1429", "target": "0"}
{"source": "wmc:5.0 dit:2.0 noc:0.0 cbo:8.0 rfc:12.0 lcom:0.0 ca:4.0 ce:6.0 npm:5.0 lcom3:0.25 loc:54.0 dam:1.0 moa:0.0 mfa:0.909090909 cam:0.433333333 ic:0.0 cbm:0.0 amc:9.6 max_cc:1.0 avg_cc:0.6", "target": "0"}
{"source": "wmc:19.0 dit:1.0 noc:2.0 cbo:25.0 rfc:22.0 lcom:129.0 ca:22.0 ce:4.0 npm:19.0 lcom3:0.916666667 loc:130.0 dam:1.0 moa:2.0 mfa:0.0 cam:0.203007519 ic:0.0 cbm:0.0 amc:5.315789474 max_cc:3.0 avg_cc:1.0526", "target": "1"}
{"source": "wmc:12.0 dit:3.0 noc:0.0 cbo:8.0 rfc:30.0 lcom:64.0 ca:1.0 ce:7.0 npm:11.0 lcom3:1.0 loc:93.0 dam:1.0 moa:0.0 mfa:0.920454545 cam:0.606060606 ic:1.0 cbm:2.0 amc:6.583333333 max_cc:1.0 avg_cc:0.5833", "target": "0"}
{"source": "wmc:5.0 dit:1.0 noc:0.0 cbo:3.0 rfc:19.0 lcom:2.0 ca:0.0 ce:3.0 npm:3.0 lcom3:0.666666667 loc:157.0 dam:1.0 moa:1.0 mfa:0.0 cam:0.333333333 ic:0.0 cbm:0.0 amc:29.8 max_cc:3.0 avg_cc:1.0", "target": "0"}
{"source": "wmc:3.0 dit:2.0 noc:0.0 cbo:2.0 rfc:6.0 lcom:3.0 ca:0.0 ce:2.0 npm:1.0 lcom3:2.0 loc:12.0 dam:0.0 moa:0.0 mfa:0.714285714 cam:0.666666667 ic:1.0 cbm:2.0 amc:3.0 max_cc:1.0 avg_cc:0.6667", "target": "0"}
{"source": "wmc:6.0 dit:2.0 noc:0.0 cbo:8.0 rfc:20.0 lcom:15.0 ca:0.0 ce:8.0 npm:5.0 lcom3:1.0 loc:88.0 dam:0.0 moa:0.0 mfa:0.705882353 cam:0.416666667 ic:1.0 cbm:2.0 amc:13.5 max_cc:2.0 avg_cc:1.0", "target": "0"}
{"source": "wmc:0.0 dit:1.0 noc:0.0 cbo:5.0 rfc:0.0 lcom:0.0 ca:5.0 ce:0.0 npm:0.0 lcom3:2.0 loc:60.0 dam:0.0 moa:0.0 mfa:0.0 cam:0.0 ic:0.0 cbm:0.0 amc:0.0 max_cc:0.0 avg_cc:0.0", "target": "1"}
{"source": "wmc:1.0 dit:1.0 noc:0.0 cbo:3.0 rfc:1.0 lcom:0.0 ca:2.0 ce:1.0 npm:1.0 lcom3:2.0 loc:1.0 dam:0.0 moa:0.0 mfa:0.0 cam:1.0 ic:0.0 cbm:0.0 amc:0.0 max_cc:1.0 avg_cc:1.0", "target": "0"}
{"source": "wmc:5.0 dit:3.0 noc:0.0 cbo:14.0 rfc:36.0 lcom:8.0 ca:0.0 ce:14.0 npm:5.0 lcom3:0.75 loc:322.0 dam:1.0 moa:0.0 mfa:0.714285714 cam:0.44 ic:1.0 cbm:1.0 amc:63.2 max_cc:1.0 avg_cc:0.8", "target": "1"}
{"source": "wmc:4.0 dit:1.0 noc:0.0 cbo:15.0 rfc:4.0 lcom:6.0 ca:14.0 ce:1.0 npm:4.0 lcom3:1.333333333 loc:14.0 dam:0.0 moa:0.0 mfa:0.0 cam:0.55 ic:0.0 cbm:0.0 amc:0.0 max_cc:1.0 avg_cc:1.0", "target": "1"}
{"source": "wmc:5.0 dit:1.0 noc:0.0 cbo:10.0 rfc:39.0 lcom:10.0 ca:1.0 ce:9.0 npm:2.0 lcom3:0.75 loc:344.0 dam:0.0 moa:0.0 mfa:0.0 cam:0.3 ic:0.0 cbm:0.0 amc:67.6 max_cc:4.0 avg_cc:1.4", "target": "1"}
{"source": "wmc:1.0 dit:1.0 noc:0.0 cbo:2.0 rfc:1.0 lcom:0.0 ca:2.0 ce:0.0 npm:0.0 lcom3:2.0 loc:352.0 dam:0.0 moa:0.0 mfa:0.0 cam:0.0 ic:0.0 cbm:0.0 amc:276.0 max_cc:0.0 avg_cc:0.0", "target": "1"}
{"source": "wmc:3.0 dit:2.0 noc:0.0 cbo:2.0 rfc:14.0 lcom:0.0 ca:1.0 ce:1.0 npm:3.0 lcom3:0.0 loc:42.0 dam:1.0 moa:0.0 mfa:0.666666667 cam:0.555555556 ic:0.0 cbm:0.0 amc:12.66666667 max_cc:1.0 avg_cc:0.6667", "target": "0"}
{"source": "wmc:1.0 dit:1.0 noc:0.0 cbo:5.0 rfc:1.0 lcom:0.0 ca:4.0 ce:1.0 npm:1.0 lcom3:2.0 loc:1.0 dam:0.0 moa:0.0 mfa:0.0 cam:1.0 ic:0.0 cbm:0.0 amc:0.0 max_cc:1.0 avg_cc:1.0", "target": "0"}
{"source": "wmc:2.0 dit:2.0 noc:0.0 cbo:2.0 rfc:4.0 lcom:1.0 ca:0.0 ce:2.0 npm:2.0 lcom3:2.0 loc:10.0 dam:0.0 moa:0.0 mfa:0.888888889 cam:0.666666667 ic:0.0 cbm:0.0 amc:4.0 max_cc:1.0 avg_cc:0.5", "target": "0"}
{"source": "wmc:2.0 dit:1.0 noc:0.0 cbo:8.0 rfc:2.0 lcom:1.0 ca:7.0 ce:1.0 npm:2.0 lcom3:2.0 loc:7.0 dam:0.0 moa:0.0 mfa:0.0 cam:0.625 ic:0.0 cbm:0.0 amc:0.0 max_cc:1.0 avg_cc:1.0", "target": "1"}
{"source": "wmc:62.0 dit:1.0 noc:0.0 cbo:42.0 rfc:165.0 lcom:1423.0 ca:3.0 ce:39.0 npm:48.0 lcom3:0.827512473 loc:1691.0 dam:0.608695652 moa:7.0 mfa:0.0 cam:0.135483871 ic:0.0 cbm:0.0 amc:25.90322581 max_cc:6.0 avg_cc:1.3226", "target": "1"}
{"source": "wmc:3.0 dit:5.0 noc:0.0 cbo:2.0 rfc:6.0 lcom:3.0 ca:1.0 ce:1.0 npm:3.0 lcom3:1.5 loc:17.0 dam:1.0 moa:0.0 mfa:1.0 cam:0.777777778 ic:0.0 cbm:0.0 amc:4.333333333 max_cc:0.0 avg_cc:0.0", "target": "0"}
{"source": "wmc:3.0 dit:3.0 noc:0.0 cbo:9.0 rfc:14.0 lcom:3.0 ca:4.0 ce:6.0 npm:3.0 lcom3:2.0 loc:48.0 dam:0.0 moa:0.0 mfa:0.972222222 cam:0.533333333 ic:2.0 cbm:2.0 amc:15.0 max_cc:3.0 avg_cc:1.0", "target": "0"}
{"source": "wmc:5.0 dit:2.0 noc:0.0 cbo:11.0 rfc:18.0 lcom:10.0 ca:4.0 ce:9.0 npm:5.0 lcom3:2.0 loc:130.0 dam:0.0 moa:0.0 mfa:0.909090909 cam:0.4 ic:1.0 cbm:1.0 amc:25.0 max_cc:1.0 avg_cc:0.6", "target": "1"}
{"source": "wmc:4.0 dit:1.0 noc:0.0 cbo:1.0 rfc:25.0 lcom:6.0 ca:0.0 ce:1.0 npm:2.0 lcom3:2.0 loc:145.0 dam:0.0 moa:0.0 mfa:0.0 cam:0.875 ic:0.0 cbm:0.0 amc:35.25 max_cc:2.0 avg_cc:1.0", "target": "0"}
{"source": "wmc:1.0 dit:1.0 noc:0.0 cbo:2.0 rfc:1.0 lcom:0.0 ca:2.0 ce:0.0 npm:0.0 lcom3:2.0 loc:211.0 dam:0.0 moa:0.0 mfa:0.0 cam:0.0 ic:0.0 cbm:0.0 amc:168.0 max_cc:0.0 avg_cc:0.0", "target": "1"}
{"source": "wmc:4.0 dit:2.0 noc:0.0 cbo:8.0 rfc:12.0 lcom:6.0 ca:4.0 ce:6.0 npm:4.0 lcom3:2.0 loc:67.0 dam:0.0 moa:0.0 mfa:0.9375 cam:0.416666667 ic:1.0 cbm:1.0 amc:15.75 max_cc:1.0 avg_cc:0.5", "target": "0"}
{"source": "wmc:5.0 dit:2.0 noc:0.0 cbo:9.0 rfc:10.0 lcom:10.0 ca:5.0 ce:6.0 npm:5.0 lcom3:2.0 loc:39.0 dam:0.0 moa:0.0 mfa:0.909090909 cam:0.4 ic:1.0 cbm:2.0 amc:6.8 max_cc:1.0 avg_cc:0.6", "target": "0"}
{"source": "wmc:3.0 dit:1.0 noc:0.0 cbo:9.0 rfc:3.0 lcom:3.0 ca:6.0 ce:3.0 npm:3.0 lcom3:2.0 loc:3.0 dam:0.0 moa:0.0 mfa:0.0 cam:0.933333333 ic:0.0 cbm:0.0 amc:0.0 max_cc:1.0 avg_cc:1.0", "target": "1"}
{"source": "wmc:3.0 dit:1.0 noc:0.0 cbo:4.0 rfc:8.0 lcom:1.0 ca:3.0 ce:1.0 npm:0.0 lcom3:0.5 loc:45.0 dam:1.0 moa:0.0 mfa:0.0 cam:0.5 ic:0.0 cbm:0.0 amc:13.66666667 max_cc:2.0 avg_cc:0.6667", "target": "0"}
{"source": "wmc:5.0 dit:2.0 noc:1.0 cbo:9.0 rfc:24.0 lcom:4.0 ca:2.0 ce:7.0 npm:3.0 lcom3:0.25 loc:124.0 dam:1.0 moa:1.0 mfa:0.571428571 cam:0.457142857 ic:0.0 cbm:0.0 amc:23.6 max_cc:2.0 avg_cc:0.8", "target": "0"}
{"source": "wmc:4.0 dit:3.0 noc:0.0 cbo:7.0 rfc:26.0 lcom:6.0 ca:1.0 ce:6.0 npm:2.0 lcom3:1.0 loc:132.0 dam:0.0 moa:0.0 mfa:0.777777778 cam:0.583333333 ic:2.0 cbm:2.0 amc:31.75 max_cc:4.0 avg_cc:1.25", "target": "0"}
{"source": "wmc:3.0 dit:1.0 noc:0.0 cbo:3.0 rfc:3.0 lcom:3.0 ca:2.0 ce:1.0 npm:3.0 lcom3:2.0 loc:3.0 dam:0.0 moa:0.0 mfa:0.0 cam:0.833333333 ic:0.0 cbm:0.0 amc:0.0 max_cc:1.0 avg_cc:1.0", "target": "0"}
{"source": "wmc:3.0 dit:1.0 noc:0.0 cbo:2.0 rfc:13.0 lcom:1.0 ca:2.0 ce:0.0 npm:2.0 lcom3:0.5 loc:95.0 dam:1.0 moa:0.0 mfa:0.0 cam:0.5 ic:0.0 cbm:0.0 amc:30.33333333 max_cc:4.0 avg_cc:1.3333", "target": "1"}
{"source": "wmc:3.0 dit:5.0 noc:0.0 cbo:38.0 rfc:6.0 lcom:3.0 ca:37.0 ce:1.0 npm:3.0 lcom3:1.5 loc:17.0 dam:1.0 moa:0.0 mfa:1.0 cam:0.777777778 ic:0.0 cbm:0.0 amc:4.333333333 max_cc:0.0 avg_cc:0.0", "target": "0"}
{"source": "wmc:28.0 dit:1.0 noc:0.0 cbo:11.0 rfc:54.0 lcom:24.0 ca:3.0 ce:8.0 npm:28.0 lcom3:0.679012346 loc:198.0 dam:0.0 moa:3.0 mfa:0.0 cam:0.178571429 ic:0.0 cbm:0.0 amc:5.964285714 max_cc:2.0 avg_cc:1.0357", "target": "1"}
{"source": "wmc:4.0 dit:1.0 noc:0.0 cbo:6.0 rfc:18.0 lcom:0.0 ca:0.0 ce:6.0 npm:4.0 lcom3:0.333333333 loc:74.0 dam:0.0 moa:1.0 mfa:0.0 cam:0.5 ic:0.0 cbm:0.0 amc:17.0 max_cc:3.0 avg_cc:1.25", "target": "0"}
{"source": "wmc:3.0 dit:1.0 noc:0.0 cbo:5.0 rfc:12.0 lcom:0.0 ca:0.0 ce:5.0 npm:3.0 lcom3:0.875 loc:61.0 dam:0.75 moa:1.0 mfa:0.0 cam:0.555555556 ic:0.0 cbm:0.0 amc:18.0 max_cc:4.0 avg_cc:1.6667", "target": "1"}
{"source": "wmc:28.0 dit:1.0 noc:3.0 cbo:8.0 rfc:55.0 lcom:0.0 ca:3.0 ce:5.0 npm:28.0 lcom3:0.0 loc:162.0 dam:1.0 moa:1.0 mfa:0.0 cam:0.178571429 ic:0.0 cbm:0.0 amc:4.75 max_cc:1.0 avg_cc:0.9643", "target": "1"}
{"source": "wmc:1.0 dit:1.0 noc:0.0 cbo:6.0 rfc:2.0 lcom:0.0 ca:6.0 ce:0.0 npm:1.0 lcom3:2.0 loc:6.0 dam:0.0 moa:0.0 mfa:0.0 cam:1.0 ic:0.0 cbm:0.0 amc:3.0 max_cc:0.0 avg_cc:0.0", "target": "0"}
{"source": "wmc:6.0 dit:2.0 noc:0.0 cbo:9.0 rfc:15.0 lcom:11.0 ca:3.0 ce:8.0 npm:5.0 lcom3:0.8 loc:73.0 dam:1.0 moa:0.0 mfa:0.909090909 cam:0.4 ic:0.0 cbm:0.0 amc:10.83333333 max_cc:4.0 avg_cc:1.0", "target": "1"}
{"source": "wmc:2.0 dit:2.0 noc:2.0 cbo:6.0 rfc:6.0 lcom:1.0 ca:2.0 ce:4.0 npm:1.0 lcom3:2.0 loc:19.0 dam:0.0 moa:0.0 mfa:0.9 cam:0.75 ic:0.0 cbm:0.0 amc:8.5 max_cc:2.0 avg_cc:1.0", "target": "0"}
{"source": "wmc:18.0 dit:2.0 noc:0.0 cbo:4.0 rfc:36.0 lcom:0.0 ca:1.0 ce:3.0 npm:13.0 lcom3:0.79144385 loc:375.0 dam:0.545454545 moa:5.0 mfa:0.375 cam:0.226890756 ic:1.0 cbm:2.0 amc:19.22222222 max_cc:1.0 avg_cc:0.8333", "target": "0"}
{"source": "wmc:4.0 dit:2.0 noc:0.0 cbo:6.0 rfc:7.0 lcom:6.0 ca:4.0 ce:4.0 npm:4.0 lcom3:2.0 loc:20.0 dam:0.0 moa:0.0 mfa:0.9375 cam:0.416666667 ic:0.0 cbm:0.0 amc:4.0 max_cc:1.0 avg_cc:0.5", "target": "0"}
{"source": "wmc:6.0 dit:2.0 noc:0.0 cbo:6.0 rfc:9.0 lcom:13.0 ca:4.0 ce:4.0 npm:5.0 lcom3:0.8 loc:28.0 dam:1.0 moa:0.0 mfa:0.909090909 cam:0.4 ic:0.0 cbm:0.0 amc:3.5 max_cc:1.0 avg_cc:0.5", "target": "0"}
{"source": "wmc:3.0 dit:2.0 noc:0.0 cbo:4.0 rfc:8.0 lcom:3.0 ca:1.0 ce:3.0 npm:3.0 lcom3:2.0 loc:23.0 dam:0.0 moa:0.0 mfa:0.984615385 cam:0.5 ic:1.0 cbm:1.0 amc:6.666666667 max_cc:1.0 avg_cc:0.3333", "target": "0"}
{"source": "wmc:7.0 dit:2.0 noc:0.0 cbo:16.0 rfc:36.0 lcom:9.0 ca:4.0 ce:14.0 npm:5.0 lcom3:0.604166667 loc:271.0 dam:0.875 moa:3.0 mfa:0.857142857 cam:0.326530612 ic:1.0 cbm:1.0 amc:36.57142857 max_cc:1.0 avg_cc:0.7143", "target": "0"}
{"source": "wmc:7.0 dit:2.0 noc:5.0 cbo:16.0 rfc:23.0 lcom:9.0 ca:5.0 ce:11.0 npm:6.0 lcom3:0.5 loc:163.0 dam:1.0 moa:0.0 mfa:0.857142857 cam:0.387755102 ic:1.0 cbm:1.0 amc:22.14285714 max_cc:1.0 avg_cc:0.7143", "target": "0"}
{"source": "wmc:0.0 dit:1.0 noc:0.0 cbo:16.0 rfc:0.0 lcom:0.0 ca:16.0 ce:0.0 npm:0.0 lcom3:2.0 loc:0.0 dam:0.0 moa:0.0 mfa:0.0 cam:0.0 ic:0.0 cbm:0.0 amc:0.0 max_cc:0.0 avg_cc:0.0", "target": "0"}
{"source": "wmc:3.0 dit:1.0 noc:0.0 cbo:4.0 rfc:3.0 lcom:3.0 ca:2.0 ce:2.0 npm:3.0 lcom3:2.0 loc:3.0 dam:0.0 moa:0.0 mfa:0.0 cam:0.555555556 ic:0.0 cbm:0.0 amc:0.0 max_cc:1.0 avg_cc:1.0", "target": "0"}
{"source": "wmc:24.0 dit:1.0 noc:0.0 cbo:2.0 rfc:36.0 lcom:0.0 ca:1.0 ce:1.0 npm:21.0 lcom3:0.508152174 loc:1008.0 dam:0.6875 moa:0.0 mfa:0.0 cam:0.3125 ic:0.0 cbm:0.0 amc:40.33333333 max_cc:7.0 avg_cc:1.5", "target": "0"}
{"source": "wmc:3.0 dit:2.0 noc:0.0 cbo:3.0 rfc:6.0 lcom:3.0 ca:0.0 ce:3.0 npm:3.0 lcom3:2.0 loc:17.0 dam:0.0 moa:0.0 mfa:0.967741935 cam:0.533333333 ic:0.0 cbm:0.0 amc:4.666666667 max_cc:1.0 avg_cc:0.3333", "target": "0"}
{"source": "wmc:6.0 dit:1.0 noc:0.0 cbo:7.0 rfc:24.0 lcom:0.0 ca:1.0 ce:6.0 npm:6.0 lcom3:0.4 loc:91.0 dam:1.0 moa:1.0 mfa:0.0 cam:0.458333333 ic:0.0 cbm:0.0 amc:13.83333333 max_cc:2.0 avg_cc:1.0", "target": "0"}
{"source": "wmc:9.0 dit:2.0 noc:0.0 cbo:9.0 rfc:26.0 lcom:24.0 ca:1.0 ce:9.0 npm:5.0 lcom3:0.85 loc:119.0 dam:1.0 moa:2.0 mfa:0.529411765 cam:0.296296296 ic:0.0 cbm:0.0 amc:11.66666667 max_cc:2.0 avg_cc:1.0", "target": "1"}
{"source": "wmc:40.0 dit:1.0 noc:0.0 cbo:73.0 rfc:40.0 lcom:780.0 ca:63.0 ce:16.0 npm:40.0 lcom3:2.0 loc:40.0 dam:0.0 moa:0.0 mfa:0.0 cam:0.1875 ic:0.0 cbm:0.0 amc:0.0 max_cc:1.0 avg_cc:1.0", "target": "1"}
{"source": "wmc:6.0 dit:3.0 noc:0.0 cbo:7.0 rfc:12.0 lcom:0.0 ca:1.0 ce:6.0 npm:6.0 lcom3:0.0 loc:98.0 dam:1.0 moa:2.0 mfa:0.736842105 cam:0.527777778 ic:0.0 cbm:0.0 amc:15.0 max_cc:1.0 avg_cc:0.8333", "target": "1"}
{"source": "wmc:4.0 dit:1.0 noc:0.0 cbo:1.0 rfc:16.0 lcom:0.0 ca:1.0 ce:0.0 npm:4.0 lcom3:0.444444444 loc:77.0 dam:1.0 moa:0.0 mfa:0.0 cam:0.625 ic:0.0 cbm:0.0 amc:17.5 max_cc:2.0 avg_cc:1.25", "target": "0"}
{"source": "wmc:17.0 dit:1.0 noc:0.0 cbo:5.0 rfc:17.0 lcom:136.0 ca:3.0 ce:2.0 npm:17.0 lcom3:2.0 loc:17.0 dam:0.0 moa:0.0 mfa:0.0 cam:0.210084034 ic:0.0 cbm:0.0 amc:0.0 max_cc:1.0 avg_cc:1.0", "target": "1"}
{"source": "wmc:15.0 dit:4.0 noc:0.0 cbo:22.0 rfc:89.0 lcom:51.0 ca:1.0 ce:22.0 npm:11.0 lcom3:0.826530612 loc:776.0 dam:0.857142857 moa:1.0 mfa:0.847826087 cam:0.373333333 ic:2.0 cbm:2.0 amc:49.8 max_cc:5.0 avg_cc:1.4667", "target": "0"}
{"source": "wmc:0.0 dit:1.0 noc:0.0 cbo:67.0 rfc:0.0 lcom:0.0 ca:64.0 ce:4.0 npm:0.0 lcom3:2.0 loc:0.0 dam:0.0 moa:0.0 mfa:0.0 cam:0.0 ic:0.0 cbm:0.0 amc:0.0 max_cc:0.0 avg_cc:0.0", "target": "0"}
{"source": "wmc:4.0 dit:1.0 noc:0.0 cbo:6.0 rfc:10.0 lcom:6.0 ca:1.0 ce:5.0 npm:4.0 lcom3:2.0 loc:34.0 dam:0.0 moa:0.0 mfa:0.0 cam:0.5 ic:0.0 cbm:0.0 amc:7.5 max_cc:1.0 avg_cc:0.75", "target": "0"}
{"source": "wmc:5.0 dit:2.0 noc:0.0 cbo:9.0 rfc:13.0 lcom:8.0 ca:4.0 ce:7.0 npm:5.0 lcom3:0.75 loc:41.0 dam:1.0 moa:0.0 mfa:0.909090909 cam:0.4 ic:0.0 cbm:0.0 amc:7.0 max_cc:1.0 avg_cc:0.6", "target": "1"}
{"source": "wmc:25.0 dit:1.0 noc:0.0 cbo:54.0 rfc:25.0 lcom:300.0 ca:47.0 ce:7.0 npm:25.0 lcom3:2.0 loc:25.0 dam:0.0 moa:0.0 mfa:0.0 cam:0.24 ic:0.0 cbm:0.0 amc:0.0 max_cc:1.0 avg_cc:1.0", "target": "1"}
{"source": "wmc:3.0 dit:1.0 noc:0.0 cbo:6.0 rfc:3.0 lcom:3.0 ca:2.0 ce:4.0 npm:3.0 lcom3:1.5 loc:5.0 dam:0.0 moa:0.0 mfa:0.0 cam:0.583333333 ic:0.0 cbm:0.0 amc:0.0 max_cc:1.0 avg_cc:1.0", "target": "1"}
{"source": "wmc:7.0 dit:1.0 noc:0.0 cbo:2.0 rfc:14.0 lcom:0.0 ca:0.0 ce:2.0 npm:7.0 lcom3:0.416666667 loc:63.0 dam:1.0 moa:0.0 mfa:0.0 cam:0.857142857 ic:0.0 cbm:0.0 amc:7.714285714 max_cc:1.0 avg_cc:0.8571", "target": "0"}
