{"source": "wmc:34.0 dit:2.0 noc:0.0 cbo:14.0 rfc:74.0 lcom:0.0 ca:1.0 ce:14.0 npm:21.0 lcom3:0.672727273 loc:2890.0 dam:1.0 moa:2.0 mfa:0.179487179 cam:0.160839161 ic:1.0 cbm:3.0 amc:83.55882353 max_cc:2.0 avg_cc:1.0588", "target": "0"}
{"source": "wmc:46.0 dit:1.0 noc:0.0 cbo:13.0 rfc:61.0 lcom:833.0 ca:11.0 ce:2.0 npm:46.0 lcom3:0.903703704 loc:579.0 dam:1.0 moa:1.0 mfa:0.0 cam:0.220496894 ic:0.0 cbm:0.0 amc:11.19565217 max_cc:12.0 avg_cc:1.6522", "target": "0"}
{"source": "wmc:4.0 dit:1.0 noc:0.0 cbo:0.0 rfc:4.0 lcom:6.0 ca:0.0 ce:0.0 npm:4.0 lcom3:2.0 loc:4.0 dam:0.0 moa:0.0 mfa:0.0 cam:0.75 ic:0.0 cbm:0.0 amc:0.0 max_cc:1.0 avg_cc:1.0", "target": "0"}
{"source": "wmc:4.0 dit:1.0 noc:0.0 cbo:0.0 rfc:4.0 lcom:6.0 ca:0.0 ce:0.0 npm:4.0 lcom3:2.0 loc:4.0 dam:0.0 moa:0.0 mfa:0.0 cam:0.5 ic:0.0 cbm:0.0 amc:0.0 max_cc:1.0 avg_cc:1.0", "target": "0"}
{"source": "wmc:41.0 dit:2.0 noc:0.0 cbo:11.0 rfc:75.0 lcom:280.0 ca:2.0 ce:9.0 npm:35.0 lcom3:0.903947368 loc:1225.0 dam:1.0 moa:10.0 mfa:0.487179487 cam:0.306620209 ic:1.0 cbm:7.0 amc:28.41463415 max_cc:3.0 avg_cc:1.1951", "target": "0"}
{"source": "wmc:17.0 dit:1.0 noc:1.0 cbo:0.0 rfc:37.0 lcom:136.0 ca:0.0 ce:0.0 npm:16.0 lcom3:2.0 loc:254.0 dam:0.0 moa:0.0 mfa:0.0 cam:0.308823529 ic:0.0 cbm:0.0 amc:13.94117647 max_cc:1.0 avg_cc:0.9412", "target": "0"}
{"source": "wmc:2.0 dit:1.0 noc:0.0 cbo:2.0 rfc:2.0 lcom:1.0 ca:1.0 ce:1.0 npm:2.0 lcom3:2.0 loc:2.0 dam:0.0 moa:0.0 mfa:0.0 cam:0.75 ic:0.0 cbm:0.0 amc:0.0 max_cc:1.0 avg_cc:1.0", "target": "0"}
{"source": "wmc:2.0 dit:1.0 noc:0.0 cbo:0.0 rfc:2.0 lcom:1.0 ca:0.0 ce:0.0 npm:2.0 lcom3:2.0 loc:2.0 dam:0.0 moa:0.0 mfa:0.0 cam:0.75 ic:0.0 cbm:0.0 amc:0.0 max_cc:1.0 avg_cc:1.0", "target": "0"}
{"source": "wmc:4.0 dit:1.0 noc:0.0 cbo:2.0 rfc:4.0 lcom:6.0 ca:1.0 ce:1.0 npm:4.0 lcom3:2.0 loc:4.0 dam:0.0 moa:0.0 mfa:0.0 cam:0.75 ic:0.0 cbm:0.0 amc:0.0 max_cc:1.0 avg_cc:1.0", "target": "0"}
{"source": "wmc:3.0 dit:1.0 noc:0.0 cbo:0.0 rfc:5.0 lcom:1.0 ca:0.0 ce:0.0 npm:2.0 lcom3:0.5 loc:14.0 dam:0.0 moa:0.0 mfa:0.0 cam:0.5 ic:0.0 cbm:0.0 amc:3.333333333 max_cc:1.0 avg_cc:0.3333", "target": "1"}
{"source": "wmc:4.0 dit:4.0 noc:0.0 cbo:2.0 rfc:6.0 lcom:6.0 ca:1.0 ce:2.0 npm:4.0 lcom3:1.333333333 loc:16.0 dam:0.0 moa:0.0 mfa:0.975308642 cam:0.625 ic:2.0 cbm:5.0 amc:2.75 max_cc:1.0 avg_cc:0.5", "target": "0"}
{"source": "wmc:9.0 dit:1.0 noc:4.0 cbo:8.0 rfc:11.0 lcom:20.0 ca:6.0 ce:2.0 npm:0.0 lcom3:0.825 loc:77.0 dam:1.0 moa:3.0 mfa:0.0 cam:0.518518519 ic:0.0 cbm:0.0 amc:7.0 max_cc:1.0 avg_cc:0.8889", "target": "0"}
{"source": "wmc:3.0 dit:1.0 noc:0.0 cbo:28.0 rfc:3.0 lcom:3.0 ca:27.0 ce:1.0 npm:3.0 lcom3:1.5 loc:17.0 dam:0.0 moa:0.0 mfa:0.0 cam:0.666666667 ic:0.0 cbm:0.0 amc:0.0 max_cc:1.0 avg_cc:1.0", "target": "0"}
{"source": "wmc:1.0 dit:1.0 noc:0.0 cbo:0.0 rfc:1.0 lcom:0.0 ca:0.0 ce:0.0 npm:1.0 lcom3:2.0 loc:1.0 dam:0.0 moa:0.0 mfa:0.0 cam:1.0 ic:0.0 cbm:0.0 amc:0.0 max_cc:1.0 avg_cc:1.0", "target": "0"}
{"source": "wmc:3.0 dit:4.0 noc:0.0 cbo:2.0 rfc:14.0 lcom:3.0 ca:1.0 ce:2.0 npm:3.0 lcom3:2.0 loc:60.0 dam:0.0 moa:0.0 mfa:0.979166667 cam:0.666666667 ic:0.0 cbm:0.0 amc:19.0 max_cc:3.0 avg_cc:1.6667", "target": "0"}
{"source": "wmc:7.0 dit:4.0 noc:0.0 cbo:3.0 rfc:10.0 lcom:21.0 ca:0.0 ce:3.0 npm:7.0 lcom3:2.0 loc:39.0 dam:0.0 moa:0.0 mfa:0.931818182 cam:0.571428571 ic:1.0 cbm:6.0 amc:4.571428571 max_cc:1.0 avg_cc:0.8571", "target": "0"}
{"source": "wmc:12.0 dit:4.0 noc:0.0 cbo:3.0 rfc:22.0 lcom:66.0 ca:0.0 ce:3.0 npm:12.0 lcom3:2.0 loc:97.0 dam:0.0 moa:0.0 mfa:0.895238095 cam:0.316666667 ic:1.0 cbm:1.0 amc:7.083333333 max_cc:3.0 avg_cc:1.25", "target": "0"}
{"source": "wmc:17.0 dit:1.0 noc:0.0 cbo:8.0 rfc:54.0 lcom:134.0 ca:7.0 ce:3.0 npm:5.0 lcom3:0.9375 loc:867.0 dam:0.0 moa:1.0 mfa:0.0 cam:0.2125 ic:0.0 cbm:0.0 amc:49.88235294 max_cc:19.0 avg_cc:4.7059", "target": "0"}
{"source": "wmc:32.0 dit:3.0 noc:7.0 cbo:16.0 rfc:77.0 lcom:236.0 ca:8.0 ce:11.0 npm:14.0 lcom3:0.650537634 loc:1240.0 dam:0.833333333 moa:3.0 mfa:0.625 cam:0.180555556 ic:2.0 cbm:25.0 amc:37.5625 max_cc:11.0 avg_cc:2.3438", "target": "0"}
{"source": "wmc:20.0 dit:1.0 noc:1.0 cbo:0.0 rfc:47.0 lcom:152.0 ca:0.0 ce:0.0 npm:16.0 lcom3:0.915789474 loc:325.0 dam:0.9 moa:0.0 mfa:0.0 cam:0.355263158 ic:0.0 cbm:0.0 amc:14.75 max_cc:10.0 avg_cc:1.4", "target": "1"}
{"source": "wmc:18.0 dit:2.0 noc:0.0 cbo:6.0 rfc:35.0 lcom:0.0 ca:6.0 ce:1.0 npm:1.0 lcom3:0.680672269 loc:2128.0 dam:0.142857143 moa:1.0 mfa:0.734375 cam:0.361111111 ic:1.0 cbm:7.0 amc:116.8333333 max_cc:17.0 avg_cc:8.0", "target": "0"}
{"source": "wmc:2.0 dit:3.0 noc:0.0 cbo:11.0 rfc:3.0 lcom:0.0 ca:11.0 ce:0.0 npm:2.0 lcom3:1.0 loc:13.0 dam:0.5 moa:0.0 mfa:0.944444444 cam:0.75 ic:0.0 cbm:0.0 amc:4.5 max_cc:1.0 avg_cc:0.5", "target": "0"}
{"source": "wmc:0.0 dit:1.0 noc:0.0 cbo:8.0 rfc:0.0 lcom:0.0 ca:8.0 ce:0.0 npm:0.0 lcom3:2.0 loc:0.0 dam:0.0 moa:0.0 mfa:0.0 cam:0.0 ic:0.0 cbm:0.0 amc:0.0 max_cc:0.0 avg_cc:0.0", "target": "0"}
{"source": "wmc:10.0 dit:2.0 noc:0.0 cbo:7.0 rfc:29.0 lcom:37.0 ca:1.0 ce:6.0 npm:6.0 lcom3:0.698412698 loc:228.0 dam:1.0 moa:3.0 mfa:0.363636364 cam:0.263888889 ic:0.0 cbm:0.0 amc:21.1 max_cc:1.0 avg_cc:0.7", "target": "0"}
{"source": "wmc:0.0 dit:1.0 noc:0.0 cbo:2.0 rfc:0.0 lcom:0.0 ca:1.0 ce:1.0 npm:0.0 lcom3:2.0 loc:0.0 dam:0.0 moa:0.0 mfa:0.0 cam:0.0 ic:0.0 cbm:0.0 amc:0.0 max_cc:0.0 avg_cc:0.0", "target": "0"}
{"source": "wmc:4.0 dit:1.0 noc:0.0 cbo:0.0 rfc:4.0 lcom:6.0 ca:0.0 ce:0.0 npm:4.0 lcom3:2.0 loc:4.0 dam:0.0 moa:0.0 mfa:0.0 cam:0.5 ic:0.0 cbm:0.0 amc:0.0 max_cc:1.0 avg_cc:1.0", "target": "0"}
{"source": "wmc:3.0 dit:4.0 noc:0.0 cbo:2.0 rfc:6.0 lcom:3.0 ca:0.0 ce:2.0 npm:3.0 lcom3:2.0 loc:17.0 dam:0.0 moa:0.0 mfa:0.979166667 cam:0.5 ic:0.0 cbm:0.0 amc:4.666666667 max_cc:1.0 avg_cc:0.6667", "target": "0"}
{"source": "wmc:3.0 dit:1.0 noc:0.0 cbo:10.0 rfc:13.0 lcom:0.0 ca:5.0 ce:5.0 npm:2.0 lcom3:0.166666667 loc:167.0 dam:1.0 moa:2.0 mfa:0.0 cam:0.5 ic:0.0 cbm:0.0 amc:53.66666667 max_cc:1.0 avg_cc:0.3333", "target": "1"}
{"source": "wmc:15.0 dit:4.0 noc:1.0 cbo:9.0 rfc:27.0 lcom:57.0 ca:6.0 ce:4.0 npm:14.0 lcom3:0.821428571 loc:200.0 dam:0.875 moa:3.0 mfa:0.858695652 cam:0.383333333 ic:2.0 cbm:8.0 amc:11.8 max_cc:2.0 avg_cc:1.5333", "target": "0"}
{"source": "wmc:2.0 dit:2.0 noc:0.0 cbo:4.0 rfc:3.0 lcom:1.0 ca:3.0 ce:1.0 npm:2.0 lcom3:2.0 loc:8.0 dam:0.0 moa:0.0 mfa:0.888888889 cam:0.75 ic:0.0 cbm:0.0 amc:3.0 max_cc:1.0 avg_cc:0.5", "target": "0"}
{"source": "wmc:9.0 dit:4.0 noc:0.0 cbo:2.0 rfc:12.0 lcom:36.0 ca:0.0 ce:2.0 npm:9.0 lcom3:2.0 loc:50.0 dam:0.0 moa:0.0 mfa:0.921568627 cam:0.555555556 ic:0.0 cbm:0.0 amc:4.555555556 max_cc:1.0 avg_cc:0.8889", "target": "0"}
{"source": "wmc:20.0 dit:1.0 noc:0.0 cbo:1.0 rfc:29.0 lcom:58.0 ca:1.0 ce:0.0 npm:14.0 lcom3:0.547368421 loc:547.0 dam:0.2 moa:3.0 mfa:0.0 cam:0.31 ic:0.0 cbm:0.0 amc:26.1 max_cc:10.0 avg_cc:3.95", "target": "1"}
{"source": "wmc:9.0 dit:4.0 noc:0.0 cbo:3.0 rfc:12.0 lcom:36.0 ca:0.0 ce:3.0 npm:9.0 lcom3:2.0 loc:50.0 dam:0.0 moa:0.0 mfa:0.911111111 cam:0.555555556 ic:1.0 cbm:6.0 amc:4.555555556 max_cc:1.0 avg_cc:0.8889", "target": "0"}
{"source": "wmc:1.0 dit:1.0 noc:0.0 cbo:0.0 rfc:2.0 lcom:0.0 ca:0.0 ce:0.0 npm:1.0 lcom3:2.0 loc:9.0 dam:0.0 moa:0.0 mfa:0.0 cam:1.0 ic:0.0 cbm:0.0 amc:3.0 max_cc:0.0 avg_cc:0.0", "target": "0"}
{"source": "wmc:4.0 dit:1.0 noc:0.0 cbo:2.0 rfc:4.0 lcom:6.0 ca:1.0 ce:1.0 npm:4.0 lcom3:2.0 loc:4.0 dam:0.0 moa:0.0 mfa:0.0 cam:0.75 ic:0.0 cbm:0.0 amc:0.0 max_cc:1.0 avg_cc:1.0", "target": "0"}
{"source": "wmc:1.0 dit:4.0 noc:0.0 cbo:3.0 rfc:2.0 lcom:0.0 ca:0.0 ce:3.0 npm:1.0 lcom3:2.0 loc:6.0 dam:0.0 moa:0.0 mfa:1.0 cam:1.0 ic:0.0 cbm:0.0 amc:5.0 max_cc:0.0 avg_cc:0.0", "target": "0"}
{"source": "wmc:10.0 dit:4.0 noc:1.0 cbo:6.0 rfc:29.0 lcom:43.0 ca:3.0 ce:4.0 npm:9.0 lcom3:0.944444444 loc:115.0 dam:0.5 moa:0.0 mfa:0.897727273 cam:0.325 ic:2.0 cbm:8.0 amc:10.3 max_cc:6.0 avg_cc:1.5", "target": "1"}
{"source": "wmc:29.0 dit:4.0 noc:4.0 cbo:17.0 rfc:75.0 lcom:80.0 ca:12.0 ce:9.0 npm:24.0 lcom3:0.738095238 loc:665.0 dam:0.666666667 moa:1.0 mfa:0.745283019 cam:0.337931034 ic:2.0 cbm:13.0 amc:21.82758621 max_cc:11.0 avg_cc:2.7931", "target": "1"}
{"source": "wmc:26.0 dit:1.0 noc:0.0 cbo:0.0 rfc:26.0 lcom:325.0 ca:0.0 ce:0.0 npm:26.0 lcom3:2.0 loc:26.0 dam:0.0 moa:0.0 mfa:0.0 cam:0.487179487 ic:0.0 cbm:0.0 amc:0.0 max_cc:1.0 avg_cc:1.0", "target": "0"}
{"source": "wmc:6.0 dit:3.0 noc:2.0 cbo:9.0 rfc:21.0 lcom:15.0 ca:7.0 ce:3.0 npm:6.0 lcom3:1.2 loc:88.0 dam:0.0 moa:0.0 mfa:0.915254237 cam:0.333333333 ic:1.0 cbm:4.0 amc:13.5 max_cc:2.0 avg_cc:1.1667", "target": "0"}
{"source": "wmc:45.0 dit:2.0 noc:0.0 cbo:13.0 rfc:63.0 lcom:862.0 ca:3.0 ce:10.0 npm:16.0 lcom3:0.896780303 loc:962.0 dam:0.875 moa:6.0 mfa:0.463414634 cam:0.119298246 ic:1.0 cbm:5.0 amc:19.84444444 max_cc:5.0 avg_cc:1.5556", "target": "1"}
{"source": "wmc:36.0 dit:1.0 noc:0.0 cbo:0.0 rfc:69.0 lcom:246.0 ca:0.0 ce:0.0 npm:35.0 lcom3:0.804761905 loc:436.0 dam:1.0 moa:6.0 mfa:0.0 cam:0.125925926 ic:0.0 cbm:0.0 amc:10.94444444 max_cc:2.0 avg_cc:1.1389", "target": "0"}
{"source": "wmc:11.0 dit:2.0 noc:0.0 cbo:8.0 rfc:38.0 lcom:35.0 ca:1.0 ce:7.0 npm:7.0 lcom3:0.833333333 loc:253.0 dam:0.666666667 moa:2.0 mfa:0.307692308 cam:0.232323232 ic:0.0 cbm:0.0 amc:21.18181818 max_cc:6.0 avg_cc:1.2727", "target": "1"}
{"source": "wmc:6.0 dit:3.0 noc:1.0 cbo:3.0 rfc:21.0 lcom:3.0 ca:2.0 ce:2.0 npm:4.0 lcom3:0.9 loc:192.0 dam:0.5 moa:0.0 mfa:0.947368421 cam:0.611111111 ic:3.0 cbm:3.0 amc:30.33333333 max_cc:3.0 avg_cc:1.3333", "target": "1"}
{"source": "wmc:14.0 dit:1.0 noc:0.0 cbo:0.0 rfc:14.0 lcom:91.0 ca:0.0 ce:0.0 npm:14.0 lcom3:2.0 loc:14.0 dam:0.0 moa:0.0 mfa:0.0 cam:0.5 ic:0.0 cbm:0.0 amc:0.0 max_cc:1.0 avg_cc:1.0", "target": "0"}
{"source": "wmc:9.0 dit:1.0 noc:6.0 cbo:10.0 rfc:12.0 lcom:0.0 ca:6.0 ce:4.0 npm:5.0 lcom3:0.65 loc:183.0 dam:1.0 moa:3.0 mfa:0.0 cam:0.466666667 ic:0.0 cbm:0.0 amc:18.22222222 max_cc:2.0 avg_cc:0.8889", "target": "0"}
{"source": "wmc:11.0 dit:4.0 noc:0.0 cbo:3.0 rfc:14.0 lcom:55.0 ca:0.0 ce:3.0 npm:11.0 lcom3:2.0 loc:61.0 dam:0.0 moa:0.0 mfa:0.891304348 cam:0.545454545 ic:1.0 cbm:4.0 amc:4.545454545 max_cc:1.0 avg_cc:0.9091", "target": "0"}
{"source": "wmc:17.0 dit:1.0 noc:0.0 cbo:0.0 rfc:17.0 lcom:136.0 ca:0.0 ce:0.0 npm:17.0 lcom3:2.0 loc:17.0 dam:0.0 moa:0.0 mfa:0.0 cam:0.455882353 ic:0.0 cbm:0.0 amc:0.0 max_cc:1.0 avg_cc:1.0", "target": "1"}
{"source": "wmc:23.0 dit:3.0 noc:52.0 cbo:55.0 rfc:42.0 lcom:253.0 ca:53.0 ce:3.0 npm:17.0 lcom3:2.0 loc:249.0 dam:0.0 moa:0.0 mfa:0.765957447 cam:0.456521739 ic:1.0 cbm:2.0 amc:9.826086957 max_cc:4.0 avg_cc:1.6087", "target": "0"}
{"source": "wmc:2.0 dit:1.0 noc:0.0 cbo:0.0 rfc:2.0 lcom:1.0 ca:0.0 ce:0.0 npm:2.0 lcom3:2.0 loc:2.0 dam:0.0 moa:0.0 mfa:0.0 cam:0.75 ic:0.0 cbm:0.0 amc:0.0 max_cc:1.0 avg_cc:1.0", "target": "0"}
{"source": "wmc:13.0 dit:4.0 noc:0.0 cbo:2.0 rfc:16.0 lcom:78.0 ca:1.0 ce:2.0 npm:13.0 lcom3:2.0 loc:72.0 dam:0.0 moa:0.0 mfa:0.886792453 cam:0.538461538 ic:0.0 cbm:0.0 amc:4.538461538 max_cc:1.0 avg_cc:0.9231", "target": "0"}
{"source": "wmc:20.0 dit:1.0 noc:0.0 cbo:10.0 rfc:38.0 lcom:62.0 ca:5.0 ce:5.0 npm:13.0 lcom3:0.708133971 loc:601.0 dam:0.636363636 moa:4.0 mfa:0.0 cam:0.233082707 ic:0.0 cbm:0.0 amc:28.5 max_cc:11.0 avg_cc:2.65", "target": "0"}
{"source": "wmc:6.0 dit:1.0 noc:0.0 cbo:2.0 rfc:11.0 lcom:0.0 ca:2.0 ce:0.0 npm:6.0 lcom3:0.844444444 loc:608.0 dam:0.0 moa:0.0 mfa:0.0 cam:0.458333333 ic:0.0 cbm:0.0 amc:98.83333333 max_cc:8.0 avg_cc:2.5", "target": "0"}
{"source": "wmc:10.0 dit:1.0 noc:0.0 cbo:22.0 rfc:10.0 lcom:45.0 ca:20.0 ce:2.0 npm:10.0 lcom3:1.111111111 loc:51.0 dam:0.0 moa:0.0 mfa:0.0 cam:0.3 ic:0.0 cbm:0.0 amc:0.0 max_cc:1.0 avg_cc:1.0", "target": "0"}
{"source": "wmc:22.0 dit:1.0 noc:1.0 cbo:8.0 rfc:49.0 lcom:41.0 ca:6.0 ce:2.0 npm:9.0 lcom3:0.843537415 loc:596.0 dam:0.857142857 moa:1.0 mfa:0.0 cam:0.227272727 ic:0.0 cbm:0.0 amc:25.77272727 max_cc:11.0 avg_cc:2.4545", "target": "0"}
{"source": "wmc:7.0 dit:4.0 noc:0.0 cbo:3.0 rfc:10.0 lcom:21.0 ca:0.0 ce:3.0 npm:7.0 lcom3:2.0 loc:39.0 dam:0.0 moa:0.0 mfa:0.931818182 cam:0.571428571 ic:1.0 cbm:6.0 amc:4.571428571 max_cc:1.0 avg_cc:0.8571", "target": "0"}
{"source": "wmc:7.0 dit:1.0 noc:0.0 cbo:1.0 rfc:9.0 lcom:13.0 ca:1.0 ce:0.0 npm:6.0 lcom3:1.083333333 loc:720.0 dam:1.0 moa:0.0 mfa:0.0 cam:0.25 ic:0.0 cbm:0.0 amc:100.1428571 max_cc:11.0 avg_cc:3.5714", "target": "0"}
{"source": "wmc:3.0 dit:2.0 noc:0.0 cbo:3.0 rfc:12.0 lcom:1.0 ca:1.0 ce:2.0 npm:3.0 lcom3:0.0 loc:159.0 dam:0.0 moa:1.0 mfa:0.75 cam:0.888888889 ic:0.0 cbm:0.0 amc:51.0 max_cc:9.0 avg_cc:3.0", "target": "0"}
{"source": "wmc:8.0 dit:1.0 noc:0.0 cbo:0.0 rfc:8.0 lcom:28.0 ca:0.0 ce:0.0 npm:8.0 lcom3:2.0 loc:8.0 dam:0.0 moa:0.0 mfa:0.0 cam:0.5 ic:0.0 cbm:0.0 amc:0.0 max_cc:1.0 avg_cc:1.0", "target": "0"}
{"source": "wmc:4.0 dit:3.0 noc:0.0 cbo:6.0 rfc:9.0 lcom:0.0 ca:1.0 ce:5.0 npm:0.0 lcom3:0.380952381 loc:583.0 dam:1.0 moa:0.0 mfa:0.926829268 cam:0.40625 ic:1.0 cbm:3.0 amc:143.0 max_cc:1.0 avg_cc:0.75", "target": "1"}
{"source": "wmc:18.0 dit:1.0 noc:0.0 cbo:6.0 rfc:18.0 lcom:153.0 ca:4.0 ce:2.0 npm:18.0 lcom3:2.0 loc:18.0 dam:0.0 moa:0.0 mfa:0.0 cam:0.4 ic:0.0 cbm:0.0 amc:0.0 max_cc:1.0 avg_cc:1.0", "target": "0"}
{"source": "wmc:35.0 dit:4.0 noc:0.0 cbo:3.0 rfc:43.0 lcom:595.0 ca:0.0 ce:3.0 npm:35.0 lcom3:2.0 loc:200.0 dam:0.0 moa:0.0 mfa:0.734375 cam:0.308571429 ic:0.0 cbm:0.0 amc:4.714285714 max_cc:1.0 avg_cc:0.9714", "target": "0"}
{"source": "wmc:14.0 dit:1.0 noc:0.0 cbo:2.0 rfc:14.0 lcom:91.0 ca:1.0 ce:1.0 npm:14.0 lcom3:2.0 loc:14.0 dam:0.0 moa:0.0 mfa:0.0 cam:0.5 ic:0.0 cbm:0.0 amc:0.0 max_cc:1.0 avg_cc:1.0", "target": "0"}
{"source": "wmc:9.0 dit:1.0 noc:0.0 cbo:11.0 rfc:26.0 lcom:16.0 ca:1.0 ce:10.0 npm:9.0 lcom3:0.875 loc:191.0 dam:1.0 moa:0.0 mfa:0.0 cam:0.333333333 ic:0.0 cbm:0.0 amc:19.66666667 max_cc:2.0 avg_cc:1.0", "target": "0"}
{"source": "wmc:8.0 dit:1.0 noc:0.0 cbo:0.0 rfc:8.0 lcom:28.0 ca:0.0 ce:0.0 npm:8.0 lcom3:2.0 loc:8.0 dam:0.0 moa:0.0 mfa:0.0 cam:0.46875 ic:0.0 cbm:0.0 amc:0.0 max_cc:1.0 avg_cc:1.0", "target": "0"}
{"source": "wmc:6.0 dit:1.0 noc:0.0 cbo:9.0 rfc:14.0 lcom:3.0 ca:7.0 ce:2.0 npm:6.0 lcom3:0.728571429 loc:132.0 dam:0.0 moa:2.0 mfa:0.0 cam:0.5 ic:1.0 cbm:1.0 amc:18.66666667 max_cc:1.0 avg_cc:0.6667", "target": "0"}
{"source": "wmc:7.0 dit:4.0 noc:0.0 cbo:2.0 rfc:14.0 lcom:21.0 ca:0.0 ce:2.0 npm:7.0 lcom3:2.0 loc:42.0 dam:0.0 moa:0.0 mfa:0.94 cam:0.342857143 ic:0.0 cbm:0.0 amc:5.0 max_cc:1.0 avg_cc:0.8571", "target": "0"}
{"source": "wmc:15.0 dit:1.0 noc:0.0 cbo:5.0 rfc:51.0 lcom:105.0 ca:3.0 ce:2.0 npm:14.0 lcom3:2.0 loc:527.0 dam:0.0 moa:0.0 mfa:0.0 cam:0.4 ic:0.0 cbm:0.0 amc:34.13333333 max_cc:5.0 avg_cc:3.8", "target": "0"}
{"source": "wmc:2.0 dit:2.0 noc:0.0 cbo:9.0 rfc:18.0 lcom:0.0 ca:2.0 ce:9.0 npm:1.0 lcom3:0.0 loc:239.0 dam:1.0 moa:0.0 mfa:0.75 cam:0.571428571 ic:2.0 cbm:2.0 amc:118.0 max_cc:1.0 avg_cc:0.5", "target": "0"}
{"source": "wmc:3.0 dit:4.0 noc:0.0 cbo:2.0 rfc:6.0 lcom:3.0 ca:0.0 ce:2.0 npm:3.0 lcom3:2.0 loc:17.0 dam:0.0 moa:0.0 mfa:0.979166667 cam:0.666666667 ic:0.0 cbm:0.0 amc:4.666666667 max_cc:1.0 avg_cc:0.6667", "target": "0"}
{"source": "wmc:53.0 dit:1.0 noc:2.0 cbo:21.0 rfc:126.0 lcom:740.0 ca:2.0 ce:19.0 npm:22.0 lcom3:0.908216783 loc:1257.0 dam:1.0 moa:11.0 mfa:0.0 cam:0.106971154 ic:0.0 cbm:0.0 amc:22.30188679 max_cc:3.0 avg_cc:1.0189", "target": "1"}
{"source": "wmc:12.0 dit:1.0 noc:0.0 cbo:0.0 rfc:12.0 lcom:66.0 ca:0.0 ce:0.0 npm:12.0 lcom3:2.0 loc:12.0 dam:0.0 moa:0.0 mfa:0.0 cam:0.75 ic:0.0 cbm:0.0 amc:0.0 max_cc:1.0 avg_cc:1.0", "target": "0"}
{"source": "wmc:10.0 dit:2.0 noc:0.0 cbo:10.0 rfc:40.0 lcom:15.0 ca:2.0 ce:8.0 npm:7.0 lcom3:0.577777778 loc:745.0 dam:0.9 moa:2.0 mfa:0.333333333 cam:0.275 ic:0.0 cbm:0.0 amc:72.5 max_cc:4.0 avg_cc:1.1", "target": "0"}
{"source": "wmc:0.0 dit:1.0 noc:0.0 cbo:1.0 rfc:0.0 lcom:0.0 ca:1.0 ce:0.0 npm:0.0 lcom3:2.0 loc:0.0 dam:0.0 moa:0.0 mfa:0.0 cam:0.0 ic:0.0 cbm:0.0 amc:0.0 max_cc:0.0 avg_cc:0.0", "target": "0"}
{"source": "wmc:11.0 dit:4.0 noc:0.0 cbo:3.0 rfc:14.0 lcom:55.0 ca:0.0 ce:3.0 npm:11.0 lcom3:2.0 loc:61.0 dam:0.0 moa:0.0 mfa:0.891304348 cam:0.545454545 ic:1.0 cbm:6.0 amc:4.545454545 max_cc:1.0 avg_cc:0.9091", "target": "0"}
{"source": "wmc:1.0 dit:1.0 noc:0.0 cbo:0.0 rfc:1.0 lcom:0.0 ca:0.0 ce:0.0 npm:1.0 lcom3:2.0 loc:1.0 dam:0.0 moa:0.0 mfa:0.0 cam:1.0 ic:0.0 cbm:0.0 amc:0.0 max_cc:1.0 avg_cc:1.0", "target": "0"}
{"source": "wmc:4.0 dit:1.0 noc:0.0 cbo:0.0 rfc:4.0 lcom:6.0 ca:0.0 ce:0.0 npm:4.0 lcom3:2.0 loc:4.0 dam:0.0 moa:0.0 mfa:0.0 cam:1.0 ic:0.0 cbm:0.0 amc:0.0 max_cc:1.0 avg_cc:1.0", "target": "0"}
{"source": "wmc:3.0 dit:4.0 noc:0.0 cbo:2.0 rfc:6.0 lcom:3.0 ca:0.0 ce:2.0 npm:3.0 lcom3:2.0 loc:17.0 dam:0.0 moa:0.0 mfa:0.979166667 cam:0.666666667 ic:0.0 cbm:0.0 amc:4.666666667 max_cc:1.0 avg_cc:0.6667", "target": "0"}
{"source": "wmc:81.0 dit:1.0 noc:0.0 cbo:37.0 rfc:257.0 lcom:1504.0 ca:3.0 ce:36.0 npm:9.0 lcom3:0.788671875 loc:10701.0 dam:0.96875 moa:10.0 mfa:0.0 cam:0.135526316 ic:0.0 cbm:0.0 amc:130.7160494 max_cc:25.0 avg_cc:1.5432", "target": "1"}
{"source": "wmc:30.0 dit:2.0 noc:0.0 cbo:11.0 rfc:64.0 lcom:0.0 ca:1.0 ce:10.0 npm:22.0 lcom3:0.522988506 loc:2603.0 dam:0.833333333 moa:3.0 mfa:0.2 cam:0.201149425 ic:1.0 cbm:2.0 amc:85.36666667 max_cc:4.0 avg_cc:1.3", "target": "0"}
{"source": "wmc:11.0 dit:1.0 noc:0.0 cbo:0.0 rfc:11.0 lcom:55.0 ca:0.0 ce:0.0 npm:11.0 lcom3:2.0 loc:11.0 dam:0.0 moa:0.0 mfa:0.0 cam:0.348484848 ic:0.0 cbm:0.0 amc:0.0 max_cc:1.0 avg_cc:1.0", "target": "0"}
{"source": "wmc:1.0 dit:1.0 noc:0.0 cbo:0.0 rfc:1.0 lcom:0.0 ca:0.0 ce:0.0 npm:1.0 lcom3:2.0 loc:1.0 dam:0.0 moa:0.0 mfa:0.0 cam:1.0 ic:0.0 cbm:0.0 amc:0.0 max_cc:1.0 avg_cc:1.0", "target": "0"}
{"source": "wmc:6.0 dit:1.0 noc:0.0 cbo:0.0 rfc:6.0 lcom:15.0 ca:0.0 ce:0.0 npm:6.0 lcom3:2.0 loc:6.0 dam:0.0 moa:0.0 mfa:0.0 cam:1.0 ic:0.0 cbm:0.0 amc:0.0 max_cc:1.0 avg_cc:1.0", "target": "0"}
{"source": "wmc:4.0 dit:1.0 noc:0.0 cbo:2.0 rfc:4.0 lcom:6.0 ca:1.0 ce:1.0 npm:4.0 lcom3:2.0 loc:4.0 dam:0.0 moa:0.0 mfa:0.0 cam:0.75 ic:0.0 cbm:0.0 amc:0.0 max_cc:1.0 avg_cc:1.0", "target": "0"}
{"source": "wmc:36.0 dit:4.0 noc:0.0 cbo:6.0 rfc:58.0 lcom:630.0 ca:1.0 ce:6.0 npm:35.0 lcom3:1.0 loc:471.0 dam:1.0 moa:2.0 mfa:0.728682171 cam:0.214285714 ic:0.0 cbm:0.0 amc:12.02777778 max_cc:7.0 avg_cc:2.0", "target": "0"}
{"source": "wmc:0.0 dit:1.0 noc:0.0 cbo:2.0 rfc:0.0 lcom:0.0 ca:1.0 ce:1.0 npm:0.0 lcom3:2.0 loc:0.0 dam:0.0 moa:0.0 mfa:0.0 cam:0.0 ic:0.0 cbm:0.0 amc:0.0 max_cc:0.0 avg_cc:0.0", "target": "0"}
{"source": "wmc:4.0 dit:1.0 noc:0.0 cbo:2.0 rfc:4.0 lcom:6.0 ca:1.0 ce:1.0 npm:4.0 lcom3:2.0 loc:4.0 dam:0.0 moa:0.0 mfa:0.0 cam:0.75 ic:0.0 cbm:0.0 amc:0.0 max_cc:1.0 avg_cc:1.0", "target": "0"}
{"source": "wmc:17.0 dit:4.0 noc:0.0 cbo:2.0 rfc:23.0 lcom:136.0 ca:0.0 ce:2.0 npm:17.0 lcom3:2.0 loc:96.0 dam:0.0 moa:0.0 mfa:0.854545455 cam:0.397058824 ic:0.0 cbm:0.0 amc:4.647058824 max_cc:1.0 avg_cc:0.9412", "target": "0"}
{"source": "wmc:2.0 dit:1.0 noc:0.0 cbo:2.0 rfc:2.0 lcom:1.0 ca:1.0 ce:1.0 npm:2.0 lcom3:2.0 loc:2.0 dam:0.0 moa:0.0 mfa:0.0 cam:0.75 ic:0.0 cbm:0.0 amc:0.0 max_cc:1.0 avg_cc:1.0", "target": "0"}
{"source": "wmc:65.0 dit:4.0 noc:3.0 cbo:51.0 rfc:167.0 lcom:1798.0 ca:47.0 ce:24.0 npm:49.0 lcom3:0.931490385 loc:1475.0 dam:0.923076923 moa:2.0 mfa:0.568345324 cam:0.1375 ic:2.0 cbm:19.0 amc:21.49230769 max_cc:23.0 avg_cc:2.0", "target": "1"}
{"source": "wmc:6.0 dit:3.0 noc:1.0 cbo:3.0 rfc:21.0 lcom:3.0 ca:2.0 ce:2.0 npm:4.0 lcom3:0.96 loc:240.0 dam:0.4 moa:0.0 mfa:0.9375 cam:0.611111111 ic:3.0 cbm:3.0 amc:38.16666667 max_cc:3.0 avg_cc:1.3333", "target": "1"}
{"source": "wmc:4.0 dit:3.0 noc:0.0 cbo:5.0 rfc:14.0 lcom:0.0 ca:1.0 ce:5.0 npm:1.0 lcom3:0.666666667 loc:60.0 dam:0.5 moa:0.0 mfa:0.952380952 cam:0.5 ic:2.0 cbm:7.0 amc:13.5 max_cc:2.0 avg_cc:1.0", "target": "1"}
{"source": "wmc:17.0 dit:4.0 noc:0.0 cbo:2.0 rfc:27.0 lcom:136.0 ca:0.0 ce:2.0 npm:17.0 lcom3:2.0 loc:123.0 dam:0.0 moa:0.0 mfa:0.854545455 cam:0.317647059 ic:0.0 cbm:0.0 amc:6.235294118 max_cc:3.0 avg_cc:1.1765", "target": "0"}
{"source": "wmc:7.0 dit:4.0 noc:0.0 cbo:2.0 rfc:12.0 lcom:21.0 ca:0.0 ce:2.0 npm:7.0 lcom3:2.0 loc:39.0 dam:0.0 moa:0.0 mfa:0.94 cam:0.428571429 ic:0.0 cbm:0.0 amc:4.571428571 max_cc:1.0 avg_cc:0.8571", "target": "0"}
{"source": "wmc:9.0 dit:2.0 noc:0.0 cbo:6.0 rfc:19.0 lcom:0.0 ca:2.0 ce:4.0 npm:1.0 lcom3:0.625 loc:120.0 dam:1.0 moa:0.0 mfa:0.5 cam:0.388888889 ic:1.0 cbm:2.0 amc:12.0 max_cc:2.0 avg_cc:1.0", "target": "0"}
{"source": "wmc:31.0 dit:2.0 noc:0.0 cbo:15.0 rfc:60.0 lcom:0.0 ca:1.0 ce:14.0 npm:24.0 lcom3:0.81372549 loc:2714.0 dam:0.647058824 moa:3.0 mfa:0.194444444 cam:0.188888889 ic:1.0 cbm:4.0 amc:86.0 max_cc:5.0 avg_cc:1.2581", "target": "0"}
{"source": "wmc:5.0 dit:4.0 noc:0.0 cbo:3.0 rfc:8.0 lcom:10.0 ca:0.0 ce:3.0 npm:5.0 lcom3:2.0 loc:28.0 dam:0.0 moa:0.0 mfa:0.953488372 cam:0.6 ic:1.0 cbm:4.0 amc:4.6 max_cc:1.0 avg_cc:0.8", "target": "0"}
{"source": "wmc:3.0 dit:1.0 noc:0.0 cbo:0.0 rfc:8.0 lcom:3.0 ca:0.0 ce:0.0 npm:2.0 lcom3:2.0 loc:25.0 dam:0.0 moa:0.0 mfa:0.0 cam:0.333333333 ic:0.0 cbm:0.0 amc:7.333333333 max_cc:1.0 avg_cc:0.6667", "target": "0"}
{"source": "wmc:30.0 dit:1.0 noc:0.0 cbo:10.0 rfc:38.0 lcom:0.0 ca:8.0 ce:2.0 npm:29.0 lcom3:0.816696915 loc:1224.0 dam:1.0 moa:2.0 mfa:0.0 cam:0.333333333 ic:0.0 cbm:0.0 amc:39.16666667 max_cc:6.0 avg_cc:2.8667", "target": "1"}
{"source": "wmc:5.0 dit:1.0 noc:1.0 cbo:4.0 rfc:21.0 lcom:0.0 ca:3.0 ce:2.0 npm:4.0 lcom3:0.25 loc:264.0 dam:1.0 moa:1.0 mfa:0.0 cam:0.44 ic:0.0 cbm:0.0 amc:50.6 max_cc:22.0 avg_cc:6.0", "target": "0"}
{"source": "wmc:4.0 dit:4.0 noc:0.0 cbo:6.0 rfc:20.0 lcom:0.0 ca:1.0 ce:6.0 npm:1.0 lcom3:0.666666667 loc:103.0 dam:0.5 moa:0.0 mfa:0.962025316 cam:0.5 ic:3.0 cbm:11.0 amc:24.25 max_cc:4.0 avg_cc:1.5", "target": "1"}
{"source": "wmc:4.0 dit:2.0 noc:0.0 cbo:2.0 rfc:8.0 lcom:4.0 ca:0.0 ce:2.0 npm:2.0 lcom3:0.666666667 loc:31.0 dam:1.0 moa:1.0 mfa:0.666666667 cam:0.5 ic:0.0 cbm:0.0 amc:6.5 max_cc:1.0 avg_cc:0.5", "target": "0"}
{"source": "wmc:4.0 dit:2.0 noc:0.0 cbo:1.0 rfc:12.0 lcom:6.0 ca:0.0 ce:1.0 npm:4.0 lcom3:2.0 loc:39.0 dam:0.0 moa:0.0 mfa:0.8125 cam:0.583333333 ic:0.0 cbm:0.0 amc:8.75 max_cc:1.0 avg_cc:0.75", "target": "1"}
{"source": "wmc:6.0 dit:1.0 noc:0.0 cbo:0.0 rfc:6.0 lcom:15.0 ca:0.0 ce:0.0 npm:6.0 lcom3:2.0 loc:6.0 dam:0.0 moa:0.0 mfa:0.0 cam:0.75 ic:0.0 cbm:0.0 amc:0.0 max_cc:1.0 avg_cc:1.0", "target": "0"}
{"source": "wmc:3.0 dit:4.0 noc:0.0 cbo:2.0 rfc:7.0 lcom:3.0 ca:0.0 ce:2.0 npm:3.0 lcom3:2.0 loc:19.0 dam:0.0 moa:0.0 mfa:0.979166667 cam:0.666666667 ic:0.0 cbm:0.0 amc:5.333333333 max_cc:1.0 avg_cc:0.6667", "target": "0"}
{"source": "wmc:7.0 dit:1.0 noc:0.0 cbo:1.0 rfc:9.0 lcom:13.0 ca:1.0 ce:0.0 npm:4.0 lcom3:0.875 loc:194.0 dam:1.0 moa:0.0 mfa:0.0 cam:0.25 ic:0.0 cbm:0.0 amc:26.14285714 max_cc:4.0 avg_cc:1.5714", "target": "0"}
{"source": "wmc:11.0 dit:2.0 noc:0.0 cbo:7.0 rfc:49.0 lcom:25.0 ca:1.0 ce:7.0 npm:5.0 lcom3:2.0 loc:760.0 dam:0.0 moa:0.0 mfa:0.545454545 cam:0.324675325 ic:1.0 cbm:9.0 amc:68.09090909 max_cc:13.0 avg_cc:3.1818", "target": "1"}
{"source": "wmc:8.0 dit:2.0 noc:0.0 cbo:2.0 rfc:32.0 lcom:10.0 ca:1.0 ce:2.0 npm:7.0 lcom3:1.040816327 loc:223.0 dam:0.214285714 moa:0.0 mfa:0.588235294 cam:0.46875 ic:1.0 cbm:1.0 amc:25.125 max_cc:6.0 avg_cc:1.5", "target": "0"}
{"source": "wmc:11.0 dit:1.0 noc:1.0 cbo:0.0 rfc:21.0 lcom:55.0 ca:0.0 ce:0.0 npm:10.0 lcom3:2.0 loc:99.0 dam:0.0 moa:0.0 mfa:0.0 cam:0.246753247 ic:0.0 cbm:0.0 amc:8.0 max_cc:1.0 avg_cc:0.9091", "target": "1"}
{"source": "wmc:0.0 dit:1.0 noc:0.0 cbo:2.0 rfc:0.0 lcom:0.0 ca:1.0 ce:1.0 npm:0.0 lcom3:2.0 loc:0.0 dam:0.0 moa:0.0 mfa:0.0 cam:0.0 ic:0.0 cbm:0.0 amc:0.0 max_cc:0.0 avg_cc:0.0", "target": "0"}
{"source": "wmc:16.0 dit:1.0 noc:0.0 cbo:0.0 rfc:16.0 lcom:120.0 ca:0.0 ce:0.0 npm:16.0 lcom3:2.0 loc:16.0 dam:0.0 moa:0.0 mfa:0.0 cam:0.5 ic:0.0 cbm:0.0 amc:0.0 max_cc:1.0 avg_cc:1.0", "target": "0"}
{"source": "wmc:2.0 dit:1.0 noc:0.0 cbo:0.0 rfc:2.0 lcom:1.0 ca:0.0 ce:0.0 npm:2.0 lcom3:2.0 loc:2.0 dam:0.0 moa:0.0 mfa:0.0 cam:0.75 ic:0.0 cbm:0.0 amc:0.0 max_cc:1.0 avg_cc:1.0", "target": "0"}
{"source": "wmc:12.0 dit:1.0 noc:0.0 cbo:3.0 rfc:22.0 lcom:0.0 ca:3.0 ce:1.0 npm:6.0 lcom3:0.53030303 loc:332.0 dam:0.0 moa:0.0 mfa:0.0 cam:0.35 ic:0.0 cbm:0.0 amc:26.16666667 max_cc:8.0 avg_cc:2.75", "target": "0"}
{"source": "wmc:0.0 dit:1.0 noc:0.0 cbo:2.0 rfc:0.0 lcom:0.0 ca:1.0 ce:1.0 npm:0.0 lcom3:2.0 loc:0.0 dam:0.0 moa:0.0 mfa:0.0 cam:0.0 ic:0.0 cbm:0.0 amc:0.0 max_cc:0.0 avg_cc:0.0", "target": "0"}
{"source": "wmc:5.0 dit:1.0 noc:0.0 cbo:2.0 rfc:14.0 lcom:0.0 ca:1.0 ce:1.0 npm:4.0 lcom3:1.24380805 loc:1114.0 dam:0.009287926 moa:0.0 mfa:0.0 cam:0.5 ic:0.0 cbm:0.0 amc:157.2 max_cc:9.0 avg_cc:2.2", "target": "1"}
{"source": "wmc:55.0 dit:1.0 noc:0.0 cbo:3.0 rfc:99.0 lcom:473.0 ca:1.0 ce:3.0 npm:26.0 lcom3:0.798941799 loc:2660.0 dam:0.0 moa:7.0 mfa:0.0 cam:0.246464646 ic:0.0 cbm:0.0 amc:47.10909091 max_cc:20.0 avg_cc:3.8182", "target": "0"}
{"source": "wmc:9.0 dit:4.0 noc:0.0 cbo:3.0 rfc:12.0 lcom:36.0 ca:0.0 ce:3.0 npm:9.0 lcom3:2.0 loc:50.0 dam:0.0 moa:0.0 mfa:0.911111111 cam:0.555555556 ic:1.0 cbm:5.0 amc:4.555555556 max_cc:1.0 avg_cc:0.8889", "target": "0"}
{"source": "wmc:1.0 dit:4.0 noc:0.0 cbo:0.0 rfc:2.0 lcom:0.0 ca:0.0 ce:0.0 npm:1.0 lcom3:2.0 loc:5.0 dam:0.0 moa:0.0 mfa:1.0 cam:1.0 ic:0.0 cbm:0.0 amc:4.0 max_cc:0.0 avg_cc:0.0", "target": "0"}
{"source": "wmc:18.0 dit:1.0 noc:0.0 cbo:0.0 rfc:19.0 lcom:153.0 ca:0.0 ce:0.0 npm:18.0 lcom3:2.0 loc:40.0 dam:0.0 moa:0.0 mfa:0.0 cam:0.285714286 ic:0.0 cbm:0.0 amc:1.222222222 max_cc:1.0 avg_cc:0.9444", "target": "0"}
{"source": "wmc:4.0 dit:4.0 noc:0.0 cbo:5.0 rfc:19.0 lcom:0.0 ca:1.0 ce:5.0 npm:1.0 lcom3:0.666666667 loc:117.0 dam:0.5 moa:0.0 mfa:0.955223881 cam:0.5 ic:4.0 cbm:9.0 amc:27.75 max_cc:7.0 avg_cc:2.25", "target": "1"}
{"source": "wmc:11.0 dit:1.0 noc:0.0 cbo:0.0 rfc:11.0 lcom:55.0 ca:0.0 ce:0.0 npm:11.0 lcom3:2.0 loc:11.0 dam:0.0 moa:0.0 mfa:0.0 cam:0.515151515 ic:0.0 cbm:0.0 amc:0.0 max_cc:1.0 avg_cc:1.0", "target": "0"}
{"source": "wmc:12.0 dit:1.0 noc:0.0 cbo:9.0 rfc:19.0 lcom:24.0 ca:8.0 ce:2.0 npm:11.0 lcom3:0.924242424 loc:827.0 dam:0.0 moa:0.0 mfa:0.0 cam:0.291666667 ic:1.0 cbm:1.0 amc:66.41666667 max_cc:26.0 avg_cc:4.9167", "target": "0"}
{"source": "wmc:8.0 dit:2.0 noc:2.0 cbo:9.0 rfc:14.0 lcom:18.0 ca:9.0 ce:2.0 npm:5.0 lcom3:0.904761905 loc:69.0 dam:0.666666667 moa:2.0 mfa:0.88 cam:0.416666667 ic:1.0 cbm:3.0 amc:7.25 max_cc:2.0 avg_cc:1.25", "target": "0"}
{"source": "wmc:3.0 dit:2.0 noc:0.0 cbo:5.0 rfc:4.0 lcom:1.0 ca:4.0 ce:1.0 npm:3.0 lcom3:0.5 loc:16.0 dam:1.0 moa:0.0 mfa:0.8 cam:0.666666667 ic:0.0 cbm:0.0 amc:4.0 max_cc:1.0 avg_cc:0.6667", "target": "0"}
{"source": "wmc:27.0 dit:4.0 noc:0.0 cbo:2.0 rfc:35.0 lcom:351.0 ca:0.0 ce:2.0 npm:27.0 lcom3:2.0 loc:171.0 dam:0.0 moa:0.0 mfa:0.783333333 cam:0.37962963 ic:0.0 cbm:0.0 amc:5.333333333 max_cc:3.0 avg_cc:1.1111", "target": "0"}
{"source": "wmc:13.0 dit:1.0 noc:0.0 cbo:0.0 rfc:30.0 lcom:4.0 ca:0.0 ce:0.0 npm:11.0 lcom3:0.733333333 loc:238.0 dam:0.8 moa:2.0 mfa:0.0 cam:0.375 ic:0.0 cbm:0.0 amc:16.92307692 max_cc:4.0 avg_cc:1.4615", "target": "0"}
{"source": "wmc:4.0 dit:3.0 noc:0.0 cbo:39.0 rfc:23.0 lcom:4.0 ca:37.0 ce:3.0 npm:2.0 lcom3:0.982905983 loc:580.0 dam:0.051282051 moa:0.0 mfa:0.977777778 cam:0.555555556 ic:1.0 cbm:1.0 amc:134.25 max_cc:1.0 avg_cc:0.5", "target": "0"}
{"source": "wmc:6.0 dit:1.0 noc:0.0 cbo:0.0 rfc:6.0 lcom:15.0 ca:0.0 ce:0.0 npm:6.0 lcom3:1.2 loc:9.0 dam:0.0 moa:0.0 mfa:0.0 cam:0.333333333 ic:0.0 cbm:0.0 amc:0.0 max_cc:1.0 avg_cc:1.0", "target": "0"}
{"source": "wmc:22.0 dit:1.0 noc:0.0 cbo:6.0 rfc:39.0 lcom:89.0 ca:1.0 ce:5.0 npm:12.0 lcom3:0.703296703 loc:1528.0 dam:0.692307692 moa:4.0 mfa:0.0 cam:0.232142857 ic:0.0 cbm:0.0 amc:67.86363636 max_cc:24.0 avg_cc:4.6818", "target": "0"}
{"source": "wmc:8.0 dit:1.0 noc:1.0 cbo:3.0 rfc:20.0 lcom:22.0 ca:1.0 ce:3.0 npm:6.0 lcom3:0.928571429 loc:108.0 dam:0.5 moa:0.0 mfa:0.0 cam:0.285714286 ic:0.0 cbm:0.0 amc:12.25 max_cc:1.0 avg_cc:0.75", "target": "0"}
{"source": "wmc:0.0 dit:1.0 noc:0.0 cbo:1.0 rfc:0.0 lcom:0.0 ca:1.0 ce:0.0 npm:0.0 lcom3:2.0 loc:0.0 dam:0.0 moa:0.0 mfa:0.0 cam:0.0 ic:0.0 cbm:0.0 amc:0.0 max_cc:0.0 avg_cc:0.0", "target": "0"}
{"source": "wmc:4.0 dit:1.0 noc:0.0 cbo:36.0 rfc:4.0 lcom:6.0 ca:36.0 ce:0.0 npm:4.0 lcom3:2.0 loc:4.0 dam:0.0 moa:0.0 mfa:0.0 cam:0.75 ic:0.0 cbm:0.0 amc:0.0 max_cc:1.0 avg_cc:1.0", "target": "0"}
{"source": "wmc:7.0 dit:2.0 noc:0.0 cbo:8.0 rfc:21.0 lcom:17.0 ca:1.0 ce:7.0 npm:6.0 lcom3:0.791666667 loc:134.0 dam:0.75 moa:3.0 mfa:0.444444444 cam:0.333333333 ic:0.0 cbm:0.0 amc:17.57142857 max_cc:1.0 avg_cc:0.7143", "target": "1"}
{"source": "wmc:1.0 dit:1.0 noc:0.0 cbo:4.0 rfc:2.0 lcom:0.0 ca:4.0 ce:0.0 npm:0.0 lcom3:2.0 loc:14.0 dam:0.0 moa:0.0 mfa:0.0 cam:1.0 ic:0.0 cbm:0.0 amc:3.0 max_cc:0.0 avg_cc:0.0", "target": "0"}
{"source": "wmc:2.0 dit:2.0 noc:0.0 cbo:8.0 rfc:5.0 lcom:1.0 ca:1.0 ce:8.0 npm:1.0 lcom3:2.0 loc:145.0 dam:0.0 moa:0.0 mfa:0.75 cam:0.571428571 ic:0.0 cbm:0.0 amc:71.5 max_cc:1.0 avg_cc:0.5", "target": "0"}
{"source": "wmc:9.0 dit:1.0 noc:3.0 cbo:14.0 rfc:14.0 lcom:28.0 ca:14.0 ce:2.0 npm:8.0 lcom3:0.982142857 loc:116.0 dam:0.571428571 moa:2.0 mfa:0.0 cam:0.288888889 ic:0.0 cbm:0.0 amc:11.11111111 max_cc:3.0 avg_cc:1.1111", "target": "1"}
{"source": "wmc:6.0 dit:1.0 noc:0.0 cbo:0.0 rfc:6.0 lcom:15.0 ca:0.0 ce:0.0 npm:6.0 lcom3:2.0 loc:6.0 dam:0.0 moa:0.0 mfa:0.0 cam:0.611111111 ic:0.0 cbm:0.0 amc:0.0 max_cc:1.0 avg_cc:1.0", "target": "0"}
{"source": "wmc:26.0 dit:1.0 noc:0.0 cbo:0.0 rfc:26.0 lcom:325.0 ca:0.0 ce:0.0 npm:26.0 lcom3:2.0 loc:26.0 dam:0.0 moa:0.0 mfa:0.0 cam:0.5 ic:0.0 cbm:0.0 amc:0.0 max_cc:1.0 avg_cc:1.0", "target": "0"}
{"source": "wmc:6.0 dit:1.0 noc:0.0 cbo:2.0 rfc:6.0 lcom:15.0 ca:1.0 ce:1.0 npm:6.0 lcom3:2.0 loc:6.0 dam:0.0 moa:0.0 mfa:0.0 cam:0.75 ic:0.0 cbm:0.0 amc:0.0 max_cc:1.0 avg_cc:1.0", "target": "0"}
{"source": "wmc:9.0 dit:4.0 noc:0.0 cbo:3.0 rfc:12.0 lcom:36.0 ca:0.0 ce:3.0 npm:9.0 lcom3:2.0 loc:50.0 dam:0.0 moa:0.0 mfa:0.911111111 cam:0.555555556 ic:1.0 cbm:5.0 amc:4.555555556 max_cc:1.0 avg_cc:0.8889", "target": "0"}
{"source": "wmc:5.0 dit:1.0 noc:0.0 cbo:0.0 rfc:5.0 lcom:10.0 ca:0.0 ce:0.0 npm:5.0 lcom3:2.0 loc:5.0 dam:0.0 moa:0.0 mfa:0.0 cam:0.7 ic:0.0 cbm:0.0 amc:0.0 max_cc:1.0 avg_cc:1.0", "target": "0"}
{"source": "wmc:4.0 dit:1.0 noc:0.0 cbo:2.0 rfc:4.0 lcom:6.0 ca:1.0 ce:1.0 npm:4.0 lcom3:2.0 loc:4.0 dam:0.0 moa:0.0 mfa:0.0 cam:0.75 ic:0.0 cbm:0.0 amc:0.0 max_cc:1.0 avg_cc:1.0", "target": "0"}
{"source": "wmc:11.0 dit:2.0 noc:0.0 cbo:9.0 rfc:37.0 lcom:45.0 ca:3.0 ce:6.0 npm:6.0 lcom3:0.666666667 loc:895.0 dam:1.0 moa:3.0 mfa:0.307692308 cam:0.214876033 ic:0.0 cbm:0.0 amc:79.0 max_cc:1.0 avg_cc:0.8182", "target": "0"}
{"source": "wmc:7.0 dit:1.0 noc:0.0 cbo:7.0 rfc:13.0 lcom:5.0 ca:1.0 ce:6.0 npm:7.0 lcom3:0.366666667 loc:1019.0 dam:1.0 moa:3.0 mfa:0.0 cam:0.387755102 ic:0.0 cbm:0.0 amc:143.8571429 max_cc:1.0 avg_cc:0.7143", "target": "0"}
{"source": "wmc:5.0 dit:4.0 noc:0.0 cbo:2.0 rfc:8.0 lcom:10.0 ca:0.0 ce:2.0 npm:5.0 lcom3:2.0 loc:28.0 dam:0.0 moa:0.0 mfa:0.959183673 cam:0.6 ic:0.0 cbm:0.0 amc:4.6 max_cc:1.0 avg_cc:0.8", "target": "0"}
{"source": "wmc:7.0 dit:4.0 noc:0.0 cbo:3.0 rfc:10.0 lcom:21.0 ca:0.0 ce:3.0 npm:7.0 lcom3:2.0 loc:39.0 dam:0.0 moa:0.0 mfa:0.931818182 cam:0.571428571 ic:1.0 cbm:6.0 amc:4.571428571 max_cc:1.0 avg_cc:0.8571", "target": "0"}
{"source": "wmc:24.0 dit:1.0 noc:0.0 cbo:0.0 rfc:24.0 lcom:276.0 ca:0.0 ce:0.0 npm:24.0 lcom3:1.043478261 loc:28.0 dam:0.0 moa:0.0 mfa:0.0 cam:0.270833333 ic:0.0 cbm:0.0 amc:0.0 max_cc:1.0 avg_cc:1.0", "target": "0"}
{"source": "wmc:4.0 dit:3.0 noc:0.0 cbo:5.0 rfc:17.0 lcom:0.0 ca:1.0 ce:5.0 npm:1.0 lcom3:0.666666667 loc:85.0 dam:0.5 moa:0.0 mfa:0.946428571 cam:0.5 ic:2.0 cbm:7.0 amc:19.75 max_cc:1.0 avg_cc:0.75", "target": "1"}
{"source": "wmc:5.0 dit:1.0 noc:0.0 cbo:6.0 rfc:7.0 lcom:10.0 ca:6.0 ce:0.0 npm:5.0 lcom3:2.0 loc:107.0 dam:0.0 moa:0.0 mfa:0.0 cam:0.35 ic:0.0 cbm:0.0 amc:20.4 max_cc:3.0 avg_cc:1.8", "target": "0"}
{"source": "wmc:1.0 dit:1.0 noc:0.0 cbo:0.0 rfc:1.0 lcom:0.0 ca:0.0 ce:0.0 npm:1.0 lcom3:2.0 loc:1.0 dam:0.0 moa:0.0 mfa:0.0 cam:1.0 ic:0.0 cbm:0.0 amc:0.0 max_cc:1.0 avg_cc:1.0", "target": "0"}
{"source": "wmc:3.0 dit:4.0 noc:0.0 cbo:2.0 rfc:7.0 lcom:3.0 ca:1.0 ce:2.0 npm:3.0 lcom3:2.0 loc:19.0 dam:0.0 moa:0.0 mfa:0.979166667 cam:0.666666667 ic:0.0 cbm:0.0 amc:5.333333333 max_cc:1.0 avg_cc:0.6667", "target": "0"}
{"source": "wmc:3.0 dit:1.0 noc:0.0 cbo:0.0 rfc:3.0 lcom:3.0 ca:0.0 ce:0.0 npm:3.0 lcom3:2.0 loc:3.0 dam:0.0 moa:0.0 mfa:0.0 cam:0.666666667 ic:0.0 cbm:0.0 amc:0.0 max_cc:1.0 avg_cc:1.0", "target": "0"}
{"source": "wmc:7.0 dit:1.0 noc:0.0 cbo:0.0 rfc:7.0 lcom:21.0 ca:0.0 ce:0.0 npm:7.0 lcom3:2.0 loc:7.0 dam:0.0 moa:0.0 mfa:0.0 cam:0.428571429 ic:0.0 cbm:0.0 amc:0.0 max_cc:1.0 avg_cc:1.0", "target": "0"}
{"source": "wmc:5.0 dit:1.0 noc:0.0 cbo:0.0 rfc:5.0 lcom:10.0 ca:0.0 ce:0.0 npm:5.0 lcom3:2.0 loc:5.0 dam:0.0 moa:0.0 mfa:0.0 cam:0.6 ic:0.0 cbm:0.0 amc:0.0 max_cc:1.0 avg_cc:1.0", "target": "0"}
{"source": "wmc:1.0 dit:1.0 noc:0.0 cbo:0.0 rfc:2.0 lcom:0.0 ca:0.0 ce:0.0 npm:1.0 lcom3:2.0 loc:8.0 dam:0.0 moa:0.0 mfa:0.0 cam:1.0 ic:0.0 cbm:0.0 amc:3.0 max_cc:0.0 avg_cc:0.0", "target": "0"}
{"source": "wmc:12.0 dit:1.0 noc:0.0 cbo:0.0 rfc:24.0 lcom:0.0 ca:0.0 ce:0.0 npm:12.0 lcom3:0.303030303 loc:178.0 dam:0.0 moa:0.0 mfa:0.0 cam:0.4375 ic:0.0 cbm:0.0 amc:13.58333333 max_cc:2.0 avg_cc:1.25", "target": "0"}
{"source": "wmc:26.0 dit:1.0 noc:0.0 cbo:0.0 rfc:40.0 lcom:0.0 ca:0.0 ce:0.0 npm:24.0 lcom3:0.08 loc:723.0 dam:0.0 moa:0.0 mfa:0.0 cam:0.528846154 ic:0.0 cbm:0.0 amc:26.73076923 max_cc:5.0 avg_cc:2.6538", "target": "1"}
{"source": "wmc:4.0 dit:3.0 noc:0.0 cbo:6.0 rfc:13.0 lcom:0.0 ca:1.0 ce:6.0 npm:1.0 lcom3:0.666666667 loc:84.0 dam:0.5 moa:0.0 mfa:0.94 cam:0.5 ic:2.0 cbm:7.0 amc:19.5 max_cc:2.0 avg_cc:1.0", "target": "1"}
{"source": "wmc:1.0 dit:4.0 noc:0.0 cbo:0.0 rfc:2.0 lcom:0.0 ca:0.0 ce:0.0 npm:1.0 lcom3:2.0 loc:10.0 dam:0.0 moa:0.0 mfa:1.0 cam:1.0 ic:0.0 cbm:0.0 amc:7.0 max_cc:0.0 avg_cc:0.0", "target": "0"}
{"source": "wmc:7.0 dit:4.0 noc:0.0 cbo:3.0 rfc:10.0 lcom:21.0 ca:0.0 ce:3.0 npm:7.0 lcom3:2.0 loc:39.0 dam:0.0 moa:0.0 mfa:0.931818182 cam:0.571428571 ic:1.0 cbm:6.0 amc:4.571428571 max_cc:1.0 avg_cc:0.8571", "target": "0"}
{"source": "wmc:5.0 dit:3.0 noc:0.0 cbo:4.0 rfc:22.0 lcom:0.0 ca:1.0 ce:4.0 npm:1.0 lcom3:0.75 loc:118.0 dam:0.5 moa:0.0 mfa:0.921568627 cam:0.466666667 ic:2.0 cbm:8.0 amc:22.2 max_cc:7.0 avg_cc:2.0", "target": "1"}
{"source": "wmc:16.0 dit:1.0 noc:0.0 cbo:2.0 rfc:16.0 lcom:120.0 ca:1.0 ce:1.0 npm:16.0 lcom3:2.0 loc:16.0 dam:0.0 moa:0.0 mfa:0.0 cam:0.375 ic:0.0 cbm:0.0 amc:0.0 max_cc:1.0 avg_cc:1.0", "target": "0"}
{"source": "wmc:12.0 dit:1.0 noc:0.0 cbo:0.0 rfc:12.0 lcom:66.0 ca:0.0 ce:0.0 npm:12.0 lcom3:2.0 loc:12.0 dam:0.0 moa:0.0 mfa:0.0 cam:0.5 ic:0.0 cbm:0.0 amc:0.0 max_cc:1.0 avg_cc:1.0", "target": "0"}
{"source": "wmc:7.0 dit:1.0 noc:0.0 cbo:0.0 rfc:7.0 lcom:21.0 ca:0.0 ce:0.0 npm:7.0 lcom3:2.0 loc:7.0 dam:0.0 moa:0.0 mfa:0.0 cam:0.25 ic:0.0 cbm:0.0 amc:0.0 max_cc:1.0 avg_cc:1.0", "target": "0"}
{"source": "wmc:3.0 dit:3.0 noc:0.0 cbo:0.0 rfc:4.0 lcom:1.0 ca:0.0 ce:0.0 npm:2.0 lcom3:0.5 loc:2145.0 dam:0.0 moa:0.0 mfa:0.974358974 cam:1.0 ic:0.0 cbm:0.0 amc:713.6666667 max_cc:1.0 avg_cc:0.3333", "target": "1"}
{"source": "wmc:4.0 dit:2.0 noc:0.0 cbo:4.0 rfc:8.0 lcom:4.0 ca:0.0 ce:4.0 npm:3.0 lcom3:0.666666667 loc:31.0 dam:0.0 moa:1.0 mfa:0.666666667 cam:0.444444444 ic:0.0 cbm:0.0 amc:6.5 max_cc:1.0 avg_cc:0.5", "target": "0"}
{"source": "wmc:1.0 dit:1.0 noc:0.0 cbo:6.0 rfc:2.0 lcom:0.0 ca:5.0 ce:1.0 npm:1.0 lcom3:2.0 loc:12.0 dam:0.0 moa:2.0 mfa:0.0 cam:1.0 ic:0.0 cbm:0.0 amc:3.0 max_cc:0.0 avg_cc:0.0", "target": "0"}
{"source": "wmc:13.0 dit:1.0 noc:0.0 cbo:0.0 rfc:13.0 lcom:78.0 ca:0.0 ce:0.0 npm:13.0 lcom3:2.0 loc:13.0 dam:0.0 moa:0.0 mfa:0.0 cam:0.538461538 ic:0.0 cbm:0.0 amc:0.0 max_cc:1.0 avg_cc:1.0", "target": "0"}
{"source": "wmc:5.0 dit:4.0 noc:0.0 cbo:3.0 rfc:8.0 lcom:10.0 ca:0.0 ce:3.0 npm:5.0 lcom3:2.0 loc:28.0 dam:0.0 moa:0.0 mfa:0.953488372 cam:0.6 ic:1.0 cbm:4.0 amc:4.6 max_cc:1.0 avg_cc:0.8", "target": "0"}
{"source": "wmc:2.0 dit:1.0 noc:0.0 cbo:0.0 rfc:2.0 lcom:1.0 ca:0.0 ce:0.0 npm:2.0 lcom3:2.0 loc:2.0 dam:0.0 moa:0.0 mfa:0.0 cam:0.75 ic:0.0 cbm:0.0 amc:0.0 max_cc:1.0 avg_cc:1.0", "target": "0"}
{"source": "wmc:39.0 dit:1.0 noc:2.0 cbo:28.0 rfc:83.0 lcom:607.0 ca:9.0 ce:19.0 npm:13.0 lcom3:0.902046784 loc:2503.0 dam:1.0 moa:9.0 mfa:0.0 cam:0.144230769 ic:0.0 cbm:0.0 amc:62.25641026 max_cc:13.0 avg_cc:2.3333", "target": "0"}
{"source": "wmc:50.0 dit:1.0 noc:1.0 cbo:15.0 rfc:105.0 lcom:711.0 ca:2.0 ce:13.0 npm:3.0 lcom3:0.850863422 loc:3171.0 dam:0.076923077 moa:0.0 mfa:0.0 cam:0.194285714 ic:0.0 cbm:0.0 amc:61.64 max_cc:55.0 avg_cc:2.48", "target": "1"}
{"source": "wmc:49.0 dit:2.0 noc:1.0 cbo:10.0 rfc:124.0 lcom:608.0 ca:2.0 ce:8.0 npm:41.0 lcom3:0.9 loc:1409.0 dam:1.0 moa:6.0 mfa:0.737142857 cam:0.131944444 ic:2.0 cbm:9.0 amc:27.55102041 max_cc:3.0 avg_cc:1.0408", "target": "1"}
{"source": "wmc:5.0 dit:2.0 noc:0.0 cbo:5.0 rfc:12.0 lcom:0.0 ca:2.0 ce:3.0 npm:1.0 lcom3:0.0 loc:55.0 dam:1.0 moa:1.0 mfa:0.666666667 cam:0.45 ic:1.0 cbm:2.0 amc:9.8 max_cc:1.0 avg_cc:0.8", "target": "0"}
{"source": "wmc:69.0 dit:1.0 noc:3.0 cbo:23.0 rfc:112.0 lcom:1936.0 ca:20.0 ce:8.0 npm:36.0 lcom3:0.971362229 loc:1158.0 dam:0.894736842 moa:1.0 mfa:0.0 cam:0.118171683 ic:0.0 cbm:0.0 amc:15.50724638 max_cc:31.0 avg_cc:2.3043", "target": "0"}
{"source": "wmc:4.0 dit:3.0 noc:0.0 cbo:6.0 rfc:17.0 lcom:0.0 ca:1.0 ce:6.0 npm:1.0 lcom3:0.666666667 loc:75.0 dam:0.5 moa:0.0 mfa:0.96 cam:0.5 ic:2.0 cbm:8.0 amc:17.25 max_cc:3.0 avg_cc:1.25", "target": "1"}
{"source": "wmc:3.0 dit:4.0 noc:1.0 cbo:3.0 rfc:4.0 lcom:3.0 ca:2.0 ce:2.0 npm:3.0 lcom3:1.5 loc:13.0 dam:0.0 moa:0.0 mfa:0.967741935 cam:0.555555556 ic:1.0 cbm:4.0 amc:3.0 max_cc:1.0 avg_cc:0.6667", "target": "0"}
{"source": "wmc:3.0 dit:4.0 noc:0.0 cbo:2.0 rfc:6.0 lcom:3.0 ca:1.0 ce:2.0 npm:3.0 lcom3:2.0 loc:17.0 dam:0.0 moa:0.0 mfa:0.979166667 cam:0.666666667 ic:0.0 cbm:0.0 amc:4.666666667 max_cc:1.0 avg_cc:0.6667", "target": "0"}
{"source": "wmc:2.0 dit:3.0 noc:0.0 cbo:6.0 rfc:4.0 lcom:1.0 ca:6.0 ce:0.0 npm:2.0 lcom3:2.0 loc:9.0 dam:0.0 moa:0.0 mfa:1.0 cam:0.75 ic:0.0 cbm:0.0 amc:3.5 max_cc:0.0 avg_cc:0.0", "target": "0"}
{"source": "wmc:0.0 dit:1.0 noc:0.0 cbo:0.0 rfc:0.0 lcom:0.0 ca:0.0 ce:0.0 npm:0.0 lcom3:2.0 loc:0.0 dam:0.0 moa:0.0 mfa:0.0 cam:0.0 ic:0.0 cbm:0.0 amc:0.0 max_cc:0.0 avg_cc:0.0", "target": "0"}
{"source": "wmc:8.0 dit:1.0 noc:0.0 cbo:2.0 rfc:8.0 lcom:28.0 ca:1.0 ce:1.0 npm:8.0 lcom3:2.0 loc:8.0 dam:0.0 moa:0.0 mfa:0.0 cam:0.5 ic:0.0 cbm:0.0 amc:0.0 max_cc:1.0 avg_cc:1.0", "target": "0"}
{"source": "wmc:9.0 dit:4.0 noc:0.0 cbo:3.0 rfc:12.0 lcom:36.0 ca:0.0 ce:3.0 npm:9.0 lcom3:2.0 loc:50.0 dam:0.0 moa:0.0 mfa:0.911111111 cam:0.555555556 ic:1.0 cbm:4.0 amc:4.555555556 max_cc:1.0 avg_cc:0.8889", "target": "0"}
{"source": "wmc:61.0 dit:3.0 noc:0.0 cbo:25.0 rfc:109.0 lcom:1294.0 ca:16.0 ce:22.0 npm:48.0 lcom3:0.89047619 loc:2565.0 dam:0.952380952 moa:1.0 mfa:0.602739726 cam:0.226229508 ic:2.0 cbm:10.0 amc:40.70491803 max_cc:12.0 avg_cc:2.5246", "target": "1"}
{"source": "wmc:3.0 dit:4.0 noc:0.0 cbo:2.0 rfc:7.0 lcom:3.0 ca:0.0 ce:2.0 npm:3.0 lcom3:2.0 loc:19.0 dam:0.0 moa:0.0 mfa:0.979166667 cam:0.666666667 ic:0.0 cbm:0.0 amc:5.333333333 max_cc:1.0 avg_cc:0.6667", "target": "0"}
{"source": "wmc:22.0 dit:1.0 noc:0.0 cbo:0.0 rfc:22.0 lcom:231.0 ca:0.0 ce:0.0 npm:22.0 lcom3:2.0 loc:22.0 dam:0.0 moa:0.0 mfa:0.0 cam:0.281818182 ic:0.0 cbm:0.0 amc:0.0 max_cc:1.0 avg_cc:1.0", "target": "0"}
{"source": "wmc:7.0 dit:4.0 noc:0.0 cbo:3.0 rfc:10.0 lcom:21.0 ca:0.0 ce:3.0 npm:7.0 lcom3:2.0 loc:39.0 dam:0.0 moa:0.0 mfa:0.931818182 cam:0.571428571 ic:1.0 cbm:6.0 amc:4.571428571 max_cc:1.0 avg_cc:0.8571", "target": "0"}
{"source": "wmc:11.0 dit:4.0 noc:0.0 cbo:3.0 rfc:14.0 lcom:55.0 ca:0.0 ce:3.0 npm:11.0 lcom3:2.0 loc:61.0 dam:0.0 moa:0.0 mfa:0.891304348 cam:0.545454545 ic:1.0 cbm:6.0 amc:4.545454545 max_cc:1.0 avg_cc:0.9091", "target": "0"}
{"source": "wmc:5.0 dit:3.0 noc:0.0 cbo:3.0 rfc:10.0 lcom:10.0 ca:1.0 ce:2.0 npm:5.0 lcom3:2.0 loc:76.0 dam:0.0 moa:0.0 mfa:0.985507246 cam:0.55 ic:1.0 cbm:1.0 amc:14.2 max_cc:2.0 avg_cc:0.4", "target": "0"}
{"source": "wmc:3.0 dit:1.0 noc:0.0 cbo:1.0 rfc:5.0 lcom:0.0 ca:1.0 ce:0.0 npm:3.0 lcom3:1.0 loc:224.0 dam:1.0 moa:0.0 mfa:0.0 cam:0.833333333 ic:0.0 cbm:0.0 amc:72.66666667 max_cc:8.0 avg_cc:4.6667", "target": "0"}
{"source": "wmc:71.0 dit:1.0 noc:0.0 cbo:17.0 rfc:193.0 lcom:1133.0 ca:1.0 ce:16.0 npm:23.0 lcom3:0.924860853 loc:7189.0 dam:1.0 moa:15.0 mfa:0.0 cam:0.147959184 ic:0.0 cbm:0.0 amc:99.16901408 max_cc:3.0 avg_cc:1.0423", "target": "1"}
{"source": "wmc:20.0 dit:1.0 noc:0.0 cbo:0.0 rfc:20.0 lcom:190.0 ca:0.0 ce:0.0 npm:20.0 lcom3:2.0 loc:20.0 dam:0.0 moa:0.0 mfa:0.0 cam:0.75 ic:0.0 cbm:0.0 amc:0.0 max_cc:1.0 avg_cc:1.0", "target": "0"}
{"source": "wmc:5.0 dit:1.0 noc:1.0 cbo:4.0 rfc:8.0 lcom:4.0 ca:4.0 ce:0.0 npm:5.0 lcom3:0.5 loc:56.0 dam:0.0 moa:0.0 mfa:0.0 cam:0.55 ic:0.0 cbm:0.0 amc:9.6 max_cc:2.0 avg_cc:0.8", "target": "0"}
{"source": "wmc:22.0 dit:1.0 noc:0.0 cbo:0.0 rfc:43.0 lcom:127.0 ca:0.0 ce:0.0 npm:20.0 lcom3:0.698412698 loc:161.0 dam:0.0 moa:3.0 mfa:0.0 cam:0.15034965 ic:0.0 cbm:0.0 amc:6.181818182 max_cc:2.0 avg_cc:0.9545", "target": "0"}
{"source": "wmc:17.0 dit:2.0 noc:0.0 cbo:3.0 rfc:34.0 lcom:0.0 ca:1.0 ce:2.0 npm:16.0 lcom3:0.4625 loc:403.0 dam:1.0 moa:0.0 mfa:0.515151515 cam:0.183006536 ic:1.0 cbm:15.0 amc:22.41176471 max_cc:8.0 avg_cc:2.2353", "target": "0"}
{"source": "wmc:3.0 dit:5.0 noc:0.0 cbo:4.0 rfc:9.0 lcom:0.0 ca:1.0 ce:4.0 npm:1.0 lcom3:0.75 loc:44.0 dam:0.5 moa:0.0 mfa:0.969230769 cam:0.555555556 ic:3.0 cbm:11.0 amc:13.0 max_cc:2.0 avg_cc:1.0", "target": "1"}
{"source": "wmc:3.0 dit:1.0 noc:0.0 cbo:2.0 rfc:3.0 lcom:3.0 ca:2.0 ce:0.0 npm:3.0 lcom3:2.0 loc:3.0 dam:0.0 moa:0.0 mfa:0.0 cam:0.5 ic:0.0 cbm:0.0 amc:0.0 max_cc:1.0 avg_cc:1.0", "target": "0"}
{"source": "wmc:9.0 dit:4.0 noc:0.0 cbo:3.0 rfc:12.0 lcom:36.0 ca:0.0 ce:3.0 npm:9.0 lcom3:2.0 loc:50.0 dam:0.0 moa:0.0 mfa:0.911111111 cam:0.555555556 ic:1.0 cbm:5.0 amc:4.555555556 max_cc:1.0 avg_cc:0.8889", "target": "0"}
{"source": "wmc:3.0 dit:4.0 noc:0.0 cbo:2.0 rfc:6.0 lcom:3.0 ca:0.0 ce:2.0 npm:3.0 lcom3:2.0 loc:17.0 dam:0.0 moa:0.0 mfa:0.979166667 cam:0.666666667 ic:0.0 cbm:0.0 amc:4.666666667 max_cc:1.0 avg_cc:0.6667", "target": "0"}
{"source": "wmc:18.0 dit:2.0 noc:0.0 cbo:7.0 rfc:54.0 lcom:141.0 ca:1.0 ce:6.0 npm:9.0 lcom3:0.891640867 loc:1392.0 dam:0.157894737 moa:2.0 mfa:0.2 cam:0.189814815 ic:0.0 cbm:0.0 amc:75.27777778 max_cc:4.0 avg_cc:1.1667", "target": "0"}
{"source": "wmc:7.0 dit:2.0 noc:0.0 cbo:8.0 rfc:29.0 lcom:17.0 ca:1.0 ce:7.0 npm:6.0 lcom3:0.75 loc:374.0 dam:1.0 moa:2.0 mfa:0.444444444 cam:0.333333333 ic:0.0 cbm:0.0 amc:51.28571429 max_cc:1.0 avg_cc:0.7143", "target": "0"}
{"source": "wmc:10.0 dit:1.0 noc:0.0 cbo:0.0 rfc:10.0 lcom:45.0 ca:0.0 ce:0.0 npm:10.0 lcom3:2.0 loc:10.0 dam:0.0 moa:0.0 mfa:0.0 cam:0.75 ic:0.0 cbm:0.0 amc:0.0 max_cc:1.0 avg_cc:1.0", "target": "0"}
{"source": "wmc:3.0 dit:4.0 noc:0.0 cbo:2.0 rfc:6.0 lcom:3.0 ca:0.0 ce:2.0 npm:3.0 lcom3:2.0 loc:17.0 dam:0.0 moa:0.0 mfa:0.979166667 cam:0.5 ic:0.0 cbm:0.0 amc:4.666666667 max_cc:1.0 avg_cc:0.6667", "target": "0"}
{"source": "wmc:9.0 dit:2.0 noc:0.0 cbo:7.0 rfc:23.0 lcom:0.0 ca:2.0 ce:5.0 npm:2.0 lcom3:0.375 loc:147.0 dam:1.0 moa:1.0 mfa:0.533333333 cam:0.355555556 ic:1.0 cbm:2.0 amc:15.11111111 max_cc:2.0 avg_cc:0.8889", "target": "0"}
{"source": "wmc:19.0 dit:4.0 noc:0.0 cbo:2.0 rfc:24.0 lcom:171.0 ca:0.0 ce:2.0 npm:19.0 lcom3:2.0 loc:105.0 dam:0.0 moa:0.0 mfa:0.839285714 cam:0.394736842 ic:0.0 cbm:0.0 amc:4.526315789 max_cc:1.0 avg_cc:0.9474", "target": "0"}
{"source": "wmc:46.0 dit:1.0 noc:0.0 cbo:4.0 rfc:111.0 lcom:683.0 ca:0.0 ce:4.0 npm:27.0 lcom3:0.838888889 loc:2103.0 dam:1.0 moa:2.0 mfa:0.0 cam:0.137777778 ic:0.0 cbm:0.0 amc:44.54347826 max_cc:19.0 avg_cc:4.0435", "target": "0"}
{"source": "wmc:1.0 dit:1.0 noc:0.0 cbo:0.0 rfc:1.0 lcom:0.0 ca:0.0 ce:0.0 npm:1.0 lcom3:2.0 loc:17.0 dam:0.0 moa:0.0 mfa:0.0 cam:1.0 ic:0.0 cbm:0.0 amc:0.0 max_cc:1.0 avg_cc:1.0", "target": "0"}
{"source": "wmc:15.0 dit:4.0 noc:0.0 cbo:3.0 rfc:38.0 lcom:105.0 ca:1.0 ce:2.0 npm:15.0 lcom3:2.0 loc:195.0 dam:0.0 moa:0.0 mfa:0.87037037 cam:0.32 ic:1.0 cbm:1.0 amc:12.0 max_cc:6.0 avg_cc:1.7333", "target": "0"}
{"source": "wmc:4.0 dit:1.0 noc:0.0 cbo:2.0 rfc:4.0 lcom:6.0 ca:1.0 ce:1.0 npm:4.0 lcom3:2.0 loc:4.0 dam:0.0 moa:0.0 mfa:0.0 cam:0.75 ic:0.0 cbm:0.0 amc:0.0 max_cc:1.0 avg_cc:1.0", "target": "0"}
{"source": "wmc:2.0 dit:1.0 noc:0.0 cbo:0.0 rfc:2.0 lcom:1.0 ca:0.0 ce:0.0 npm:2.0 lcom3:2.0 loc:2.0 dam:0.0 moa:0.0 mfa:0.0 cam:1.0 ic:0.0 cbm:0.0 amc:0.0 max_cc:1.0 avg_cc:1.0", "target": "0"}
{"source": "wmc:8.0 dit:1.0 noc:0.0 cbo:2.0 rfc:8.0 lcom:28.0 ca:1.0 ce:1.0 npm:8.0 lcom3:2.0 loc:8.0 dam:0.0 moa:0.0 mfa:0.0 cam:0.75 ic:0.0 cbm:0.0 amc:0.0 max_cc:1.0 avg_cc:1.0", "target": "0"}
{"source": "wmc:8.0 dit:2.0 noc:0.0 cbo:7.0 rfc:13.0 lcom:0.0 ca:7.0 ce:0.0 npm:7.0 lcom3:0.767857143 loc:284.0 dam:1.0 moa:0.0 mfa:0.5625 cam:0.40625 ic:1.0 cbm:2.0 amc:33.5 max_cc:2.0 avg_cc:1.0", "target": "0"}
{"source": "wmc:5.0 dit:1.0 noc:0.0 cbo:8.0 rfc:8.0 lcom:0.0 ca:4.0 ce:6.0 npm:5.0 lcom3:0.5 loc:34.0 dam:1.0 moa:2.0 mfa:0.0 cam:0.4 ic:0.0 cbm:0.0 amc:5.4 max_cc:1.0 avg_cc:0.8", "target": "1"}
{"source": "wmc:5.0 dit:1.0 noc:0.0 cbo:3.0 rfc:14.0 lcom:0.0 ca:2.0 ce:1.0 npm:4.0 lcom3:1.203488372 loc:296.0 dam:0.046511628 moa:0.0 mfa:0.0 cam:0.5 ic:0.0 cbm:0.0 amc:49.6 max_cc:9.0 avg_cc:2.2", "target": "1"}
{"source": "wmc:2.0 dit:1.0 noc:0.0 cbo:0.0 rfc:2.0 lcom:1.0 ca:0.0 ce:0.0 npm:2.0 lcom3:2.0 loc:2.0 dam:0.0 moa:0.0 mfa:0.0 cam:0.75 ic:0.0 cbm:0.0 amc:0.0 max_cc:1.0 avg_cc:1.0", "target": "0"}
{"source": "wmc:18.0 dit:1.0 noc:1.0 cbo:6.0 rfc:28.0 lcom:47.0 ca:5.0 ce:1.0 npm:18.0 lcom3:0.720588235 loc:357.0 dam:1.0 moa:1.0 mfa:0.0 cam:0.179012346 ic:0.0 cbm:0.0 amc:18.38888889 max_cc:3.0 avg_cc:1.7778", "target": "0"}
{"source": "wmc:3.0 dit:3.0 noc:0.0 cbo:0.0 rfc:4.0 lcom:1.0 ca:0.0 ce:0.0 npm:2.0 lcom3:0.5 loc:260.0 dam:0.0 moa:0.0 mfa:0.974358974 cam:1.0 ic:0.0 cbm:0.0 amc:85.33333333 max_cc:1.0 avg_cc:0.3333", "target": "0"}
{"source": "wmc:4.0 dit:1.0 noc:0.0 cbo:3.0 rfc:12.0 lcom:2.0 ca:3.0 ce:0.0 npm:2.0 lcom3:0.666666667 loc:427.0 dam:1.0 moa:0.0 mfa:0.0 cam:0.5 ic:0.0 cbm:0.0 amc:105.25 max_cc:1.0 avg_cc:0.5", "target": "1"}
{"source": "wmc:3.0 dit:1.0 noc:0.0 cbo:3.0 rfc:9.0 lcom:1.0 ca:1.0 ce:2.0 npm:0.0 lcom3:1.166666667 loc:183.0 dam:0.333333333 moa:1.0 mfa:0.0 cam:0.5 ic:0.0 cbm:0.0 amc:59.0 max_cc:4.0 avg_cc:1.3333", "target": "0"}
{"source": "wmc:10.0 dit:1.0 noc:0.0 cbo:0.0 rfc:15.0 lcom:37.0 ca:0.0 ce:0.0 npm:10.0 lcom3:0.777777778 loc:64.0 dam:1.0 moa:0.0 mfa:0.0 cam:0.375 ic:0.0 cbm:0.0 amc:5.0 max_cc:1.0 avg_cc:0.8", "target": "0"}
{"source": "wmc:6.0 dit:1.0 noc:0.0 cbo:10.0 rfc:11.0 lcom:0.0 ca:8.0 ce:2.0 npm:6.0 lcom3:0.133333333 loc:240.0 dam:1.0 moa:1.0 mfa:0.0 cam:0.5 ic:0.0 cbm:0.0 amc:38.5 max_cc:4.0 avg_cc:1.1667", "target": "0"}
{"source": "wmc:8.0 dit:1.0 noc:0.0 cbo:0.0 rfc:8.0 lcom:28.0 ca:0.0 ce:0.0 npm:8.0 lcom3:2.0 loc:8.0 dam:0.0 moa:0.0 mfa:0.0 cam:0.75 ic:0.0 cbm:0.0 amc:0.0 max_cc:1.0 avg_cc:1.0", "target": "0"}
{"source": "wmc:9.0 dit:2.0 noc:0.0 cbo:6.0 rfc:32.0 lcom:20.0 ca:1.0 ce:5.0 npm:7.0 lcom3:0.5 loc:865.0 dam:0.941176471 moa:2.0 mfa:0.363636364 cam:0.301587302 ic:0.0 cbm:0.0 amc:93.22222222 max_cc:1.0 avg_cc:0.7778", "target": "0"}
{"source": "wmc:2.0 dit:1.0 noc:0.0 cbo:2.0 rfc:2.0 lcom:1.0 ca:1.0 ce:1.0 npm:2.0 lcom3:2.0 loc:2.0 dam:0.0 moa:0.0 mfa:0.0 cam:0.75 ic:0.0 cbm:0.0 amc:0.0 max_cc:1.0 avg_cc:1.0", "target": "0"}
{"source": "wmc:16.0 dit:1.0 noc:0.0 cbo:0.0 rfc:16.0 lcom:120.0 ca:0.0 ce:0.0 npm:16.0 lcom3:2.0 loc:16.0 dam:0.0 moa:0.0 mfa:0.0 cam:0.6875 ic:0.0 cbm:0.0 amc:0.0 max_cc:1.0 avg_cc:1.0", "target": "0"}
{"source": "wmc:3.0 dit:4.0 noc:0.0 cbo:2.0 rfc:6.0 lcom:3.0 ca:0.0 ce:2.0 npm:3.0 lcom3:2.0 loc:17.0 dam:0.0 moa:0.0 mfa:0.979166667 cam:0.666666667 ic:0.0 cbm:0.0 amc:4.666666667 max_cc:1.0 avg_cc:0.6667", "target": "0"}
{"source": "wmc:8.0 dit:1.0 noc:0.0 cbo:1.0 rfc:14.0 lcom:0.0 ca:1.0 ce:0.0 npm:5.0 lcom3:0.142857143 loc:574.0 dam:0.0 moa:0.0 mfa:0.0 cam:0.520833333 ic:0.0 cbm:0.0 amc:70.375 max_cc:8.0 avg_cc:5.625", "target": "0"}
{"source": "wmc:49.0 dit:1.0 noc:9.0 cbo:16.0 rfc:87.0 lcom:866.0 ca:15.0 ce:11.0 npm:2.0 lcom3:0.995138889 loc:2172.0 dam:0.366666667 moa:20.0 mfa:0.0 cam:0.1875 ic:0.0 cbm:0.0 amc:42.10204082 max_cc:24.0 avg_cc:2.2857", "target": "1"}
{"source": "wmc:56.0 dit:1.0 noc:3.0 cbo:10.0 rfc:124.0 lcom:864.0 ca:3.0 ce:7.0 npm:37.0 lcom3:0.778181818 loc:1899.0 dam:0.933333333 moa:4.0 mfa:0.0 cam:0.135989011 ic:0.0 cbm:0.0 amc:32.64285714 max_cc:13.0 avg_cc:2.9464", "target": "1"}
{"source": "wmc:19.0 dit:1.0 noc:0.0 cbo:1.0 rfc:50.0 lcom:149.0 ca:1.0 ce:0.0 npm:11.0 lcom3:0.967320261 loc:709.0 dam:0.941176471 moa:0.0 mfa:0.0 cam:0.233333333 ic:0.0 cbm:0.0 amc:35.42105263 max_cc:15.0 avg_cc:2.8421", "target": "0"}
{"source": "wmc:14.0 dit:4.0 noc:0.0 cbo:5.0 rfc:29.0 lcom:91.0 ca:2.0 ce:4.0 npm:12.0 lcom3:1.0 loc:172.0 dam:1.0 moa:1.0 mfa:0.878504673 cam:0.357142857 ic:0.0 cbm:0.0 amc:11.21428571 max_cc:4.0 avg_cc:1.7857", "target": "0"}
{"source": "wmc:7.0 dit:4.0 noc:0.0 cbo:3.0 rfc:10.0 lcom:21.0 ca:0.0 ce:3.0 npm:7.0 lcom3:2.0 loc:39.0 dam:0.0 moa:0.0 mfa:0.931818182 cam:0.571428571 ic:1.0 cbm:6.0 amc:4.571428571 max_cc:1.0 avg_cc:0.8571", "target": "0"}
{"source": "wmc:2.0 dit:1.0 noc:0.0 cbo:2.0 rfc:2.0 lcom:1.0 ca:1.0 ce:1.0 npm:2.0 lcom3:2.0 loc:2.0 dam:0.0 moa:0.0 mfa:0.0 cam:0.75 ic:0.0 cbm:0.0 amc:0.0 max_cc:1.0 avg_cc:1.0", "target": "0"}
{"source": "wmc:6.0 dit:3.0 noc:1.0 cbo:4.0 rfc:10.0 lcom:9.0 ca:3.0 ce:2.0 npm:6.0 lcom3:0.9 loc:46.0 dam:0.5 moa:0.0 mfa:0.915254237 cam:0.5 ic:1.0 cbm:5.0 amc:6.333333333 max_cc:2.0 avg_cc:1.3333", "target": "0"}
{"source": "wmc:6.0 dit:1.0 noc:0.0 cbo:13.0 rfc:9.0 lcom:0.0 ca:9.0 ce:7.0 npm:6.0 lcom3:0.666666667 loc:42.0 dam:1.0 moa:3.0 mfa:0.0 cam:0.333333333 ic:0.0 cbm:0.0 amc:5.5 max_cc:1.0 avg_cc:0.8333", "target": "1"}
{"source": "wmc:6.0 dit:3.0 noc:3.0 cbo:0.0 rfc:10.0 lcom:0.0 ca:0.0 ce:0.0 npm:6.0 lcom3:0.0 loc:54.0 dam:1.0 moa:0.0 mfa:0.85 cam:0.555555556 ic:1.0 cbm:2.0 amc:7.833333333 max_cc:3.0 avg_cc:1.0", "target": "0"}
{"source": "wmc:63.0 dit:2.0 noc:1.0 cbo:25.0 rfc:228.0 lcom:729.0 ca:5.0 ce:20.0 npm:42.0 lcom3:0.874193548 loc:5748.0 dam:0.9 moa:6.0 mfa:0.678947368 cam:0.152073733 ic:2.0 cbm:18.0 amc:89.76190476 max_cc:6.0 avg_cc:1.6825", "target": "1"}
{"source": "wmc:1.0 dit:5.0 noc:0.0 cbo:1.0 rfc:2.0 lcom:0.0 ca:1.0 ce:0.0 npm:1.0 lcom3:2.0 loc:6.0 dam:0.0 moa:0.0 mfa:1.0 cam:1.0 ic:0.0 cbm:0.0 amc:5.0 max_cc:0.0 avg_cc:0.0", "target": "0"}
{"source": "wmc:21.0 dit:4.0 noc:0.0 cbo:2.0 rfc:25.0 lcom:210.0 ca:0.0 ce:2.0 npm:21.0 lcom3:2.0 loc:120.0 dam:0.0 moa:0.0 mfa:0.824561404 cam:0.523809524 ic:0.0 cbm:0.0 amc:4.714285714 max_cc:1.0 avg_cc:0.9524", "target": "0"}
{"source": "wmc:15.0 dit:4.0 noc:0.0 cbo:2.0 rfc:30.0 lcom:105.0 ca:0.0 ce:2.0 npm:15.0 lcom3:2.0 loc:126.0 dam:0.0 moa:0.0 mfa:0.87037037 cam:0.4 ic:0.0 cbm:0.0 amc:7.4 max_cc:3.0 avg_cc:1.1333", "target": "0"}
{"source": "wmc:2.0 dit:1.0 noc:0.0 cbo:0.0 rfc:2.0 lcom:1.0 ca:0.0 ce:0.0 npm:2.0 lcom3:2.0 loc:2.0 dam:0.0 moa:0.0 mfa:0.0 cam:0.75 ic:0.0 cbm:0.0 amc:0.0 max_cc:1.0 avg_cc:1.0", "target": "0"}
{"source": "wmc:5.0 dit:1.0 noc:0.0 cbo:10.0 rfc:5.0 lcom:10.0 ca:6.0 ce:4.0 npm:5.0 lcom3:2.0 loc:5.0 dam:0.0 moa:0.0 mfa:0.0 cam:0.4 ic:0.0 cbm:0.0 amc:0.0 max_cc:1.0 avg_cc:1.0", "target": "0"}
{"source": "wmc:12.0 dit:2.0 noc:0.0 cbo:6.0 rfc:75.0 lcom:16.0 ca:2.0 ce:4.0 npm:9.0 lcom3:2.0 loc:994.0 dam:0.0 moa:0.0 mfa:0.875 cam:0.25 ic:2.0 cbm:7.0 amc:81.83333333 max_cc:30.0 avg_cc:8.0833", "target": "1"}
{"source": "wmc:7.0 dit:4.0 noc:0.0 cbo:2.0 rfc:11.0 lcom:21.0 ca:0.0 ce:2.0 npm:7.0 lcom3:2.0 loc:43.0 dam:0.0 moa:0.0 mfa:0.94 cam:0.571428571 ic:0.0 cbm:0.0 amc:5.142857143 max_cc:1.0 avg_cc:0.8571", "target": "0"}
{"source": "wmc:0.0 dit:1.0 noc:0.0 cbo:0.0 rfc:0.0 lcom:0.0 ca:0.0 ce:0.0 npm:0.0 lcom3:2.0 loc:0.0 dam:0.0 moa:0.0 mfa:0.0 cam:0.0 ic:0.0 cbm:0.0 amc:0.0 max_cc:0.0 avg_cc:0.0", "target": "0"}
{"source": "wmc:10.0 dit:2.0 noc:0.0 cbo:8.0 rfc:31.0 lcom:33.0 ca:1.0 ce:7.0 npm:7.0 lcom3:0.857142857 loc:195.0 dam:0.714285714 moa:2.0 mfa:0.333333333 cam:0.244444444 ic:0.0 cbm:0.0 amc:17.8 max_cc:4.0 avg_cc:1.1", "target": "1"}
{"source": "wmc:3.0 dit:4.0 noc:0.0 cbo:3.0 rfc:6.0 lcom:3.0 ca:1.0 ce:2.0 npm:3.0 lcom3:2.0 loc:17.0 dam:0.0 moa:0.0 mfa:0.979166667 cam:0.666666667 ic:0.0 cbm:0.0 amc:4.666666667 max_cc:1.0 avg_cc:0.6667", "target": "0"}
{"source": "wmc:14.0 dit:1.0 noc:0.0 cbo:13.0 rfc:58.0 lcom:41.0 ca:1.0 ce:12.0 npm:7.0 lcom3:0.779264214 loc:1675.0 dam:1.0 moa:7.0 mfa:0.0 cam:0.307692308 ic:0.0 cbm:0.0 amc:117.0 max_cc:3.0 avg_cc:1.0", "target": "0"}
{"source": "wmc:5.0 dit:4.0 noc:0.0 cbo:2.0 rfc:10.0 lcom:10.0 ca:0.0 ce:2.0 npm:5.0 lcom3:2.0 loc:31.0 dam:0.0 moa:0.0 mfa:0.959183673 cam:0.45 ic:1.0 cbm:2.0 amc:5.2 max_cc:1.0 avg_cc:0.8", "target": "0"}
{"source": "wmc:2.0 dit:1.0 noc:0.0 cbo:2.0 rfc:2.0 lcom:1.0 ca:1.0 ce:1.0 npm:2.0 lcom3:2.0 loc:2.0 dam:0.0 moa:0.0 mfa:0.0 cam:0.75 ic:0.0 cbm:0.0 amc:0.0 max_cc:1.0 avg_cc:1.0", "target": "0"}
{"source": "wmc:23.0 dit:1.0 noc:0.0 cbo:0.0 rfc:23.0 lcom:253.0 ca:0.0 ce:0.0 npm:23.0 lcom3:2.0 loc:23.0 dam:0.0 moa:0.0 mfa:0.0 cam:0.347826087 ic:0.0 cbm:0.0 amc:0.0 max_cc:1.0 avg_cc:1.0", "target": "0"}
{"source": "wmc:6.0 dit:2.0 noc:0.0 cbo:5.0 rfc:14.0 lcom:0.0 ca:2.0 ce:3.0 npm:1.0 lcom3:0.2 loc:154.0 dam:1.0 moa:2.0 mfa:0.615384615 cam:0.416666667 ic:1.0 cbm:2.0 amc:24.33333333 max_cc:1.0 avg_cc:0.8333", "target": "0"}
{"source": "wmc:4.0 dit:1.0 noc:0.0 cbo:2.0 rfc:4.0 lcom:6.0 ca:1.0 ce:1.0 npm:4.0 lcom3:2.0 loc:4.0 dam:0.0 moa:0.0 mfa:0.0 cam:0.75 ic:0.0 cbm:0.0 amc:0.0 max_cc:1.0 avg_cc:1.0", "target": "0"}
{"source": "wmc:1.0 dit:4.0 noc:1.0 cbo:0.0 rfc:2.0 lcom:0.0 ca:0.0 ce:0.0 npm:1.0 lcom3:2.0 loc:11.0 dam:0.0 moa:0.0 mfa:1.0 cam:1.0 ic:0.0 cbm:0.0 amc:7.0 max_cc:0.0 avg_cc:0.0", "target": "0"}
{"source": "wmc:25.0 dit:1.0 noc:0.0 cbo:0.0 rfc:25.0 lcom:300.0 ca:0.0 ce:0.0 npm:25.0 lcom3:1.041666667 loc:37.0 dam:0.0 moa:0.0 mfa:0.0 cam:0.33 ic:0.0 cbm:0.0 amc:0.0 max_cc:1.0 avg_cc:1.0", "target": "0"}
{"source": "wmc:3.0 dit:4.0 noc:0.0 cbo:4.0 rfc:7.0 lcom:0.0 ca:1.0 ce:4.0 npm:1.0 lcom3:0.75 loc:33.0 dam:0.5 moa:0.0 mfa:0.966101695 cam:0.555555556 ic:2.0 cbm:7.0 amc:9.333333333 max_cc:1.0 avg_cc:0.6667", "target": "1"}
{"source": "wmc:3.0 dit:1.0 noc:0.0 cbo:0.0 rfc:3.0 lcom:3.0 ca:0.0 ce:0.0 npm:3.0 lcom3:2.0 loc:3.0 dam:0.0 moa:0.0 mfa:0.0 cam:0.555555556 ic:0.0 cbm:0.0 amc:0.0 max_cc:1.0 avg_cc:1.0", "target": "0"}
{"source": "wmc:13.0 dit:1.0 noc:2.0 cbo:17.0 rfc:43.0 lcom:30.0 ca:7.0 ce:10.0 npm:10.0 lcom3:0.861111111 loc:498.0 dam:1.0 moa:4.0 mfa:0.0 cam:0.2 ic:0.0 cbm:0.0 amc:35.92307692 max_cc:6.0 avg_cc:1.4615", "target": "1"}
{"source": "wmc:3.0 dit:1.0 noc:0.0 cbo:0.0 rfc:3.0 lcom:3.0 ca:0.0 ce:0.0 npm:3.0 lcom3:2.0 loc:3.0 dam:0.0 moa:0.0 mfa:0.0 cam:1.0 ic:0.0 cbm:0.0 amc:0.0 max_cc:1.0 avg_cc:1.0", "target": "1"}
{"source": "wmc:38.0 dit:4.0 noc:0.0 cbo:3.0 rfc:49.0 lcom:703.0 ca:0.0 ce:3.0 npm:38.0 lcom3:2.0 loc:229.0 dam:0.0 moa:0.0 mfa:0.717557252 cam:0.294736842 ic:1.0 cbm:3.0 amc:5.026315789 max_cc:3.0 avg_cc:1.0789", "target": "0"}
{"source": "wmc:25.0 dit:4.0 noc:0.0 cbo:3.0 rfc:32.0 lcom:300.0 ca:0.0 ce:3.0 npm:25.0 lcom3:2.0 loc:142.0 dam:0.0 moa:0.0 mfa:0.773584906 cam:0.312 ic:1.0 cbm:7.0 amc:4.68 max_cc:1.0 avg_cc:0.96", "target": "0"}
{"source": "wmc:5.0 dit:4.0 noc:0.0 cbo:3.0 rfc:8.0 lcom:10.0 ca:0.0 ce:3.0 npm:5.0 lcom3:2.0 loc:28.0 dam:0.0 moa:0.0 mfa:0.953488372 cam:0.6 ic:1.0 cbm:4.0 amc:4.6 max_cc:1.0 avg_cc:0.8", "target": "0"}
{"source": "wmc:23.0 dit:4.0 noc:0.0 cbo:5.0 rfc:41.0 lcom:253.0 ca:0.0 ce:5.0 npm:23.0 lcom3:0.954545455 loc:183.0 dam:1.0 moa:1.0 mfa:0.810344828 cam:0.246376812 ic:1.0 cbm:1.0 amc:6.913043478 max_cc:3.0 avg_cc:1.2174", "target": "0"}
{"source": "wmc:20.0 dit:1.0 noc:0.0 cbo:2.0 rfc:20.0 lcom:190.0 ca:1.0 ce:1.0 npm:20.0 lcom3:2.0 loc:20.0 dam:0.0 moa:0.0 mfa:0.0 cam:0.375 ic:0.0 cbm:0.0 amc:0.0 max_cc:1.0 avg_cc:1.0", "target": "0"}
{"source": "wmc:8.0 dit:2.0 noc:0.0 cbo:3.0 rfc:22.0 lcom:0.0 ca:1.0 ce:2.0 npm:6.0 lcom3:0.619047619 loc:109.0 dam:1.0 moa:1.0 mfa:0.7 cam:0.3 ic:1.0 cbm:1.0 amc:12.25 max_cc:1.0 avg_cc:0.75", "target": "1"}
{"source": "wmc:5.0 dit:4.0 noc:1.0 cbo:7.0 rfc:13.0 lcom:2.0 ca:4.0 ce:4.0 npm:5.0 lcom3:0.833333333 loc:52.0 dam:0.666666667 moa:1.0 mfa:0.951807229 cam:0.4 ic:2.0 cbm:6.0 amc:8.8 max_cc:2.0 avg_cc:1.2", "target": "0"}
{"source": "wmc:5.0 dit:1.0 noc:0.0 cbo:6.0 rfc:14.0 lcom:0.0 ca:5.0 ce:1.0 npm:4.0 lcom3:1.159090909 loc:205.0 dam:0.136363636 moa:0.0 mfa:0.0 cam:0.5 ic:0.0 cbm:0.0 amc:35.6 max_cc:9.0 avg_cc:2.2", "target": "0"}
{"source": "wmc:2.0 dit:1.0 noc:0.0 cbo:0.0 rfc:2.0 lcom:1.0 ca:0.0 ce:0.0 npm:2.0 lcom3:2.0 loc:2.0 dam:0.0 moa:0.0 mfa:0.0 cam:0.75 ic:0.0 cbm:0.0 amc:0.0 max_cc:1.0 avg_cc:1.0", "target": "0"}
{"source": "wmc:3.0 dit:3.0 noc:0.0 cbo:0.0 rfc:4.0 lcom:1.0 ca:0.0 ce:0.0 npm:2.0 lcom3:0.5 loc:923.0 dam:0.0 moa:0.0 mfa:0.974358974 cam:1.0 ic:0.0 cbm:0.0 amc:306.3333333 max_cc:1.0 avg_cc:0.3333", "target": "0"}
{"source": "wmc:5.0 dit:1.0 noc:2.0 cbo:18.0 rfc:37.0 lcom:2.0 ca:8.0 ce:11.0 npm:4.0 lcom3:0.791666667 loc:454.0 dam:1.0 moa:2.0 mfa:0.0 cam:0.36 ic:0.0 cbm:0.0 amc:88.6 max_cc:1.0 avg_cc:0.8", "target": "1"}
{"source": "wmc:16.0 dit:1.0 noc:0.0 cbo:0.0 rfc:16.0 lcom:120.0 ca:0.0 ce:0.0 npm:16.0 lcom3:2.0 loc:16.0 dam:0.0 moa:0.0 mfa:0.0 cam:0.645833333 ic:0.0 cbm:0.0 amc:0.0 max_cc:1.0 avg_cc:1.0", "target": "0"}
{"source": "wmc:7.0 dit:2.0 noc:1.0 cbo:4.0 rfc:12.0 lcom:15.0 ca:3.0 ce:2.0 npm:7.0 lcom3:0.916666667 loc:80.0 dam:0.75 moa:0.0 mfa:0.88 cam:0.523809524 ic:1.0 cbm:4.0 amc:9.857142857 max_cc:3.0 avg_cc:1.8571", "target": "0"}
{"source": "wmc:16.0 dit:2.0 noc:0.0 cbo:5.0 rfc:35.0 lcom:112.0 ca:1.0 ce:4.0 npm:10.0 lcom3:2.0 loc:261.0 dam:0.0 moa:0.0 mfa:0.788732394 cam:0.21875 ic:1.0 cbm:10.0 amc:15.3125 max_cc:6.0 avg_cc:1.9375", "target": "0"}
{"source": "wmc:4.0 dit:1.0 noc:0.0 cbo:6.0 rfc:6.0 lcom:0.0 ca:5.0 ce:1.0 npm:4.0 lcom3:0.0 loc:73.0 dam:0.0 moa:1.0 mfa:0.0 cam:0.55 ic:0.0 cbm:0.0 amc:16.5 max_cc:2.0 avg_cc:0.5", "target": "0"}
{"source": "wmc:7.0 dit:4.0 noc:0.0 cbo:3.0 rfc:10.0 lcom:21.0 ca:0.0 ce:3.0 npm:7.0 lcom3:2.0 loc:39.0 dam:0.0 moa:0.0 mfa:0.931818182 cam:0.571428571 ic:1.0 cbm:6.0 amc:4.571428571 max_cc:1.0 avg_cc:0.8571", "target": "0"}
{"source": "wmc:6.0 dit:1.0 noc:0.0 cbo:0.0 rfc:6.0 lcom:15.0 ca:0.0 ce:0.0 npm:6.0 lcom3:2.0 loc:6.0 dam:0.0 moa:0.0 mfa:0.0 cam:0.5 ic:0.0 cbm:0.0 amc:0.0 max_cc:1.0 avg_cc:1.0", "target": "0"}
{"source": "wmc:2.0 dit:1.0 noc:0.0 cbo:0.0 rfc:2.0 lcom:1.0 ca:0.0 ce:0.0 npm:2.0 lcom3:2.0 loc:2.0 dam:0.0 moa:0.0 mfa:0.0 cam:0.75 ic:0.0 cbm:0.0 amc:0.0 max_cc:1.0 avg_cc:1.0", "target": "0"}
{"source": "wmc:5.0 dit:4.0 noc:0.0 cbo:3.0 rfc:10.0 lcom:10.0 ca:0.0 ce:3.0 npm:5.0 lcom3:2.0 loc:52.0 dam:0.0 moa:0.0 mfa:0.959183673 cam:0.6 ic:0.0 cbm:0.0 amc:9.4 max_cc:3.0 avg_cc:1.6", "target": "0"}
{"source": "wmc:5.0 dit:4.0 noc:0.0 cbo:2.0 rfc:10.0 lcom:10.0 ca:0.0 ce:2.0 npm:5.0 lcom3:2.0 loc:28.0 dam:0.0 moa:0.0 mfa:0.959183673 cam:0.45 ic:0.0 cbm:0.0 amc:4.6 max_cc:1.0 avg_cc:0.8", "target": "0"}
{"source": "wmc:8.0 dit:1.0 noc:0.0 cbo:2.0 rfc:8.0 lcom:28.0 ca:1.0 ce:1.0 npm:8.0 lcom3:2.0 loc:8.0 dam:0.0 moa:0.0 mfa:0.0 cam:0.75 ic:0.0 cbm:0.0 amc:0.0 max_cc:1.0 avg_cc:1.0", "target": "0"}
{"source": "wmc:8.0 dit:1.0 noc:0.0 cbo:6.0 rfc:17.0 lcom:4.0 ca:3.0 ce:3.0 npm:8.0 lcom3:0.653061224 loc:184.0 dam:1.0 moa:2.0 mfa:0.0 cam:0.303571429 ic:0.0 cbm:0.0 amc:21.125 max_cc:2.0 avg_cc:1.5", "target": "0"}
{"source": "wmc:9.0 dit:4.0 noc:0.0 cbo:2.0 rfc:15.0 lcom:36.0 ca:0.0 ce:2.0 npm:9.0 lcom3:2.0 loc:52.0 dam:0.0 moa:0.0 mfa:0.921568627 cam:0.416666667 ic:0.0 cbm:0.0 amc:4.777777778 max_cc:1.0 avg_cc:0.8889", "target": "0"}
{"source": "wmc:9.0 dit:4.0 noc:0.0 cbo:3.0 rfc:12.0 lcom:36.0 ca:0.0 ce:3.0 npm:9.0 lcom3:2.0 loc:50.0 dam:0.0 moa:0.0 mfa:0.911111111 cam:0.555555556 ic:1.0 cbm:6.0 amc:4.555555556 max_cc:1.0 avg_cc:0.8889", "target": "0"}
{"source": "wmc:18.0 dit:1.0 noc:0.0 cbo:2.0 rfc:18.0 lcom:153.0 ca:1.0 ce:1.0 npm:18.0 lcom3:2.0 loc:18.0 dam:0.0 moa:0.0 mfa:0.0 cam:0.75 ic:0.0 cbm:0.0 amc:0.0 max_cc:1.0 avg_cc:1.0", "target": "0"}
{"source": "wmc:12.0 dit:1.0 noc:0.0 cbo:0.0 rfc:12.0 lcom:66.0 ca:0.0 ce:0.0 npm:12.0 lcom3:2.0 loc:12.0 dam:0.0 moa:0.0 mfa:0.0 cam:0.638888889 ic:0.0 cbm:0.0 amc:0.0 max_cc:1.0 avg_cc:1.0", "target": "0"}
{"source": "wmc:11.0 dit:2.0 noc:0.0 cbo:11.0 rfc:37.0 lcom:11.0 ca:2.0 ce:9.0 npm:8.0 lcom3:0.5 loc:480.0 dam:1.0 moa:2.0 mfa:0.333333333 cam:0.284090909 ic:0.0 cbm:0.0 amc:41.81818182 max_cc:4.0 avg_cc:1.0", "target": "0"}
{"source": "wmc:20.0 dit:4.0 noc:0.0 cbo:6.0 rfc:42.0 lcom:190.0 ca:2.0 ce:6.0 npm:19.0 lcom3:1.0 loc:284.0 dam:0.0 moa:1.0 mfa:0.831858407 cam:0.275 ic:0.0 cbm:0.0 amc:13.15 max_cc:4.0 avg_cc:2.0", "target": "0"}
{"source": "wmc:12.0 dit:1.0 noc:0.0 cbo:0.0 rfc:12.0 lcom:66.0 ca:0.0 ce:0.0 npm:12.0 lcom3:2.0 loc:12.0 dam:0.0 moa:0.0 mfa:0.0 cam:0.354166667 ic:0.0 cbm:0.0 amc:0.0 max_cc:1.0 avg_cc:1.0", "target": "0"}
{"source": "wmc:8.0 dit:1.0 noc:0.0 cbo:11.0 rfc:8.0 lcom:28.0 ca:7.0 ce:5.0 npm:8.0 lcom3:2.0 loc:8.0 dam:0.0 moa:0.0 mfa:0.0 cam:0.363636364 ic:0.0 cbm:0.0 amc:0.0 max_cc:1.0 avg_cc:1.0", "target": "0"}
{"source": "wmc:23.0 dit:4.0 noc:0.0 cbo:3.0 rfc:32.0 lcom:253.0 ca:0.0 ce:3.0 npm:23.0 lcom3:2.0 loc:149.0 dam:0.0 moa:0.0 mfa:0.810344828 cam:0.295652174 ic:1.0 cbm:3.0 amc:5.47826087 max_cc:3.0 avg_cc:1.1304", "target": "0"}
{"source": "wmc:2.0 dit:2.0 noc:0.0 cbo:8.0 rfc:14.0 lcom:1.0 ca:1.0 ce:8.0 npm:1.0 lcom3:2.0 loc:140.0 dam:0.0 moa:0.0 mfa:0.75 cam:0.571428571 ic:2.0 cbm:2.0 amc:69.0 max_cc:1.0 avg_cc:0.5", "target": "0"}
{"source": "wmc:10.0 dit:1.0 noc:0.0 cbo:2.0 rfc:10.0 lcom:45.0 ca:1.0 ce:1.0 npm:10.0 lcom3:2.0 loc:10.0 dam:0.0 moa:0.0 mfa:0.0 cam:0.75 ic:0.0 cbm:0.0 amc:0.0 max_cc:1.0 avg_cc:1.0", "target": "0"}
{"source": "wmc:4.0 dit:3.0 noc:0.0 cbo:7.0 rfc:28.0 lcom:0.0 ca:1.0 ce:7.0 npm:1.0 lcom3:0.666666667 loc:176.0 dam:0.5 moa:0.0 mfa:0.947368421 cam:0.5 ic:2.0 cbm:5.0 amc:42.5 max_cc:8.0 avg_cc:2.5", "target": "1"}
{"source": "wmc:34.0 dit:1.0 noc:0.0 cbo:0.0 rfc:34.0 lcom:561.0 ca:0.0 ce:0.0 npm:34.0 lcom3:2.0 loc:34.0 dam:0.0 moa:0.0 mfa:0.0 cam:0.282352941 ic:0.0 cbm:0.0 amc:0.0 max_cc:1.0 avg_cc:1.0", "target": "0"}
{"source": "wmc:29.0 dit:1.0 noc:0.0 cbo:0.0 rfc:29.0 lcom:406.0 ca:0.0 ce:0.0 npm:29.0 lcom3:2.0 loc:29.0 dam:0.0 moa:0.0 mfa:0.0 cam:0.370689655 ic:0.0 cbm:0.0 amc:0.0 max_cc:1.0 avg_cc:1.0", "target": "0"}
{"source": "wmc:0.0 dit:1.0 noc:0.0 cbo:2.0 rfc:0.0 lcom:0.0 ca:1.0 ce:1.0 npm:0.0 lcom3:2.0 loc:0.0 dam:0.0 moa:0.0 mfa:0.0 cam:0.0 ic:0.0 cbm:0.0 amc:0.0 max_cc:0.0 avg_cc:0.0", "target": "0"}
{"source": "wmc:95.0 dit:1.0 noc:0.0 cbo:59.0 rfc:297.0 lcom:2425.0 ca:13.0 ce:55.0 npm:55.0 lcom3:0.944105337 loc:6959.0 dam:0.967213115 moa:41.0 mfa:0.0 cam:0.085473684 ic:0.0 cbm:0.0 amc:70.96842105 max_cc:17.0 avg_cc:1.6211", "target": "1"}
{"source": "wmc:3.0 dit:4.0 noc:0.0 cbo:2.0 rfc:8.0 lcom:3.0 ca:0.0 ce:2.0 npm:3.0 lcom3:2.0 loc:20.0 dam:0.0 moa:0.0 mfa:0.979166667 cam:0.5 ic:0.0 cbm:0.0 amc:5.666666667 max_cc:1.0 avg_cc:0.6667", "target": "0"}
{"source": "wmc:8.0 dit:1.0 noc:0.0 cbo:7.0 rfc:12.0 lcom:20.0 ca:1.0 ce:6.0 npm:8.0 lcom3:0.333333333 loc:464.0 dam:1.0 moa:2.0 mfa:0.0 cam:0.464285714 ic:0.0 cbm:0.0 amc:56.25 max_cc:1.0 avg_cc:0.625", "target": "0"}
{"source": "wmc:10.0 dit:1.0 noc:0.0 cbo:0.0 rfc:10.0 lcom:45.0 ca:0.0 ce:0.0 npm:10.0 lcom3:1.111111111 loc:13.0 dam:0.0 moa:0.0 mfa:0.0 cam:0.4 ic:0.0 cbm:0.0 amc:0.0 max_cc:1.0 avg_cc:1.0", "target": "0"}
{"source": "wmc:11.0 dit:1.0 noc:1.0 cbo:3.0 rfc:13.0 lcom:35.0 ca:3.0 ce:0.0 npm:11.0 lcom3:0.9 loc:87.0 dam:0.1 moa:2.0 mfa:0.0 cam:0.393939394 ic:0.0 cbm:0.0 amc:6.0 max_cc:1.0 avg_cc:0.9091", "target": "0"}
{"source": "wmc:5.0 dit:3.0 noc:2.0 cbo:2.0 rfc:7.0 lcom:10.0 ca:2.0 ce:0.0 npm:5.0 lcom3:2.0 loc:20.0 dam:0.0 moa:0.0 mfa:0.944444444 cam:0.6 ic:0.0 cbm:0.0 amc:3.0 max_cc:1.0 avg_cc:0.2", "target": "0"}
{"source": "wmc:4.0 dit:1.0 noc:0.0 cbo:0.0 rfc:4.0 lcom:6.0 ca:0.0 ce:0.0 npm:4.0 lcom3:2.0 loc:4.0 dam:0.0 moa:0.0 mfa:0.0 cam:0.75 ic:0.0 cbm:0.0 amc:0.0 max_cc:1.0 avg_cc:1.0", "target": "0"}
{"source": "wmc:6.0 dit:2.0 noc:0.0 cbo:7.0 rfc:20.0 lcom:9.0 ca:1.0 ce:7.0 npm:3.0 lcom3:0.0 loc:136.0 dam:1.0 moa:0.0 mfa:0.545454545 cam:0.433333333 ic:1.0 cbm:2.0 amc:21.5 max_cc:5.0 avg_cc:1.5", "target": "0"}
{"source": "wmc:6.0 dit:1.0 noc:2.0 cbo:4.0 rfc:18.0 lcom:13.0 ca:3.0 ce:2.0 npm:5.0 lcom3:0.8 loc:150.0 dam:0.0 moa:1.0 mfa:0.0 cam:0.533333333 ic:0.0 cbm:0.0 amc:23.83333333 max_cc:20.0 avg_cc:4.3333", "target": "1"}
{"source": "wmc:13.0 dit:4.0 noc:0.0 cbo:3.0 rfc:16.0 lcom:78.0 ca:0.0 ce:3.0 npm:13.0 lcom3:2.0 loc:72.0 dam:0.0 moa:0.0 mfa:0.872340426 cam:0.538461538 ic:1.0 cbm:7.0 amc:4.538461538 max_cc:1.0 avg_cc:0.9231", "target": "0"}
{"source": "wmc:5.0 dit:1.0 noc:16.0 cbo:19.0 rfc:6.0 lcom:10.0 ca:17.0 ce:2.0 npm:5.0 lcom3:1.25 loc:13.0 dam:1.0 moa:0.0 mfa:0.0 cam:0.533333333 ic:0.0 cbm:0.0 amc:1.4 max_cc:1.0 avg_cc:0.8", "target": "1"}
{"source": "wmc:8.0 dit:4.0 noc:0.0 cbo:21.0 rfc:12.0 lcom:0.0 ca:20.0 ce:1.0 npm:8.0 lcom3:0.285714286 loc:64.0 dam:1.0 moa:0.0 mfa:0.818181818 cam:0.4375 ic:0.0 cbm:0.0 amc:6.75 max_cc:1.0 avg_cc:0.5", "target": "0"}
{"source": "wmc:24.0 dit:1.0 noc:6.0 cbo:10.0 rfc:39.0 lcom:234.0 ca:7.0 ce:9.0 npm:0.0 lcom3:1.023550725 loc:268.0 dam:0.0 moa:1.0 mfa:0.0 cam:0.195652174 ic:0.0 cbm:0.0 amc:9.166666667 max_cc:2.0 avg_cc:0.9583", "target": "0"}
{"source": "wmc:11.0 dit:1.0 noc:0.0 cbo:40.0 rfc:16.0 lcom:25.0 ca:40.0 ce:0.0 npm:11.0 lcom3:0.05 loc:191.0 dam:0.0 moa:0.0 mfa:0.0 cam:0.409090909 ic:1.0 cbm:1.0 amc:16.0 max_cc:7.0 avg_cc:1.1818", "target": "0"}
{"source": "wmc:2.0 dit:1.0 noc:0.0 cbo:0.0 rfc:2.0 lcom:1.0 ca:0.0 ce:0.0 npm:2.0 lcom3:2.0 loc:2.0 dam:0.0 moa:0.0 mfa:0.0 cam:1.0 ic:0.0 cbm:0.0 amc:0.0 max_cc:1.0 avg_cc:1.0", "target": "0"}
{"source": "wmc:53.0 dit:1.0 noc:0.0 cbo:31.0 rfc:143.0 lcom:1146.0 ca:12.0 ce:20.0 npm:20.0 lcom3:0.906177156 loc:6637.0 dam:0.090909091 moa:6.0 mfa:0.0 cam:0.192307692 ic:1.0 cbm:1.0 amc:123.6037736 max_cc:147.0 avg_cc:13.3585", "target": "0"}
{"source": "wmc:14.0 dit:1.0 noc:0.0 cbo:0.0 rfc:15.0 lcom:81.0 ca:0.0 ce:0.0 npm:14.0 lcom3:0.876923077 loc:75.0 dam:1.0 moa:0.0 mfa:0.0 cam:0.392857143 ic:0.0 cbm:0.0 amc:4.0 max_cc:1.0 avg_cc:0.7143", "target": "0"}
{"source": "wmc:1.0 dit:1.0 noc:0.0 cbo:7.0 rfc:1.0 lcom:0.0 ca:5.0 ce:2.0 npm:1.0 lcom3:2.0 loc:1.0 dam:0.0 moa:0.0 mfa:0.0 cam:1.0 ic:0.0 cbm:0.0 amc:0.0 max_cc:1.0 avg_cc:1.0", "target": "0"}
{"source": "wmc:62.0 dit:1.0 noc:0.0 cbo:24.0 rfc:130.0 lcom:753.0 ca:10.0 ce:17.0 npm:39.0 lcom3:0.850197852 loc:2272.0 dam:0.862068966 moa:12.0 mfa:0.0 cam:0.138248848 ic:0.0 cbm:0.0 amc:35.17741935 max_cc:6.0 avg_cc:1.3226", "target": "0"}
{"source": "wmc:1.0 dit:1.0 noc:0.0 cbo:0.0 rfc:2.0 lcom:0.0 ca:0.0 ce:0.0 npm:1.0 lcom3:2.0 loc:4.0 dam:0.0 moa:0.0 mfa:0.0 cam:1.0 ic:0.0 cbm:0.0 amc:3.0 max_cc:0.0 avg_cc:0.0", "target": "0"}
{"source": "wmc:3.0 dit:1.0 noc:0.0 cbo:0.0 rfc:3.0 lcom:3.0 ca:0.0 ce:0.0 npm:3.0 lcom3:2.0 loc:3.0 dam:0.0 moa:0.0 mfa:0.0 cam:0.777777778 ic:0.0 cbm:0.0 amc:0.0 max_cc:1.0 avg_cc:1.0", "target": "0"}
{"source": "wmc:7.0 dit:2.0 noc:0.0 cbo:7.0 rfc:27.0 lcom:15.0 ca:1.0 ce:6.0 npm:6.0 lcom3:0.75 loc:380.0 dam:1.0 moa:1.0 mfa:0.444444444 cam:0.333333333 ic:1.0 cbm:1.0 amc:52.14285714 max_cc:1.0 avg_cc:0.7143", "target": "0"}
{"source": "wmc:9.0 dit:4.0 noc:0.0 cbo:3.0 rfc:12.0 lcom:36.0 ca:0.0 ce:3.0 npm:9.0 lcom3:2.0 loc:50.0 dam:0.0 moa:0.0 mfa:0.911111111 cam:0.555555556 ic:1.0 cbm:6.0 amc:4.555555556 max_cc:1.0 avg_cc:0.8889", "target": "0"}
{"source": "wmc:11.0 dit:1.0 noc:0.0 cbo:5.0 rfc:37.0 lcom:0.0 ca:0.0 ce:5.0 npm:11.0 lcom3:0.716666667 loc:332.0 dam:1.0 moa:3.0 mfa:0.0 cam:0.318181818 ic:0.0 cbm:0.0 amc:28.63636364 max_cc:1.0 avg_cc:0.9091", "target": "0"}
{"source": "wmc:11.0 dit:1.0 noc:0.0 cbo:6.0 rfc:24.0 lcom:0.0 ca:2.0 ce:4.0 npm:11.0 lcom3:0.5 loc:112.0 dam:1.0 moa:1.0 mfa:0.0 cam:0.515151515 ic:0.0 cbm:0.0 amc:9.0 max_cc:2.0 avg_cc:1.2727", "target": "0"}
{"source": "wmc:21.0 dit:4.0 noc:0.0 cbo:3.0 rfc:28.0 lcom:210.0 ca:0.0 ce:3.0 npm:21.0 lcom3:2.0 loc:118.0 dam:0.0 moa:0.0 mfa:0.803921569 cam:0.314285714 ic:1.0 cbm:7.0 amc:4.619047619 max_cc:1.0 avg_cc:0.9524", "target": "0"}
{"source": "wmc:15.0 dit:1.0 noc:0.0 cbo:0.0 rfc:16.0 lcom:105.0 ca:0.0 ce:0.0 npm:15.0 lcom3:2.0 loc:34.0 dam:0.0 moa:0.0 mfa:0.0 cam:0.285714286 ic:0.0 cbm:0.0 amc:1.266666667 max_cc:1.0 avg_cc:0.9333", "target": "0"}
{"source": "wmc:5.0 dit:4.0 noc:0.0 cbo:2.0 rfc:10.0 lcom:10.0 ca:0.0 ce:2.0 npm:5.0 lcom3:2.0 loc:52.0 dam:0.0 moa:0.0 mfa:0.959183673 cam:0.6 ic:0.0 cbm:0.0 amc:9.4 max_cc:3.0 avg_cc:1.6", "target": "0"}
{"source": "wmc:3.0 dit:1.0 noc:0.0 cbo:6.0 rfc:3.0 lcom:3.0 ca:3.0 ce:3.0 npm:3.0 lcom3:2.0 loc:3.0 dam:0.0 moa:0.0 mfa:0.0 cam:0.666666667 ic:0.0 cbm:0.0 amc:0.0 max_cc:1.0 avg_cc:1.0", "target": "0"}
{"source": "wmc:9.0 dit:1.0 noc:0.0 cbo:10.0 rfc:9.0 lcom:36.0 ca:8.0 ce:2.0 npm:9.0 lcom3:2.0 loc:9.0 dam:0.0 moa:0.0 mfa:0.0 cam:0.555555556 ic:0.0 cbm:0.0 amc:0.0 max_cc:1.0 avg_cc:1.0", "target": "0"}
{"source": "wmc:22.0 dit:1.0 noc:0.0 cbo:0.0 rfc:22.0 lcom:231.0 ca:0.0 ce:0.0 npm:22.0 lcom3:2.0 loc:22.0 dam:0.0 moa:0.0 mfa:0.0 cam:0.75 ic:0.0 cbm:0.0 amc:0.0 max_cc:1.0 avg_cc:1.0", "target": "0"}
{"source": "wmc:2.0 dit:1.0 noc:0.0 cbo:0.0 rfc:2.0 lcom:1.0 ca:0.0 ce:0.0 npm:2.0 lcom3:2.0 loc:2.0 dam:0.0 moa:0.0 mfa:0.0 cam:0.75 ic:0.0 cbm:0.0 amc:0.0 max_cc:1.0 avg_cc:1.0", "target": "0"}
{"source": "wmc:4.0 dit:4.0 noc:0.0 cbo:3.0 rfc:8.0 lcom:6.0 ca:0.0 ce:3.0 npm:4.0 lcom3:1.0 loc:32.0 dam:1.0 moa:1.0 mfa:0.969072165 cam:0.583333333 ic:0.0 cbm:0.0 amc:6.75 max_cc:2.0 avg_cc:1.0", "target": "0"}
{"source": "wmc:13.0 dit:4.0 noc:0.0 cbo:2.0 rfc:21.0 lcom:78.0 ca:0.0 ce:2.0 npm:13.0 lcom3:2.0 loc:103.0 dam:0.0 moa:0.0 mfa:0.886792453 cam:0.403846154 ic:0.0 cbm:0.0 amc:6.923076923 max_cc:3.0 avg_cc:1.2308", "target": "0"}
{"source": "wmc:4.0 dit:1.0 noc:0.0 cbo:0.0 rfc:4.0 lcom:6.0 ca:0.0 ce:0.0 npm:4.0 lcom3:2.0 loc:4.0 dam:0.0 moa:0.0 mfa:0.0 cam:1.0 ic:0.0 cbm:0.0 amc:0.0 max_cc:1.0 avg_cc:1.0", "target": "0"}
{"source": "wmc:8.0 dit:2.0 noc:0.0 cbo:5.0 rfc:15.0 lcom:26.0 ca:1.0 ce:4.0 npm:7.0 lcom3:0.714285714 loc:49.0 dam:1.0 moa:1.0 mfa:0.4 cam:0.285714286 ic:0.0 cbm:0.0 amc:5.0 max_cc:1.0 avg_cc:0.75", "target": "0"}
{"source": "wmc:3.0 dit:1.0 noc:0.0 cbo:0.0 rfc:3.0 lcom:3.0 ca:0.0 ce:0.0 npm:3.0 lcom3:2.0 loc:3.0 dam:0.0 moa:0.0 mfa:0.0 cam:0.666666667 ic:0.0 cbm:0.0 amc:0.0 max_cc:1.0 avg_cc:1.0", "target": "0"}
{"source": "wmc:0.0 dit:1.0 noc:0.0 cbo:0.0 rfc:0.0 lcom:0.0 ca:0.0 ce:0.0 npm:0.0 lcom3:2.0 loc:0.0 dam:0.0 moa:0.0 mfa:0.0 cam:0.0 ic:0.0 cbm:0.0 amc:0.0 max_cc:0.0 avg_cc:0.0", "target": "0"}
{"source": "wmc:8.0 dit:4.0 noc:0.0 cbo:19.0 rfc:12.0 lcom:0.0 ca:18.0 ce:1.0 npm:8.0 lcom3:0.285714286 loc:64.0 dam:1.0 moa:0.0 mfa:0.818181818 cam:0.4375 ic:0.0 cbm:0.0 amc:6.75 max_cc:1.0 avg_cc:0.5", "target": "0"}
{"source": "wmc:3.0 dit:4.0 noc:0.0 cbo:2.0 rfc:6.0 lcom:3.0 ca:0.0 ce:2.0 npm:3.0 lcom3:2.0 loc:17.0 dam:0.0 moa:0.0 mfa:0.979166667 cam:0.5 ic:0.0 cbm:0.0 amc:4.666666667 max_cc:1.0 avg_cc:0.6667", "target": "0"}
{"source": "wmc:16.0 dit:1.0 noc:0.0 cbo:0.0 rfc:16.0 lcom:120.0 ca:0.0 ce:0.0 npm:16.0 lcom3:2.0 loc:16.0 dam:0.0 moa:0.0 mfa:0.0 cam:0.375 ic:0.0 cbm:0.0 amc:0.0 max_cc:1.0 avg_cc:1.0", "target": "0"}
{"source": "wmc:3.0 dit:1.0 noc:0.0 cbo:9.0 rfc:3.0 lcom:3.0 ca:9.0 ce:0.0 npm:3.0 lcom3:2.0 loc:3.0 dam:0.0 moa:0.0 mfa:0.0 cam:0.666666667 ic:0.0 cbm:0.0 amc:0.0 max_cc:1.0 avg_cc:1.0", "target": "0"}
{"source": "wmc:8.0 dit:1.0 noc:0.0 cbo:2.0 rfc:8.0 lcom:28.0 ca:1.0 ce:1.0 npm:8.0 lcom3:2.0 loc:8.0 dam:0.0 moa:0.0 mfa:0.0 cam:0.75 ic:0.0 cbm:0.0 amc:0.0 max_cc:1.0 avg_cc:1.0", "target": "0"}
{"source": "wmc:18.0 dit:4.0 noc:0.0 cbo:3.0 rfc:25.0 lcom:153.0 ca:0.0 ce:3.0 npm:18.0 lcom3:0.941176471 loc:102.0 dam:1.0 moa:1.0 mfa:0.846846847 cam:0.481481481 ic:0.0 cbm:0.0 amc:4.611111111 max_cc:2.0 avg_cc:1.0", "target": "0"}
{"source": "wmc:11.0 dit:3.0 noc:35.0 cbo:39.0 rfc:20.0 lcom:55.0 ca:36.0 ce:4.0 npm:7.0 lcom3:2.0 loc:93.0 dam:0.0 moa:0.0 mfa:0.87804878 cam:0.436363636 ic:2.0 cbm:3.0 amc:7.454545455 max_cc:3.0 avg_cc:1.2727", "target": "0"}
{"source": "wmc:2.0 dit:1.0 noc:0.0 cbo:2.0 rfc:2.0 lcom:1.0 ca:1.0 ce:1.0 npm:2.0 lcom3:2.0 loc:2.0 dam:0.0 moa:0.0 mfa:0.0 cam:0.75 ic:0.0 cbm:0.0 amc:0.0 max_cc:1.0 avg_cc:1.0", "target": "0"}
{"source": "wmc:12.0 dit:2.0 noc:0.0 cbo:9.0 rfc:38.0 lcom:52.0 ca:3.0 ce:6.0 npm:7.0 lcom3:0.690909091 loc:959.0 dam:1.0 moa:3.0 mfa:0.285714286 cam:0.194444444 ic:0.0 cbm:0.0 amc:77.66666667 max_cc:1.0 avg_cc:0.8333", "target": "0"}
{"source": "wmc:5.0 dit:4.0 noc:0.0 cbo:2.0 rfc:8.0 lcom:10.0 ca:0.0 ce:2.0 npm:5.0 lcom3:2.0 loc:28.0 dam:0.0 moa:0.0 mfa:0.959183673 cam:0.6 ic:0.0 cbm:0.0 amc:4.6 max_cc:1.0 avg_cc:0.8", "target": "0"}
{"source": "wmc:2.0 dit:1.0 noc:0.0 cbo:2.0 rfc:2.0 lcom:1.0 ca:1.0 ce:1.0 npm:2.0 lcom3:2.0 loc:2.0 dam:0.0 moa:0.0 mfa:0.0 cam:0.75 ic:0.0 cbm:0.0 amc:0.0 max_cc:1.0 avg_cc:1.0", "target": "0"}
{"source": "wmc:19.0 dit:4.0 noc:0.0 cbo:3.0 rfc:24.0 lcom:171.0 ca:0.0 ce:3.0 npm:19.0 lcom3:2.0 loc:107.0 dam:0.0 moa:0.0 mfa:0.82 cam:0.394736842 ic:1.0 cbm:6.0 amc:4.631578947 max_cc:1.0 avg_cc:0.9474", "target": "0"}
{"source": "wmc:4.0 dit:1.0 noc:0.0 cbo:1.0 rfc:5.0 lcom:0.0 ca:1.0 ce:0.0 npm:0.0 lcom3:0.0 loc:28.0 dam:1.0 moa:0.0 mfa:0.0 cam:0.625 ic:0.0 cbm:0.0 amc:5.75 max_cc:2.0 avg_cc:1.0", "target": "0"}
{"source": "wmc:1.0 dit:1.0 noc:0.0 cbo:0.0 rfc:1.0 lcom:0.0 ca:0.0 ce:0.0 npm:1.0 lcom3:2.0 loc:1.0 dam:0.0 moa:0.0 mfa:0.0 cam:1.0 ic:0.0 cbm:0.0 amc:0.0 max_cc:1.0 avg_cc:1.0", "target": "0"}
{"source": "wmc:2.0 dit:2.0 noc:0.0 cbo:4.0 rfc:10.0 lcom:1.0 ca:1.0 ce:3.0 npm:1.0 lcom3:2.0 loc:76.0 dam:0.0 moa:0.0 mfa:0.75 cam:0.625 ic:2.0 cbm:2.0 amc:37.0 max_cc:11.0 avg_cc:5.5", "target": "0"}
{"source": "wmc:9.0 dit:4.0 noc:0.0 cbo:0.0 rfc:15.0 lcom:28.0 ca:0.0 ce:0.0 npm:8.0 lcom3:0.375 loc:106.0 dam:1.0 moa:0.0 mfa:0.8 cam:0.466666667 ic:0.0 cbm:0.0 amc:10.33333333 max_cc:1.0 avg_cc:0.5556", "target": "0"}
{"source": "wmc:3.0 dit:3.0 noc:0.0 cbo:0.0 rfc:4.0 lcom:1.0 ca:0.0 ce:0.0 npm:2.0 lcom3:0.5 loc:247.0 dam:0.0 moa:0.0 mfa:0.974358974 cam:1.0 ic:0.0 cbm:0.0 amc:81.0 max_cc:1.0 avg_cc:0.3333", "target": "0"}
{"source": "wmc:7.0 dit:4.0 noc:0.0 cbo:3.0 rfc:10.0 lcom:21.0 ca:0.0 ce:3.0 npm:7.0 lcom3:2.0 loc:39.0 dam:0.0 moa:0.0 mfa:0.931818182 cam:0.571428571 ic:1.0 cbm:6.0 amc:4.571428571 max_cc:1.0 avg_cc:0.8571", "target": "0"}
{"source": "wmc:2.0 dit:1.0 noc:0.0 cbo:0.0 rfc:2.0 lcom:1.0 ca:0.0 ce:0.0 npm:2.0 lcom3:2.0 loc:2.0 dam:0.0 moa:0.0 mfa:0.0 cam:0.75 ic:0.0 cbm:0.0 amc:0.0 max_cc:1.0 avg_cc:1.0", "target": "0"}
{"source": "wmc:4.0 dit:1.0 noc:0.0 cbo:0.0 rfc:4.0 lcom:6.0 ca:0.0 ce:0.0 npm:4.0 lcom3:2.0 loc:4.0 dam:0.0 moa:0.0 mfa:0.0 cam:0.75 ic:0.0 cbm:0.0 amc:0.0 max_cc:1.0 avg_cc:1.0", "target": "0"}
{"source": "wmc:8.0 dit:2.0 noc:0.0 cbo:2.0 rfc:17.0 lcom:8.0 ca:1.0 ce:1.0 npm:6.0 lcom3:0.666666667 loc:112.0 dam:1.0 moa:1.0 mfa:0.76 cam:0.375 ic:1.0 cbm:1.0 amc:12.625 max_cc:1.0 avg_cc:0.75", "target": "1"}
{"source": "wmc:13.0 dit:1.0 noc:0.0 cbo:0.0 rfc:13.0 lcom:78.0 ca:0.0 ce:0.0 npm:13.0 lcom3:2.0 loc:13.0 dam:0.0 moa:0.0 mfa:0.0 cam:0.461538462 ic:0.0 cbm:0.0 amc:0.0 max_cc:1.0 avg_cc:1.0", "target": "0"}
{"source": "wmc:12.0 dit:1.0 noc:1.0 cbo:0.0 rfc:39.0 lcom:52.0 ca:0.0 ce:0.0 npm:8.0 lcom3:0.878787879 loc:275.0 dam:0.833333333 moa:0.0 mfa:0.0 cam:0.454545455 ic:0.0 cbm:0.0 amc:21.41666667 max_cc:10.0 avg_cc:1.6667", "target": "0"}
{"source": "wmc:2.0 dit:4.0 noc:0.0 cbo:4.0 rfc:3.0 lcom:0.0 ca:4.0 ce:0.0 npm:2.0 lcom3:0.0 loc:13.0 dam:0.0 moa:0.0 mfa:0.944444444 cam:0.666666667 ic:0.0 cbm:0.0 amc:5.0 max_cc:1.0 avg_cc:0.5", "target": "0"}
{"source": "wmc:1.0 dit:1.0 noc:0.0 cbo:0.0 rfc:1.0 lcom:0.0 ca:0.0 ce:0.0 npm:1.0 lcom3:2.0 loc:1.0 dam:0.0 moa:0.0 mfa:0.0 cam:1.0 ic:0.0 cbm:0.0 amc:0.0 max_cc:1.0 avg_cc:1.0", "target": "0"}
{"source": "wmc:18.0 dit:2.0 noc:0.0 cbo:7.0 rfc:58.0 lcom:141.0 ca:1.0 ce:6.0 npm:10.0 lcom3:0.845588235 loc:1924.0 dam:1.0 moa:2.0 mfa:0.2 cam:0.189814815 ic:0.0 cbm:0.0 amc:105.0 max_cc:4.0 avg_cc:1.1667", "target": "0"}
{"source": "wmc:5.0 dit:1.0 noc:0.0 cbo:10.0 rfc:14.0 lcom:0.0 ca:9.0 ce:1.0 npm:4.0 lcom3:1.17 loc:206.0 dam:0.08 moa:0.0 mfa:0.0 cam:0.5 ic:0.0 cbm:0.0 amc:35.2 max_cc:9.0 avg_cc:2.2", "target": "0"}
{"source": "wmc:42.0 dit:1.0 noc:0.0 cbo:3.0 rfc:66.0 lcom:375.0 ca:2.0 ce:1.0 npm:29.0 lcom3:0.780487805 loc:2006.0 dam:1.0 moa:0.0 mfa:0.0 cam:0.226480836 ic:0.0 cbm:0.0 amc:46.47619048 max_cc:33.0 avg_cc:3.1429", "target": "1"}
{"source": "wmc:6.0 dit:1.0 noc:0.0 cbo:0.0 rfc:6.0 lcom:15.0 ca:0.0 ce:0.0 npm:6.0 lcom3:2.0 loc:6.0 dam:0.0 moa:0.0 mfa:0.0 cam:0.375 ic:0.0 cbm:0.0 amc:0.0 max_cc:1.0 avg_cc:1.0", "target": "0"}
{"source": "wmc:5.0 dit:4.0 noc:0.0 cbo:2.0 rfc:11.0 lcom:10.0 ca:0.0 ce:2.0 npm:5.0 lcom3:2.0 loc:30.0 dam:0.0 moa:0.0 mfa:0.959183673 cam:0.45 ic:0.0 cbm:0.0 amc:5.0 max_cc:1.0 avg_cc:0.8", "target": "0"}
{"source": "wmc:13.0 dit:1.0 noc:0.0 cbo:1.0 rfc:24.0 lcom:8.0 ca:1.0 ce:1.0 npm:9.0 lcom3:0.6875 loc:380.0 dam:1.0 moa:4.0 mfa:0.0 cam:0.307692308 ic:0.0 cbm:0.0 amc:27.61538462 max_cc:11.0 avg_cc:4.2308", "target": "0"}
{"source": "wmc:2.0 dit:1.0 noc:0.0 cbo:0.0 rfc:2.0 lcom:1.0 ca:0.0 ce:0.0 npm:2.0 lcom3:2.0 loc:2.0 dam:0.0 moa:0.0 mfa:0.0 cam:0.75 ic:0.0 cbm:0.0 amc:0.0 max_cc:1.0 avg_cc:1.0", "target": "0"}
{"source": "wmc:13.0 dit:4.0 noc:0.0 cbo:3.0 rfc:16.0 lcom:78.0 ca:0.0 ce:3.0 npm:13.0 lcom3:2.0 loc:72.0 dam:0.0 moa:0.0 mfa:0.872340426 cam:0.538461538 ic:1.0 cbm:4.0 amc:4.538461538 max_cc:1.0 avg_cc:0.9231", "target": "0"}
{"source": "wmc:10.0 dit:1.0 noc:0.0 cbo:24.0 rfc:47.0 lcom:19.0 ca:4.0 ce:20.0 npm:7.0 lcom3:0.733333333 loc:875.0 dam:0.6 moa:0.0 mfa:0.0 cam:0.25 ic:0.0 cbm:0.0 amc:86.0 max_cc:4.0 avg_cc:2.0", "target": "1"}
{"source": "wmc:3.0 dit:3.0 noc:0.0 cbo:4.0 rfc:8.0 lcom:0.0 ca:1.0 ce:4.0 npm:1.0 lcom3:0.75 loc:40.0 dam:0.5 moa:0.0 mfa:0.960784314 cam:0.555555556 ic:2.0 cbm:7.0 amc:11.66666667 max_cc:1.0 avg_cc:0.6667", "target": "1"}
{"source": "wmc:1.0 dit:1.0 noc:0.0 cbo:0.0 rfc:1.0 lcom:0.0 ca:0.0 ce:0.0 npm:1.0 lcom3:2.0 loc:1.0 dam:0.0 moa:0.0 mfa:0.0 cam:1.0 ic:0.0 cbm:0.0 amc:0.0 max_cc:1.0 avg_cc:1.0", "target": "0"}
{"source": "wmc:3.0 dit:1.0 noc:0.0 cbo:0.0 rfc:3.0 lcom:3.0 ca:0.0 ce:0.0 npm:3.0 lcom3:2.0 loc:3.0 dam:0.0 moa:0.0 mfa:0.0 cam:0.666666667 ic:0.0 cbm:0.0 amc:0.0 max_cc:1.0 avg_cc:1.0", "target": "0"}
{"source": "wmc:2.0 dit:1.0 noc:0.0 cbo:2.0 rfc:2.0 lcom:1.0 ca:1.0 ce:1.0 npm:2.0 lcom3:2.0 loc:2.0 dam:0.0 moa:0.0 mfa:0.0 cam:0.75 ic:0.0 cbm:0.0 amc:0.0 max_cc:1.0 avg_cc:1.0", "target": "0"}
{"source": "wmc:15.0 dit:4.0 noc:0.0 cbo:3.0 rfc:20.0 lcom:105.0 ca:0.0 ce:3.0 npm:15.0 lcom3:2.0 loc:84.0 dam:0.0 moa:0.0 mfa:0.854166667 cam:0.4 ic:1.0 cbm:4.0 amc:4.6 max_cc:1.0 avg_cc:0.9333", "target": "0"}
{"source": "wmc:5.0 dit:4.0 noc:0.0 cbo:3.0 rfc:8.0 lcom:10.0 ca:0.0 ce:3.0 npm:5.0 lcom3:2.0 loc:28.0 dam:0.0 moa:0.0 mfa:0.953488372 cam:0.6 ic:1.0 cbm:4.0 amc:4.6 max_cc:1.0 avg_cc:0.8", "target": "0"}
{"source": "wmc:33.0 dit:2.0 noc:2.0 cbo:16.0 rfc:70.0 lcom:0.0 ca:3.0 ce:14.0 npm:20.0 lcom3:0.565625 loc:3041.0 dam:1.0 moa:2.0 mfa:0.184210526 cam:0.174479167 ic:1.0 cbm:3.0 amc:90.84848485 max_cc:2.0 avg_cc:1.0606", "target": "0"}
{"source": "wmc:10.0 dit:1.0 noc:0.0 cbo:10.0 rfc:13.0 lcom:5.0 ca:10.0 ce:0.0 npm:8.0 lcom3:0.908496732 loc:7825.0 dam:0.176470588 moa:0.0 mfa:0.0 cam:0.25 ic:0.0 cbm:0.0 amc:779.8 max_cc:9.0 avg_cc:4.7", "target": "0"}
{"source": "wmc:3.0 dit:1.0 noc:0.0 cbo:5.0 rfc:7.0 lcom:1.0 ca:5.0 ce:0.0 npm:0.0 lcom3:0.5 loc:42.0 dam:0.0 moa:0.0 mfa:0.0 cam:0.5 ic:0.0 cbm:0.0 amc:11.66666667 max_cc:2.0 avg_cc:0.6667", "target": "0"}
{"source": "wmc:7.0 dit:4.0 noc:0.0 cbo:3.0 rfc:10.0 lcom:21.0 ca:0.0 ce:3.0 npm:7.0 lcom3:2.0 loc:39.0 dam:0.0 moa:0.0 mfa:0.931818182 cam:0.571428571 ic:1.0 cbm:4.0 amc:4.571428571 max_cc:1.0 avg_cc:0.8571", "target": "0"}
{"source": "wmc:0.0 dit:1.0 noc:0.0 cbo:0.0 rfc:0.0 lcom:0.0 ca:0.0 ce:0.0 npm:0.0 lcom3:2.0 loc:0.0 dam:0.0 moa:0.0 mfa:0.0 cam:0.0 ic:0.0 cbm:0.0 amc:0.0 max_cc:0.0 avg_cc:0.0", "target": "0"}
{"source": "wmc:7.0 dit:1.0 noc:0.0 cbo:0.0 rfc:7.0 lcom:21.0 ca:0.0 ce:0.0 npm:7.0 lcom3:2.0 loc:7.0 dam:0.0 moa:0.0 mfa:0.0 cam:1.0 ic:0.0 cbm:0.0 amc:0.0 max_cc:1.0 avg_cc:1.0", "target": "0"}
{"source": "wmc:9.0 dit:3.0 noc:0.0 cbo:5.0 rfc:16.0 lcom:0.0 ca:0.0 ce:5.0 npm:0.0 lcom3:0.579545455 loc:1583.0 dam:1.0 moa:0.0 mfa:0.826086957 cam:0.366666667 ic:1.0 cbm:3.0 amc:173.6666667 max_cc:1.0 avg_cc:0.8889", "target": "0"}
{"source": "wmc:10.0 dit:4.0 noc:1.0 cbo:5.0 rfc:15.0 lcom:37.0 ca:4.0 ce:2.0 npm:10.0 lcom3:0.933333333 loc:93.0 dam:0.8 moa:0.0 mfa:0.897727273 cam:0.4 ic:2.0 cbm:6.0 amc:7.8 max_cc:2.0 avg_cc:1.6", "target": "1"}
{"source": "wmc:31.0 dit:4.0 noc:0.0 cbo:3.0 rfc:46.0 lcom:465.0 ca:1.0 ce:2.0 npm:31.0 lcom3:2.0 loc:259.0 dam:0.0 moa:0.0 mfa:0.758064516 cam:0.309677419 ic:0.0 cbm:0.0 amc:7.35483871 max_cc:6.0 avg_cc:1.3871", "target": "0"}
{"source": "wmc:1.0 dit:1.0 noc:0.0 cbo:4.0 rfc:1.0 lcom:0.0 ca:4.0 ce:1.0 npm:1.0 lcom3:2.0 loc:1.0 dam:0.0 moa:0.0 mfa:0.0 cam:1.0 ic:0.0 cbm:0.0 amc:0.0 max_cc:1.0 avg_cc:1.0", "target": "1"}
{"source": "wmc:2.0 dit:1.0 noc:0.0 cbo:2.0 rfc:2.0 lcom:1.0 ca:1.0 ce:1.0 npm:2.0 lcom3:2.0 loc:2.0 dam:0.0 moa:0.0 mfa:0.0 cam:0.75 ic:0.0 cbm:0.0 amc:0.0 max_cc:1.0 avg_cc:1.0", "target": "0"}
{"source": "wmc:30.0 dit:1.0 noc:0.0 cbo:0.0 rfc:88.0 lcom:177.0 ca:0.0 ce:0.0 npm:24.0 lcom3:0.882032668 loc:887.0 dam:0.736842105 moa:9.0 mfa:0.0 cam:0.126666667 ic:0.0 cbm:0.0 amc:27.93333333 max_cc:4.0 avg_cc:1.2333", "target": "0"}
{"source": "wmc:2.0 dit:1.0 noc:0.0 cbo:0.0 rfc:2.0 lcom:1.0 ca:0.0 ce:0.0 npm:2.0 lcom3:2.0 loc:2.0 dam:0.0 moa:0.0 mfa:0.0 cam:0.75 ic:0.0 cbm:0.0 amc:0.0 max_cc:1.0 avg_cc:1.0", "target": "0"}
{"source": "wmc:10.0 dit:1.0 noc:0.0 cbo:2.0 rfc:10.0 lcom:45.0 ca:1.0 ce:1.0 npm:10.0 lcom3:2.0 loc:10.0 dam:0.0 moa:0.0 mfa:0.0 cam:0.5 ic:0.0 cbm:0.0 amc:0.0 max_cc:1.0 avg_cc:1.0", "target": "0"}
{"source": "wmc:35.0 dit:1.0 noc:0.0 cbo:0.0 rfc:35.0 lcom:595.0 ca:0.0 ce:0.0 npm:35.0 lcom3:2.0 loc:35.0 dam:0.0 moa:0.0 mfa:0.0 cam:0.371428571 ic:0.0 cbm:0.0 amc:0.0 max_cc:1.0 avg_cc:1.0", "target": "0"}
{"source": "wmc:38.0 dit:2.0 noc:2.0 cbo:16.0 rfc:102.0 lcom:417.0 ca:9.0 ce:10.0 npm:24.0 lcom3:0.817567568 loc:1440.0 dam:0.75 moa:1.0 mfa:0.556962025 cam:0.174174174 ic:1.0 cbm:16.0 amc:36.78947368 max_cc:16.0 avg_cc:2.7368", "target": "0"}
{"source": "wmc:19.0 dit:1.0 noc:0.0 cbo:0.0 rfc:19.0 lcom:171.0 ca:0.0 ce:0.0 npm:19.0 lcom3:2.0 loc:19.0 dam:0.0 moa:0.0 mfa:0.0 cam:0.438596491 ic:0.0 cbm:0.0 amc:0.0 max_cc:1.0 avg_cc:1.0", "target": "0"}
{"source": "wmc:8.0 dit:1.0 noc:0.0 cbo:0.0 rfc:8.0 lcom:28.0 ca:0.0 ce:0.0 npm:8.0 lcom3:2.0 loc:8.0 dam:0.0 moa:0.0 mfa:0.0 cam:0.666666667 ic:0.0 cbm:0.0 amc:0.0 max_cc:1.0 avg_cc:1.0", "target": "0"}
{"source": "wmc:15.0 dit:4.0 noc:0.0 cbo:3.0 rfc:18.0 lcom:105.0 ca:0.0 ce:3.0 npm:15.0 lcom3:2.0 loc:83.0 dam:0.0 moa:0.0 mfa:0.854166667 cam:0.533333333 ic:1.0 cbm:6.0 amc:4.533333333 max_cc:1.0 avg_cc:0.9333", "target": "0"}
{"source": "wmc:2.0 dit:1.0 noc:0.0 cbo:2.0 rfc:2.0 lcom:1.0 ca:1.0 ce:1.0 npm:2.0 lcom3:2.0 loc:2.0 dam:0.0 moa:0.0 mfa:0.0 cam:0.75 ic:0.0 cbm:0.0 amc:0.0 max_cc:1.0 avg_cc:1.0", "target": "0"}
{"source": "wmc:41.0 dit:2.0 noc:0.0 cbo:13.0 rfc:75.0 lcom:0.0 ca:1.0 ce:12.0 npm:22.0 lcom3:0.608823529 loc:7463.0 dam:0.882352941 moa:3.0 mfa:0.152173913 cam:0.170833333 ic:1.0 cbm:4.0 amc:180.6097561 max_cc:2.0 avg_cc:1.0488", "target": "0"}
{"source": "wmc:3.0 dit:2.0 noc:0.0 cbo:5.0 rfc:4.0 lcom:1.0 ca:4.0 ce:1.0 npm:3.0 lcom3:0.5 loc:16.0 dam:1.0 moa:0.0 mfa:0.8 cam:0.666666667 ic:0.0 cbm:0.0 amc:4.0 max_cc:1.0 avg_cc:0.6667", "target": "0"}
{"source": "wmc:23.0 dit:4.0 noc:0.0 cbo:2.0 rfc:26.0 lcom:253.0 ca:0.0 ce:2.0 npm:23.0 lcom3:2.0 loc:127.0 dam:0.0 moa:0.0 mfa:0.810344828 cam:0.52173913 ic:0.0 cbm:0.0 amc:4.52173913 max_cc:1.0 avg_cc:0.9565", "target": "0"}
{"source": "wmc:2.0 dit:1.0 noc:0.0 cbo:0.0 rfc:2.0 lcom:1.0 ca:0.0 ce:0.0 npm:2.0 lcom3:2.0 loc:2.0 dam:0.0 moa:0.0 mfa:0.0 cam:0.75 ic:0.0 cbm:0.0 amc:0.0 max_cc:1.0 avg_cc:1.0", "target": "0"}
{"source": "wmc:9.0 dit:2.0 noc:0.0 cbo:6.0 rfc:34.0 lcom:30.0 ca:1.0 ce:5.0 npm:7.0 lcom3:0.669117647 loc:721.0 dam:1.0 moa:2.0 mfa:0.363636364 cam:0.285714286 ic:0.0 cbm:0.0 amc:77.22222222 max_cc:1.0 avg_cc:0.7778", "target": "1"}
{"source": "wmc:14.0 dit:1.0 noc:0.0 cbo:0.0 rfc:14.0 lcom:91.0 ca:0.0 ce:0.0 npm:14.0 lcom3:2.0 loc:14.0 dam:0.0 moa:0.0 mfa:0.0 cam:0.206349206 ic:0.0 cbm:0.0 amc:0.0 max_cc:1.0 avg_cc:1.0", "target": "0"}
{"source": "wmc:3.0 dit:1.0 noc:0.0 cbo:0.0 rfc:14.0 lcom:3.0 ca:0.0 ce:0.0 npm:2.0 lcom3:2.0 loc:102.0 dam:0.0 moa:0.0 mfa:0.0 cam:0.333333333 ic:0.0 cbm:0.0 amc:33.0 max_cc:1.0 avg_cc:0.6667", "target": "0"}
{"source": "wmc:9.0 dit:1.0 noc:0.0 cbo:9.0 rfc:22.0 lcom:18.0 ca:7.0 ce:2.0 npm:3.0 lcom3:1.028846154 loc:366.0 dam:0.153846154 moa:1.0 mfa:0.0 cam:0.317460317 ic:0.0 cbm:0.0 amc:38.22222222 max_cc:17.0 avg_cc:4.6667", "target": "0"}
{"source": "wmc:47.0 dit:1.0 noc:0.0 cbo:23.0 rfc:111.0 lcom:677.0 ca:7.0 ce:17.0 npm:18.0 lcom3:0.944317315 loc:2575.0 dam:0.070175439 moa:15.0 mfa:0.0 cam:0.150724638 ic:0.0 cbm:0.0 amc:52.57446809 max_cc:2.0 avg_cc:1.0426", "target": "1"}
{"source": "wmc:1.0 dit:1.0 noc:0.0 cbo:16.0 rfc:1.0 lcom:0.0 ca:16.0 ce:0.0 npm:1.0 lcom3:2.0 loc:1.0 dam:0.0 moa:0.0 mfa:0.0 cam:1.0 ic:0.0 cbm:0.0 amc:0.0 max_cc:1.0 avg_cc:1.0", "target": "1"}
{"source": "wmc:5.0 dit:4.0 noc:0.0 cbo:2.0 rfc:8.0 lcom:10.0 ca:0.0 ce:2.0 npm:5.0 lcom3:2.0 loc:28.0 dam:0.0 moa:0.0 mfa:0.959183673 cam:0.6 ic:0.0 cbm:0.0 amc:4.6 max_cc:1.0 avg_cc:0.8", "target": "0"}
{"source": "wmc:8.0 dit:1.0 noc:0.0 cbo:0.0 rfc:8.0 lcom:28.0 ca:0.0 ce:0.0 npm:8.0 lcom3:2.0 loc:8.0 dam:0.0 moa:0.0 mfa:0.0 cam:0.354166667 ic:0.0 cbm:0.0 amc:0.0 max_cc:1.0 avg_cc:1.0", "target": "0"}
{"source": "wmc:3.0 dit:3.0 noc:0.0 cbo:5.0 rfc:12.0 lcom:0.0 ca:1.0 ce:5.0 npm:1.0 lcom3:0.75 loc:59.0 dam:0.5 moa:0.0 mfa:0.961538462 cam:0.555555556 ic:2.0 cbm:3.0 amc:18.0 max_cc:1.0 avg_cc:0.6667", "target": "1"}
{"source": "wmc:2.0 dit:1.0 noc:0.0 cbo:0.0 rfc:2.0 lcom:1.0 ca:0.0 ce:0.0 npm:2.0 lcom3:2.0 loc:2.0 dam:0.0 moa:0.0 mfa:0.0 cam:1.0 ic:0.0 cbm:0.0 amc:0.0 max_cc:1.0 avg_cc:1.0", "target": "0"}
{"source": "wmc:2.0 dit:1.0 noc:0.0 cbo:2.0 rfc:2.0 lcom:1.0 ca:1.0 ce:1.0 npm:2.0 lcom3:2.0 loc:2.0 dam:0.0 moa:0.0 mfa:0.0 cam:0.75 ic:0.0 cbm:0.0 amc:0.0 max_cc:1.0 avg_cc:1.0", "target": "0"}
{"source": "wmc:14.0 dit:2.0 noc:0.0 cbo:9.0 rfc:52.0 lcom:75.0 ca:3.0 ce:6.0 npm:8.0 lcom3:0.757692308 loc:1409.0 dam:1.0 moa:3.0 mfa:0.25 cam:0.18452381 ic:0.0 cbm:0.0 amc:98.21428571 max_cc:4.0 avg_cc:1.0714", "target": "0"}
{"source": "wmc:4.0 dit:1.0 noc:0.0 cbo:0.0 rfc:4.0 lcom:6.0 ca:0.0 ce:0.0 npm:4.0 lcom3:2.0 loc:4.0 dam:0.0 moa:0.0 mfa:0.0 cam:0.5 ic:0.0 cbm:0.0 amc:0.0 max_cc:1.0 avg_cc:1.0", "target": "0"}
{"source": "wmc:3.0 dit:3.0 noc:1.0 cbo:3.0 rfc:4.0 lcom:3.0 ca:2.0 ce:2.0 npm:3.0 lcom3:1.5 loc:13.0 dam:0.0 moa:0.0 mfa:0.964285714 cam:0.555555556 ic:1.0 cbm:4.0 amc:3.0 max_cc:1.0 avg_cc:0.6667", "target": "0"}
{"source": "wmc:3.0 dit:4.0 noc:0.0 cbo:4.0 rfc:9.0 lcom:0.0 ca:1.0 ce:4.0 npm:1.0 lcom3:0.75 loc:44.0 dam:0.5 moa:0.0 mfa:0.967741935 cam:0.555555556 ic:3.0 cbm:12.0 amc:13.0 max_cc:2.0 avg_cc:1.0", "target": "1"}
{"source": "wmc:23.0 dit:4.0 noc:0.0 cbo:3.0 rfc:26.0 lcom:253.0 ca:0.0 ce:3.0 npm:23.0 lcom3:2.0 loc:127.0 dam:0.0 moa:0.0 mfa:0.788461538 cam:0.52173913 ic:1.0 cbm:6.0 amc:4.52173913 max_cc:1.0 avg_cc:0.9565", "target": "0"}
{"source": "wmc:13.0 dit:4.0 noc:0.0 cbo:3.0 rfc:18.0 lcom:78.0 ca:0.0 ce:3.0 npm:13.0 lcom3:2.0 loc:73.0 dam:0.0 moa:0.0 mfa:0.872340426 cam:0.403846154 ic:1.0 cbm:6.0 amc:4.615384615 max_cc:1.0 avg_cc:0.9231", "target": "0"}
{"source": "wmc:6.0 dit:3.0 noc:0.0 cbo:0.0 rfc:10.0 lcom:0.0 ca:0.0 ce:0.0 npm:6.0 lcom3:0.0 loc:50.0 dam:1.0 moa:0.0 mfa:0.894736842 cam:0.555555556 ic:1.0 cbm:1.0 amc:7.166666667 max_cc:3.0 avg_cc:0.6667", "target": "0"}
{"source": "wmc:8.0 dit:1.0 noc:0.0 cbo:0.0 rfc:8.0 lcom:28.0 ca:0.0 ce:0.0 npm:8.0 lcom3:2.0 loc:8.0 dam:0.0 moa:0.0 mfa:0.0 cam:0.75 ic:0.0 cbm:0.0 amc:0.0 max_cc:1.0 avg_cc:1.0", "target": "0"}
{"source": "wmc:27.0 dit:4.0 noc:0.0 cbo:2.0 rfc:33.0 lcom:351.0 ca:0.0 ce:2.0 npm:27.0 lcom3:2.0 loc:151.0 dam:0.0 moa:0.0 mfa:0.783333333 cam:0.388888889 ic:0.0 cbm:0.0 amc:4.592592593 max_cc:1.0 avg_cc:0.963", "target": "0"}
{"source": "wmc:5.0 dit:1.0 noc:3.0 cbo:12.0 rfc:15.0 lcom:8.0 ca:7.0 ce:9.0 npm:3.0 lcom3:0.75 loc:191.0 dam:1.0 moa:0.0 mfa:0.0 cam:0.333333333 ic:0.0 cbm:0.0 amc:36.6 max_cc:1.0 avg_cc:0.6", "target": "0"}
{"source": "wmc:7.0 dit:4.0 noc:0.0 cbo:3.0 rfc:10.0 lcom:21.0 ca:0.0 ce:3.0 npm:7.0 lcom3:2.0 loc:39.0 dam:0.0 moa:0.0 mfa:0.931818182 cam:0.571428571 ic:1.0 cbm:6.0 amc:4.571428571 max_cc:1.0 avg_cc:0.8571", "target": "0"}
{"source": "wmc:2.0 dit:1.0 noc:0.0 cbo:0.0 rfc:2.0 lcom:1.0 ca:0.0 ce:0.0 npm:2.0 lcom3:2.0 loc:2.0 dam:0.0 moa:0.0 mfa:0.0 cam:0.75 ic:0.0 cbm:0.0 amc:0.0 max_cc:1.0 avg_cc:1.0", "target": "0"}
{"source": "wmc:18.0 dit:1.0 noc:0.0 cbo:0.0 rfc:18.0 lcom:153.0 ca:0.0 ce:0.0 npm:18.0 lcom3:2.0 loc:18.0 dam:0.0 moa:0.0 mfa:0.0 cam:0.5 ic:0.0 cbm:0.0 amc:0.0 max_cc:1.0 avg_cc:1.0", "target": "0"}
{"source": "wmc:7.0 dit:2.0 noc:0.0 cbo:7.0 rfc:9.0 lcom:1.0 ca:6.0 ce:1.0 npm:7.0 lcom3:0.972222222 loc:70.0 dam:0.0 moa:1.0 mfa:0.6 cam:0.314285714 ic:0.0 cbm:0.0 amc:7.285714286 max_cc:1.0 avg_cc:0.8571", "target": "0"}
{"source": "wmc:7.0 dit:4.0 noc:0.0 cbo:3.0 rfc:10.0 lcom:21.0 ca:0.0 ce:3.0 npm:7.0 lcom3:2.0 loc:39.0 dam:0.0 moa:0.0 mfa:0.931818182 cam:0.571428571 ic:1.0 cbm:6.0 amc:4.571428571 max_cc:1.0 avg_cc:0.8571", "target": "0"}
{"source": "wmc:12.0 dit:1.0 noc:0.0 cbo:7.0 rfc:18.0 lcom:0.0 ca:6.0 ce:1.0 npm:3.0 lcom3:0.054545455 loc:517.0 dam:0.0 moa:0.0 mfa:0.0 cam:0.416666667 ic:1.0 cbm:1.0 amc:41.66666667 max_cc:7.0 avg_cc:2.75", "target": "0"}
{"source": "wmc:6.0 dit:1.0 noc:0.0 cbo:8.0 rfc:12.0 lcom:3.0 ca:6.0 ce:2.0 npm:6.0 lcom3:1.0 loc:114.0 dam:0.0 moa:2.0 mfa:0.0 cam:0.5 ic:1.0 cbm:1.0 amc:13.33333333 max_cc:1.0 avg_cc:0.6667", "target": "0"}
{"source": "wmc:1.0 dit:4.0 noc:0.0 cbo:0.0 rfc:2.0 lcom:0.0 ca:0.0 ce:0.0 npm:1.0 lcom3:2.0 loc:5.0 dam:0.0 moa:0.0 mfa:1.0 cam:1.0 ic:0.0 cbm:0.0 amc:4.0 max_cc:0.0 avg_cc:0.0", "target": "0"}
{"source": "wmc:7.0 dit:4.0 noc:0.0 cbo:2.0 rfc:11.0 lcom:21.0 ca:0.0 ce:2.0 npm:7.0 lcom3:2.0 loc:43.0 dam:0.0 moa:0.0 mfa:0.94 cam:0.571428571 ic:0.0 cbm:0.0 amc:5.142857143 max_cc:1.0 avg_cc:0.8571", "target": "0"}
{"source": "wmc:17.0 dit:2.0 noc:1.0 cbo:7.0 rfc:79.0 lcom:102.0 ca:2.0 ce:5.0 npm:10.0 lcom3:0.5625 loc:1190.0 dam:0.5 moa:0.0 mfa:0.835820896 cam:0.210227273 ic:1.0 cbm:8.0 amc:68.88235294 max_cc:37.0 avg_cc:7.4706", "target": "0"}
{"source": "wmc:2.0 dit:1.0 noc:0.0 cbo:0.0 rfc:2.0 lcom:1.0 ca:0.0 ce:0.0 npm:2.0 lcom3:2.0 loc:2.0 dam:0.0 moa:0.0 mfa:0.0 cam:0.75 ic:0.0 cbm:0.0 amc:0.0 max_cc:1.0 avg_cc:1.0", "target": "0"}
{"source": "wmc:1.0 dit:4.0 noc:0.0 cbo:0.0 rfc:2.0 lcom:0.0 ca:0.0 ce:0.0 npm:1.0 lcom3:2.0 loc:24.0 dam:0.0 moa:0.0 mfa:1.0 cam:1.0 ic:0.0 cbm:0.0 amc:7.0 max_cc:0.0 avg_cc:0.0", "target": "0"}
{"source": "wmc:34.0 dit:3.0 noc:0.0 cbo:59.0 rfc:83.0 lcom:541.0 ca:55.0 ce:9.0 npm:29.0 lcom3:0.96969697 loc:1017.0 dam:0.8 moa:5.0 mfa:0.733333333 cam:0.284848485 ic:2.0 cbm:4.0 amc:28.61764706 max_cc:7.0 avg_cc:2.2059", "target": "0"}
{"source": "wmc:2.0 dit:1.0 noc:0.0 cbo:22.0 rfc:2.0 lcom:1.0 ca:22.0 ce:0.0 npm:2.0 lcom3:2.0 loc:5.0 dam:0.0 moa:0.0 mfa:0.0 cam:0.6 ic:0.0 cbm:0.0 amc:0.0 max_cc:1.0 avg_cc:1.0", "target": "0"}
{"source": "wmc:1.0 dit:1.0 noc:0.0 cbo:0.0 rfc:2.0 lcom:0.0 ca:0.0 ce:0.0 npm:1.0 lcom3:2.0 loc:132.0 dam:0.0 moa:0.0 mfa:0.0 cam:1.0 ic:0.0 cbm:0.0 amc:3.0 max_cc:0.0 avg_cc:0.0", "target": "1"}
{"source": "wmc:6.0 dit:1.0 noc:0.0 cbo:0.0 rfc:6.0 lcom:15.0 ca:0.0 ce:0.0 npm:6.0 lcom3:2.0 loc:6.0 dam:0.0 moa:0.0 mfa:0.0 cam:0.75 ic:0.0 cbm:0.0 amc:0.0 max_cc:1.0 avg_cc:1.0", "target": "0"}
{"source": "wmc:6.0 dit:1.0 noc:0.0 cbo:2.0 rfc:6.0 lcom:15.0 ca:1.0 ce:1.0 npm:6.0 lcom3:2.0 loc:6.0 dam:0.0 moa:0.0 mfa:0.0 cam:0.75 ic:0.0 cbm:0.0 amc:0.0 max_cc:1.0 avg_cc:1.0", "target": "0"}
{"source": "wmc:3.0 dit:1.0 noc:0.0 cbo:0.0 rfc:3.0 lcom:3.0 ca:0.0 ce:0.0 npm:3.0 lcom3:2.0 loc:3.0 dam:0.0 moa:0.0 mfa:0.0 cam:0.666666667 ic:0.0 cbm:0.0 amc:0.0 max_cc:1.0 avg_cc:1.0", "target": "0"}
{"source": "wmc:15.0 dit:1.0 noc:0.0 cbo:0.0 rfc:15.0 lcom:105.0 ca:0.0 ce:0.0 npm:15.0 lcom3:2.0 loc:15.0 dam:0.0 moa:0.0 mfa:0.0 cam:0.488888889 ic:0.0 cbm:0.0 amc:0.0 max_cc:1.0 avg_cc:1.0", "target": "0"}
{"source": "wmc:5.0 dit:4.0 noc:0.0 cbo:3.0 rfc:8.0 lcom:10.0 ca:0.0 ce:3.0 npm:5.0 lcom3:2.0 loc:28.0 dam:0.0 moa:0.0 mfa:0.953488372 cam:0.6 ic:1.0 cbm:4.0 amc:4.6 max_cc:1.0 avg_cc:0.8", "target": "0"}
{"source": "wmc:2.0 dit:1.0 noc:0.0 cbo:0.0 rfc:17.0 lcom:1.0 ca:0.0 ce:0.0 npm:2.0 lcom3:2.0 loc:103.0 dam:0.0 moa:0.0 mfa:0.0 cam:0.5 ic:0.0 cbm:0.0 amc:50.0 max_cc:10.0 avg_cc:5.0", "target": "0"}
{"source": "wmc:9.0 dit:4.0 noc:0.0 cbo:2.0 rfc:13.0 lcom:36.0 ca:0.0 ce:2.0 npm:9.0 lcom3:2.0 loc:52.0 dam:0.0 moa:0.0 mfa:0.921568627 cam:0.555555556 ic:1.0 cbm:1.0 amc:4.777777778 max_cc:1.0 avg_cc:0.8889", "target": "0"}
{"source": "wmc:5.0 dit:1.0 noc:0.0 cbo:0.0 rfc:5.0 lcom:10.0 ca:0.0 ce:0.0 npm:5.0 lcom3:2.0 loc:5.0 dam:0.0 moa:0.0 mfa:0.0 cam:0.7 ic:0.0 cbm:0.0 amc:0.0 max_cc:1.0 avg_cc:1.0", "target": "0"}
{"source": "wmc:14.0 dit:3.0 noc:3.0 cbo:9.0 rfc:41.0 lcom:17.0 ca:3.0 ce:6.0 npm:11.0 lcom3:0.717948718 loc:335.0 dam:0.666666667 moa:1.0 mfa:0.806451613 cam:0.480769231 ic:1.0 cbm:2.0 amc:22.71428571 max_cc:6.0 avg_cc:1.5714", "target": "0"}
{"source": "wmc:6.0 dit:1.0 noc:0.0 cbo:5.0 rfc:6.0 lcom:15.0 ca:3.0 ce:2.0 npm:6.0 lcom3:2.0 loc:6.0 dam:0.0 moa:0.0 mfa:0.0 cam:0.375 ic:0.0 cbm:0.0 amc:0.0 max_cc:1.0 avg_cc:1.0", "target": "0"}
{"source": "wmc:38.0 dit:1.0 noc:0.0 cbo:0.0 rfc:38.0 lcom:703.0 ca:0.0 ce:0.0 npm:38.0 lcom3:2.0 loc:38.0 dam:0.0 moa:0.0 mfa:0.0 cam:0.355263158 ic:0.0 cbm:0.0 amc:0.0 max_cc:1.0 avg_cc:1.0", "target": "0"}
{"source": "wmc:3.0 dit:1.0 noc:0.0 cbo:5.0 rfc:3.0 lcom:3.0 ca:5.0 ce:0.0 npm:3.0 lcom3:2.0 loc:3.0 dam:0.0 moa:0.0 mfa:0.0 cam:0.583333333 ic:0.0 cbm:0.0 amc:0.0 max_cc:1.0 avg_cc:1.0", "target": "0"}
{"source": "wmc:30.0 dit:1.0 noc:0.0 cbo:60.0 rfc:50.0 lcom:67.0 ca:57.0 ce:4.0 npm:26.0 lcom3:0.829022989 loc:2121.0 dam:0.916666667 moa:2.0 mfa:0.0 cam:0.338888889 ic:0.0 cbm:0.0 amc:68.9 max_cc:9.0 avg_cc:3.1667", "target": "0"}
{"source": "wmc:39.0 dit:2.0 noc:0.0 cbo:10.0 rfc:72.0 lcom:277.0 ca:1.0 ce:9.0 npm:2.0 lcom3:1.0 loc:804.0 dam:1.0 moa:0.0 mfa:0.571428571 cam:0.184210526 ic:1.0 cbm:12.0 amc:19.46153846 max_cc:12.0 avg_cc:1.5641", "target": "1"}
{"source": "wmc:4.0 dit:2.0 noc:0.0 cbo:1.0 rfc:9.0 lcom:6.0 ca:0.0 ce:1.0 npm:4.0 lcom3:2.0 loc:25.0 dam:0.0 moa:0.0 mfa:0.884615385 cam:0.583333333 ic:0.0 cbm:0.0 amc:5.25 max_cc:1.0 avg_cc:0.75", "target": "1"}
{"source": "wmc:3.0 dit:1.0 noc:0.0 cbo:0.0 rfc:3.0 lcom:3.0 ca:0.0 ce:0.0 npm:3.0 lcom3:2.0 loc:3.0 dam:0.0 moa:0.0 mfa:0.0 cam:1.0 ic:0.0 cbm:0.0 amc:0.0 max_cc:1.0 avg_cc:1.0", "target": "0"}
{"source": "wmc:11.0 dit:1.0 noc:1.0 cbo:1.0 rfc:18.0 lcom:15.0 ca:1.0 ce:0.0 npm:11.0 lcom3:0.5 loc:102.0 dam:1.0 moa:0.0 mfa:0.0 cam:0.431818182 ic:0.0 cbm:0.0 amc:8.090909091 max_cc:1.0 avg_cc:0.9091", "target": "0"}
{"source": "wmc:8.0 dit:1.0 noc:0.0 cbo:2.0 rfc:14.0 lcom:0.0 ca:2.0 ce:0.0 npm:7.0 lcom3:0.357142857 loc:144.0 dam:1.0 moa:0.0 mfa:0.0 cam:0.625 ic:0.0 cbm:0.0 amc:16.75 max_cc:4.0 avg_cc:1.375", "target": "0"}
{"source": "wmc:3.0 dit:3.0 noc:0.0 cbo:0.0 rfc:4.0 lcom:1.0 ca:0.0 ce:0.0 npm:2.0 lcom3:0.5 loc:481.0 dam:0.0 moa:0.0 mfa:0.974358974 cam:1.0 ic:0.0 cbm:0.0 amc:159.0 max_cc:1.0 avg_cc:0.3333", "target": "1"}
{"source": "wmc:2.0 dit:3.0 noc:0.0 cbo:0.0 rfc:4.0 lcom:1.0 ca:0.0 ce:0.0 npm:2.0 lcom3:2.0 loc:9.0 dam:0.0 moa:0.0 mfa:1.0 cam:0.75 ic:0.0 cbm:0.0 amc:3.5 max_cc:0.0 avg_cc:0.0", "target": "0"}
